,ms,theta,u,muhs,mu3,lamh,lams,lammix,muh2,mus2,Pih,Pis,lamh_tilde,th_bool,num_FOPT,Tc_0,Tmin_0,Tnuc_0,action_Tn_0,h_low_Tnuc_0,s_low_Tnuc_0,h_high_Tnuc_0,s_high_Tnuc_0,Delta_rho_Tnuc_0,Delta_p_Tnuc_0,alpha_Tnuc_0,beta_Tnuc_0,vwall_0,xi_Jouguet_0,f_peak_Tnuc_0,Omega_peak_Tnuc_0,SNR_Tnuc_0,Tp_0,volume_shrinks_0,action_Tp_0,s_low_Tp_0,h_low_Tp_0,s_high_Tp_0,h_high_Tp_0,Delta_rho_Tp_0,Delta_p_Tp_0,alpha_Tp_0,beta_Tp_0,vwall_Tp_0,xi_Jouguet_Tp_0,f_peak_Tp_0,Omega_peak_Tp_0,SNR_Tp_0,vw,Lh,dh,h0,Ls,ds,shigh,slow,Type,alpha_p,vm,vp,xi_s,Tp/TN,Tc_1,Tmin_1,Tnuc_1,action_Tn_1,h_low_Tnuc_1,s_low_Tnuc_1,h_high_Tnuc_1,s_high_Tnuc_1,Delta_rho_Tnuc_1,Delta_p_Tnuc_1,alpha_Tnuc_1,beta_Tnuc_1,vwall_1,xi_Jouguet_1,f_peak_Tnuc_1,Omega_peak_Tnuc_1,SNR_Tnuc_1,Tp_1,volume_shrinks_1,action_Tp_1,s_low_Tp_1,h_low_Tp_1,s_high_Tp_1,h_high_Tp_1,Delta_rho_Tp_1,Delta_p_Tp_1,alpha_Tp_1,beta_Tp_1,vwall_Tp_1,xi_Jouguet_Tp_1,f_peak_Tp_1,Omega_peak_Tp_1,SNR_Tp_1
0,153.9127057795057,-0.02090686889301463,118.38660686674335,-101.80045697336875,674.0283183009374,0.12910308627877057,2.761978387741221,0.8656649621856094,1840.0160566890581,-40910.957227713814,0.43512239847586254,0.8347720906329068,0.06127346186155516,True,1,116.73305179959377,99.12183707512905,105.50244786733933,15886.340812143719,210.95909882737988,114.06510350035643,1.2511040072930693e-05,4.394554597982302,47886693.54053977,14154264.34243095,0.011495126430660838,2869.737331622645,0.5436710721585737,0.6580780224666467,0.027021898474014514,1.0006717534506851e-18,1.7102321677614844e-06,104.1568751709342,True,12331.540305786639,114.32770366384287,212.56091269457878,4.245220882715681,1.8827974496749298e-06,49142287.2594409,15870115.661406547,0.012430994081846556,2183.409177403325,0.5682799882751459,0.6610128125200236,0.035218705314477114,8.93462974667585e-18,7.970195022549384e-06,0.5241689257459472,0.12688537361254798,0.0,205.9788439324332,0.12688534811582602,0.4974389928040941,4.783074431650727,113.32943573709629,Detonation,0.010232226493102922,0.5241689257459472,0.4749453298475084,0.5806520179416182,1.0356004179722362,,,,,,,,,,,,,,,,,,,,,,,,,,,,,,,,,
1,187.00623674472027,0.1888629592079408,-128.6009990971809,122.84087384237318,-869.3317232448068,0.13469247165101286,3.5414159926157462,1.0677554717498818,1196.2354659498742,-49817.26133462385,0.446337529060495,1.0633132434455836,0.05420900473911561,True,2,160.36885808235886,160.3236597394811,,,,,,,,,,,,,,,,,,,,,,,,,,,,,,,,0.6689774847524387,0.037273676187204084,0.0,186.56453515822,0.03727364459829486,0.3971004386332243,-5.982992313245008,-129.50811115764157,Detonation,0.008375449149679992,0.5773502691896258,0.4979877699873471,0.6690364592474778,1.1628154868134686,129.18292002322028,87.9005382402787,106.85273267088705,16083.335063049588,211.30012855975025,-129.2941041428195,-2.660244520125315e-05,-3.910289088504701,63748046.49442807,28413634.23749125,0.014528775601642268,1171.7330057757351,0.6676209438737096,0.6671408730902827,0.011195010680657442,1.0796609802556318e-17,0.00012327808088130748,104.39336410604963,True,13232.663876643037,-129.26091829033166,214.07281713109532,-3.6520691756952264,-2.6801750661138024e-06,66033415.204275995,31655356.19781664,0.016549830598433807,896.70423307078,0.6923755493340078,0.6725545353437135,0.01248959265327227,2.1568533269100224e-16,0.001996275357383119
2,173.55584849697,0.2481369295492702,-131.44296039311917,129.9622390731357,-679.2350740783636,0.13627583210541633,2.5630070839408052,1.0952184793624622,638.8445477024197,-41771.728080524845,0.44827350127155424,0.8232881842122783,0.019274251710571857,True,1,130.56871325750117,77.4036206461823,,,,,,,,,,,,,,,,,,,,,,,,,,,,,,,,,,,,,,,,,,,,,,,,,,,,,,,,,,,,,,,,,,,,,,,,,,,,,,
3,173.55584849697,0.2481369295492702,-131.44296039311917,129.9622390731357,-679.2350740783636,0.13627583210541633,2.5630070839408052,1.0952184793624622,638.8445477024197,-41771.728080524845,0.44827350127155424,0.8232881842122783,0.019274251710571857,True,1,130.56871325750117,77.4036206461823,,,,,,,,,,,,,,,,,,,,,,,,,,,,,,,,,,,,,,,,,,,,,,,,,,,,,,,,,,,,,,,,,,,,,,,,,,,,,,
4,180.03613115098182,0.2396689103503453,-159.7771622054161,104.36063448933129,-622.2262027025124,0.13686705496787932,2.1757876125565345,0.7514436799587262,1213.3796188537162,-40893.822779374575,0.4342451627276301,0.669187516465588,0.0719862273435286,True,1,135.85203525264558,87.11140364973492,104.11710529872019,15682.113767685803,215.20962432105495,-160.87481030830082,3.69165257145264e-06,-3.441134915171977,75554421.00372842,40691112.15649572,0.019142008484407638,844.794378430369,0.73387119071046,0.6789305916799026,0.007878584986321949,4.610367368623897e-17,0.0009473242585511125,100.53155573616073,True,12558.299317841129,-160.77031335914532,218.72732312479275,-3.0987076669847076,-7.6225970274145845e-06,78633713.72110677,45463062.66930103,0.022986222611412036,643.5194676620351,0.7603699603486731,0.6874550449117662,0.008491110296361879,9.44493060362424e-16,0.017273412433640244,0.6817756123146957,0.031176256511609213,0.0,190.06907905333802,0.03117622730050345,0.2322059958632551,-5.631442571591281,-161.54809814830298,Detonation,0.010339756736366985,0.5773502691896258,0.4886314478215151,0.6818333057595268,1.1868659017671164,,,,,,,,,,,,,,,,,,,,,,,,,,,,,,,,,
5,178.34808026563078,0.2298151835363327,-161.4845648169661,99.03877668866372,-624.3229078320826,0.13599157220409003,2.170482243934389,0.7034619550137505,1422.0010348324013,-41485.76993081956,0.4318081828063615,0.6598642201525556,0.07899286563384557,True,1,132.53101159870073,90.58965886412594,,,,,,,,,,,,,,,,,,,,,,,,,,,,,,,,,,,,,,,,,,,,,,,,,,,,,,,,,,,,,,,,,,,,,,,,,,,,,,
6,158.8227292583357,-0.01687929038960829,123.35090665595187,-126.76483943196736,503.78446110586054,0.12909660199187592,1.8474049258394483,1.0329986264540236,47.327858328298134,-33871.88377364341,0.4420913923435991,0.6340176692021994,-0.015306791564496491,True,1,116.5528910728534,63.52361848458597,95.05440855398523,14353.767163814397,221.73983988386732,121.89937069646086,-3.195861767523977e-07,3.1250335856739566,56801800.1759654,27292025.720054954,0.020892652682797403,951.630722322675,0.6931653357277422,0.6829357493131503,0.00810876057344967,4.891983363553866e-17,0.0009652775341549326,93.26464254208324,True,12545.315407433432,122.0226845966546,223.36510203211432,2.9564475175212515,-8.379248745028409e-07,58125007.1867235,29501270.85219544,0.023114316127384595,761.2569179296808,0.7124245104497786,0.6877228489815262,0.00925727662828306,5.764525840446981e-16,0.009176853903474303,0.6857192740933747,0.0391857284487366,0.0,200.21724293229082,0.03918570558985277,0.33850674877620823,5.090731996859377,119.96258738662974,Detonation,0.010962740554351084,0.5773502691896258,0.4858344285996322,0.6857734422261312,1.1943707912131494,,,,,,,,,,,,,,,,,,,,,,,,,,,,,,,,,
7,158.8227292583357,-0.01687929038960829,123.35090665595187,-126.76483943196736,503.78446110586054,0.12909660199187592,1.8474049258394483,1.0329986264540236,47.327858328298134,-33871.88377364341,0.4420913923435991,0.6340176692021994,-0.015306791564496491,True,1,116.5528910728534,63.52361848458597,95.05440855398523,14353.767163814397,221.73983988386732,121.89937069646086,-3.195861767523977e-07,3.1250335856739566,56801800.1759654,27292025.720054954,0.020892652682797403,951.630722322675,0.6931653357277422,0.6829357493131503,0.00810876057344967,4.891983363553866e-17,0.0009652775341549326,93.26464254208324,True,12545.315407433432,122.0226845966546,223.36510203211432,2.9564475175212515,-8.379248745028409e-07,58125007.1867235,29501270.85219544,0.023114316127384595,761.2569179296808,0.7124245104497786,0.6877228489815262,0.00925727662828306,5.764262381513472e-16,0.009176452425809702,0.6857200830634559,0.038634825372664966,0.0,200.20276054386096,0.03863480251065632,0.33863174679984714,5.0907664991935215,119.96255899018284,Detonation,0.01096270551419107,0.5773502691896258,0.4858345838934313,0.6857741064660738,1.1943717456055991,,,,,,,,,,,,,,,,,,,,,,,,,,,,,,,,,
8,169.56221415853167,0.2322738863819977,-148.42316823316582,104.94923589580112,-670.1852702827854,0.13480164509550122,2.40809484088689,0.7874241365950602,1267.2832861139268,-43987.48599820484,0.4347116434846216,0.7332610663208992,0.07043159201817731,True,1,122.34914131588815,88.22930449842757,,,,,,,,,,,,,,,,,,,,,,,,,,,,,,,,,,,,,,,,,,,,,,,,,,,,,,,,,,,,,,,,,,,,,,,,,,,,,,
9,161.31832859457487,-0.02272762101406221,108.12791830722985,-154.29853096656103,543.3764872767796,0.1291182999851999,1.775798277450241,1.4358554090680111,-463.7884138379977,-37723.777123449596,0.4588879406158439,0.6832588042072287,-0.16112873735145433,True,1,115.28346463568009,49.1584311025334,,,,,,,,,,,,,,,,,,,,,,,,,,,,,,,,,,,,,,,,,,,,,,,,,,,,,,,,,,,,,,,,,,,,,,,,,,,,,,
10,152.33384380767856,-0.020060394487206045,117.75879711096631,-138.0754326944863,458.1529347273637,0.1290991817711396,1.5006001361600048,1.1777557582764118,-268.27362260823065,-32984.06211176769,0.44812422939249713,0.5714426604194032,-0.10199313135213173,True,1,115.48857956870349,55.19680172620556,94.11045044816939,14215.100071344788,222.18063457691463,117.1607658123383,-2.716588381802475e-05,3.0666172200391344,55498711.132486135,26737748.20287648,0.021266971232451318,933.0300020347632,0.6940982761853629,0.6837643052742399,0.007833339933669215,5.3589199782852097e-17,0.0011056388671058933,92.06187200726342,True,12194.700823064126,117.22368243678329,224.02553111229307,2.881360067330557,-2.7642972697648654e-05,56979335.39418292,29224309.931343287,0.023898998971783738,718.2313783050257,0.7161655775640224,0.6893428900785546,0.008589482189280895,7.27619214368042e-16,0.013024879684185862,0.6865347703333875,0.03764775713074032,0.0,200.66575013123298,0.03764773496974634,0.3437214770031787,4.9535543725804425,116.20591079698966,Detonation,0.011093496236511931,0.5773502691896258,0.4852564687839229,0.6865889304054841,1.1959323514427664,,,,,,,,,,,,,,,,,,,,,,,,,,,,,,,,,
11,160.69575930181577,0.2291551095477421,-139.796466091065,115.15928800790864,-587.449757411023,0.133405199745032,2.109585482451122,0.8891664567187002,675.9330942875276,-38913.49305739479,0.43825268414787205,0.6755907800658972,0.03971179476920328,True,1,121.419217111374,77.47856517062986,,,,,,,,,,,,,,,,,,,,,,,,,,,,,,,,,,,,,,,,,,,,,,,,,,,,,,,,,,,,,,,,,,,,,,,,,,,,,,
12,154.03218126443969,-0.01701678263068581,131.13236510485422,-117.46994230381522,453.2303211055763,0.1290933904947426,1.6285227267413749,0.9000691426799354,159.47041789996547,-31300.557215630866,0.4365510581044455,0.557142205465333,0.0047284601959759615,True,1,116.80578124611519,66.13385040761749,94.63950560316808,14292.723903224714,222.2724596304529,129.46858099865045,-6.36648082026855e-06,3.1476097136020567,57707666.44833824,28292155.847471446,0.021610429208446507,931.3119516597196,0.70019058116195,0.6845164349180205,0.007878584986321949,5.648385880917237e-17,0.0011585558651159358,91.63893373800875,True,11504.605442239037,129.692253455723,224.9022094492903,2.8652560466261225,3.3993490877601855e-06,59869988.70594591,31983683.27900365,0.025590710840705244,670.3822639916909,0.7309028409860244,0.6927220736588688,0.008015894192303568,1.0892199202026706e-15,0.021873020872027204,0.6874659770042778,0.03892232475376875,0.0,200.92835230248767,0.03892230203027988,0.3376019303231904,5.157076910704816,127.35484244569298,Detonation,0.01124302790848982,0.5773502691896258,0.4845992283712469,0.6875199196200289,1.197717501735164,,,,,,,,,,,,,,,,,,,,,,,,,,,,,,,,,
13,154.99925053403666,-0.02153449869963177,131.2704937473435,-112.5865142994284,512.1815108949795,0.1291061364662334,1.8936248050528703,0.8632482632829017,484.13107151915847,-34434.36662352766,0.4350232277819811,0.6172809118103679,0.030723716401750256,True,1,115.18812210332523,73.45428785601378,,,,,,,,,,,,,,,,,,,,,,,,,,,,,,,,,,,,,,,,,,,,,,,,,,,,,,,,,,,,,,,,,,,,,,,,,,,,,,
14,154.99925053403666,-0.02153449869963177,131.2704937473435,-112.5865142994284,512.1815108949795,0.1291061364662334,1.8936248050528703,0.8632482632829017,484.13107151915847,-34434.36662352766,0.4350232277819811,0.6172809118103679,0.030723716401750256,True,1,115.18812210332523,73.45428785601378,,,,,,,,,,,,,,,,,,,,,,,,,,,,,,,,,,,,,,,,,,,,,,,,,,,,,,,,,,,,,,,,,,,,,,,,,,,,,,
15,171.8574434840535,0.16476046622032414,-115.60686841827544,139.04333231682907,-912.0790884078607,0.13215579209677306,3.672020646701352,1.2816690228070005,500.90504495406276,-53973.68432436549,0.4539822539107551,1.1316166654765047,0.02031849309501642,True,1,115.31531065863166,75.06039686016149,,,,,,,,,,,,,,,,,,,,,,,,,,,,,,,,,,,,,,,,,,,,,,,,,,,,,,,,,,,,,,,,,,,,,,,,,,,,,,
16,172.82431248454552,0.21265318178093254,-147.73952287982132,105.30384372346369,-698.4255068038582,0.13429930131279016,2.5385539505954235,0.793422859979544,1241.9444528098775,-45331.66128308009,0.434710418400953,0.7668756309787799,0.07230339271781391,True,1,121.92098344604175,87.68964303665503,,,,,,,,,,,,,,,,,,,,,,,,,,,,,,,,,,,,,,,,,,,,,,,,,,,,,,,,,,,,,,,,,,,,,,,,,,,,,,
17,172.82431248454552,0.21265318178093254,-147.73952287982132,105.30384372346369,-698.4255068038582,0.13429930131279016,2.5385539505954235,0.793422859979544,1241.9444528098775,-45331.66128308009,0.434710418400953,0.7668756309787799,0.07230339271781391,True,1,121.92098344604175,87.68964303665503,,,,,,,,,,,,,,,,,,,,,,,,,,,,,,,,,,,,,,,,,,,,,,,,,,,,,,,,,,,,,,,,,,,,,,,,,,,,,,
18,150.09120212370374,-0.01876842029451832,124.39856774476856,-129.93927320681198,422.94482566044326,0.129094084439388,1.4048970636584626,1.0487549882350449,-224.55020602655532,-30745.197130371,0.4427466486415644,0.5260167639537898,-0.06662969024124532,True,1,115.85340393317907,56.24540102966987,,,,,,,,,,,,,,,,,,,,,,,,,,,,,,,,,,,,,,,,,,,,,,,,,,,,,,,,,,,,,,,,,,,,,,,,,,,,,,
19,178.70176902681868,-0.0224546481545598,126.04575362365142,-130.06195103604838,573.8396427439783,0.12914182424513593,2.2968722426655073,1.0436439575473928,-275.43388941326884,-35481.37126250079,0.4425575589324528,0.748158720257609,0.010590094430466074,True,1,120.36223390058541,53.811073270973296,95.87303528697225,14473.58937936945,221.32584580891273,124.66539972182602,-3.4400668127576907e-06,3.0872739678662935,61904096.29545075,31572679.127874345,0.02198201292282729,762.05277286742,0.7141608258433895,0.685321629501866,0.006552517720264219,8.559317612145473e-17,0.0022706173410479953,93.64795771146765,True,12663.360268352964,124.80342911160241,223.26514684714212,2.8773186099314696,2.6438442237283035e-06,63554854.33456066,34369414.82069582,0.024851599990505686,606.1192555354892,0.7353798151233693,0.691264100385721,0.00739493680909343,1.0849173023293885e-15,0.02450092664248602,0.6887484109512632,0.035744675880895305,0.0,199.0346017197859,0.03574465348900542,0.21414871875703345,5.222263965022063,122.84954182891848,Detonation,0.01145114236312515,0.5773502691896258,0.4836909493119983,0.6888032466396474,1.20018596650325,,,,,,,,,,,,,,,,,,,,,,,,,,,,,,,,,
20,161.5804994635376,-0.017127914584601975,96.23983560207749,-138.4915420450977,513.1464164429981,0.1290994078518682,1.7208540345772476,1.4465854382099308,1196.0988746448056,-33217.262463370585,0.45932557909675803,0.6713110816793004,-0.17490799021822684,True,1,113.72976702871556,46.85966092144151,92.39274087492248,13962.802021275978,223.43804987872392,96.6067127497563,3.9330422033091244e-07,200.43846792403548,54028258.44784671,26315304.37973541,0.022329928772438164,885.8643119512553,0.6979008295090539,0.6860676985708117,0.007310245565093316,6.851271861504532e-17,0.0015641234453062272,89.99626298263401,True,11766.886370590271,96.56296353947612,225.52776746368525,200.63384147711673,-4.330262740544522e-06,55689750.74569219,29163597.074136138,0.025639688274938535,658.3163482898602,0.7236572336184882,0.6928177131882789,0.007699157812414542,1.0532730194394553e-15,0.02240748333947413,0.6891740187204702,0.037773994667344685,0.0,202.29861180848454,0.037773973343652685,0.3415446840097704,198.71173418942183,97.18185415416893,Detonation,0.01151882411279133,0.5773502691896258,0.4833971524275778,0.6892277930878415,1.2010008945968909,,,,,,,,,,,,,,,,,,,,,,,,,,,,,,,,,
21,183.4022610201866,0.1969881141979882,-156.69635530123736,106.13137240618984,-648.0721736180233,0.13475808627253238,2.320839451503289,0.7668019205105235,951.8171665612299,-41852.86674873813,0.43383060506961485,0.7080101829609095,0.07142053130747775,True,1,132.69978734753147,82.0490579457213,,,,,,,,,,,,,,,,,,,,,,,,,,,,,,,,,,,,,,,,,,,,,,,,,,,,,,,,,,,,,,,,,,,,,,,,,,,,,,
22,181.35314025128798,0.20272477476891526,-161.94727683215768,101.14779942204878,-616.3105380027083,0.13483942128288526,2.15562474902318,0.7098537790418499,1101.2446423393976,-40689.772943721764,0.4314984333469299,0.6572151504294366,0.07640016975634592,True,1,133.23364619086726,84.74505275242197,,,,,,,,,,,,,,,,,,,,,,,,,,,,,,,,,,,,,,,,,,,,,,,,,,,,,,,,,,,,,,,,,,,,,,,,,,,,,,
23,142.46489956203197,0.18072775041317524,-116.32633581255013,126.853441984008,-990.9187410883881,0.13031302173803028,3.782422296995614,1.1191972369271217,714.840510891635,-63217.05737596494,0.44629121098638874,1.1321384470700904,0.04752199810350323,True,1,95.22890295967957,81.04920433704582,82.05311019394894,12441.896845380425,231.914709386951,-114.79986621771411,1.2575220193540223e-05,-3.97130734457347,36537689.58090918,14699454.928923637,0.02459421804378947,4290.564421128058,0.6342786228727741,0.6907497815572974,0.0313868964204927,4.5524145690413695e-18,5.393499888293783e-06,81.04930207559907,True,inf,,,,,,,,,,,,,,,,,,,,,,,,,,,,,,,,,,,,,,,,,,,,,,,,,,,,,,,,,,,,
24,146.95181834980022,0.1897867253330408,-116.835315788005,127.12978533876112,-922.8092107771339,0.13082002658555936,3.5244984045237686,1.1264151479806033,764.3939646472109,-58544.67770405526,0.4468454597040483,1.0688604591277093,0.040820618161113875,True,1,101.30399801977191,81.38005337086135,,,,,,,,,,,,,,,,,,,,,,,,,,,,,,,,,,,,,,,,,,,,,,,,,,,,,,,,,,,,,,,,,,,,,,,,,,,,,,
25,183.5915868525321,0.2138391016872088,-163.57997359907796,98.80948999137043,-669.3954882629367,0.1357824615355003,2.3186250144890996,0.6970317928355593,1392.8545717903235,-44638.779070450546,0.4314357040479753,0.6958282190948681,0.08339653052170397,True,1,130.71881916363108,89.76808253500018,,,,,,,,,,,,,,,,,,,,,,,,,,,,,,,,,,,,,,,,,,,,,,,,,,,,,,,,,,,,,,,,,,,,,,,,,,,,,,
26,183.5915868525321,0.2138391016872088,-163.57997359907796,98.80948999137043,-669.3954882629367,0.1357824615355003,2.3186250144890996,0.6970317928355593,1392.8545717903235,-44638.779070450546,0.4314357040479753,0.6958282190948681,0.08339653052170397,True,1,130.71881916363108,89.76808253500018,,,,,,,,,,,,,,,,,,,,,,,,,,,,,,,,,,,,,,,,,,,,,,,,,,,,,,,,,,,,,,,,,,,,,,,,,,,,,,
27,162.21378337878133,-0.019163232456764073,127.160741707134,-121.31580519279606,550.7331956893447,0.1291064011974102,2.084956536571576,0.9605620744142728,165.17880167930343,-36120.38255415099,0.43907810227804334,0.6813328132119395,0.01847106148904988,True,1,115.36632658684142,66.03632794505812,92.33129826008452,13953.505905475151,224.35473144478186,125.61728129593916,-1.3437273191813024e-06,2.77825719663976,57408889.93855566,29232335.122982293,0.023792033300229144,880.1508280689272,0.7135791956313314,0.6891240889545165,0.007268264365922236,8.427054340667541e-17,0.0019421403863518847,89.56251636966638,True,11489.83939038364,125.81466520139543,226.64548375445685,2.5429260325698766,2.6082083426367264e-06,59299651.76308434,32572792.98254177,0.027848867328410788,651.2148301918967,0.741142005019195,0.69701286738536,0.007523816919329437,1.3551268068835951e-15,0.029667280942784032,0.6923688137460033,0.039163326719114114,0.0,203.7905802840341,0.03916330475550177,0.3552524082196201,4.649639066212355,123.58381089643702,Detonation,0.012038941503284262,0.5773502691896258,0.4811645426619577,0.6924222918498869,1.207171074209051,,,,,,,,,,,,,,,,,,,,,,,,,,,,,,,,,
28,133.32935600448434,0.15567327735521375,-110.42433503891722,135.62302559227768,-765.2314001359938,0.12949630676320992,2.665446061222074,1.2401948114144878,434.4423559553825,-51635.39339979087,0.45092441910261877,0.8730606505412665,-0.014765022760208107,True,1,102.8648201910923,74.83643861410154,85.68919813698565,12977.197471320727,228.91451875212306,-109.50763951369336,-1.3779541932816532e-06,-3.60497972162773,43572493.75492719,19917889.386271685,0.024539673812542566,1448.1771145957166,0.676107027325868,0.6906403398084754,0.011066798715414744,3.6731747616281044e-17,0.0004271826561506734,83.92935811664233,True,10458.523501490694,-109.5930288423254,230.18039954618723,-3.498443806867005,5.6449145894234235e-06,44574768.14406088,21823799.580036893,0.027339909642056803,1146.127317846816,0.6997141167148039,0.6960663025119267,0.014845191110879813,2.1024080748510356e-16,0.0013755862816107068,0.5144036902542297,0.09341615951703998,0.0,225.34972796815129,0.09341612832253868,0.9999999999999996,-3.86038336804205,-109.28413422931419,Detonation,0.02072444799683365,0.5144036902542297,0.4354018132777436,0.5842760578027065,1.054558454562197,,,,,,,,,,,,,,,,,,,,,,,,,,,,,,,,,
29,178.89082949547068,0.20140394391547986,-142.31915646437398,119.71459828907982,-703.1010425783514,0.1344727424083406,2.6146637639338577,0.9326535435240985,558.6379194793717,-44332.79328222461,0.44059841742975125,0.8091081982374808,0.05130309701774673,True,2,160.4433520197213,160.40432685123852,,,,,,,,,,,,,,,,,,,,,,,,,,,,,,,,,,,,,,,,,,,,,,125.87959485666063,74.56340665776214,,,,,,,,,,,,,,,,,,,,,,,,,,,,,,,
30,159.87509109389092,0.22957113756366204,-143.1878634976524,105.16744614184343,-755.7811873057424,0.13330828572920483,2.7070894617924472,0.7967792550747254,1189.7937785286758,-50827.51032676422,0.4343547604047928,0.809568907960566,0.07467915744606751,True,1,107.17373496176728,86.93661336403363,,,,,,,,,,,,,,,,,,,,,,,,,,,,,,,,,,,,,,,,,,,,,,,,,,,,,,,,,,,,,,,,,,,,,,,,,,,,,,
31,148.33567216754372,0.1555338029445252,-120.01802265855228,123.75089332231968,-803.6918308497055,0.13033221030483486,3.0219603745696135,1.064021460280414,710.9322890967533,-51930.523070259376,0.4440018145761782,0.9328270036891391,0.036672670833002435,True,1,104.76032689801282,79.44183403992207,,,,,,,,,,,,,,,,,,,,,,,,,,,,,,,,,,,,,,,,,,,,,,,,,,,,,,,,,,,,,,,,,,,,,,,,,,,,,,
32,149.68795136257984,-0.015983100425150446,113.73605464987473,-146.13154127871283,476.6933205157157,0.1290883376738566,1.4565034060059239,1.288687690575957,-460.6464794546773,-35259.1459526197,0.45274097118967005,0.5789071332641404,-0.15596351270184364,True,1,113.03110375435955,49.106143241532685,,,,,,,,,,,,,,,,,,,,,,,,,,,,,,,,,,,,,,,,,,,,,,,,,,,,,,,,,,,,,,,,,,,,,,,,,,,,,,
33,180.58648474551288,0.1938674196130621,-128.65748914948546,123.37316731727526,-1029.2662181188348,0.1342678732296292,4.088209994636793,1.0601719137374086,1040.0700754141426,-61683.245824154495,0.44580924826595014,1.1987478176154331,0.06553580661905045,True,1,112.60236973659407,85.10095940631034,,,,,,,,,,,,,,,,,,,,,,,,,,,,,,,,,,,,,,,,,,,,,,,,,,,,,,,,,,,,,,,,,,,,,,,,,,,,,,
34,155.55607142126243,0.1527296829209378,-110.38849720569435,137.67281502636442,-1050.6259273066769,0.13070653430082663,4.192591902363683,1.2944718741647183,612.1796078709667,-63453.98412335716,0.4537910771526868,1.263893287951707,0.03078878222610032,True,1,102.99060960623248,79.07788753485936,,,,,,,,,,,,,,,,,,,,,,,,,,,,,,,,,,,,,,,,,,,,,,,,,,,,,,,,,,,,,,,,,,,,,,,,,,,,,,
35,158.68069553134168,-0.019992587729929324,121.64085248466806,-130.9345539038106,565.3646888862463,0.12910551997819986,2.0722614279034355,1.0827644847554205,-90.7712406599303,-37916.42767829816,0.444169428765986,0.6985261044350957,-0.01233162130877083,True,1,112.79755443341539,59.6524616500314,,,,,,,,,,,,,,,,,,,,,,,,,,,,,,,,,,,,,,,,,,,,,,,,,,,,,,,,,,,,,,,,,,,,,,,,,,,,,,
36,153.8043833793607,-0.021337671407344903,111.9435861722207,-152.838749216287,511.19242521754893,0.12910416797061436,1.5759582512806563,1.3715176167530216,-690.2459019933885,-37287.95198530739,0.4562001332620933,0.622575832279001,-0.16929532508944917,True,1,112.14361015301454,40.34008825744586,,,,,,,,,,,,,,,,,,,,,,,,,,,,,,,,,,,,,,,,,,,,,,,,,,,,,,,,,,,,,,,,,,,,,,,,,,,,,,
37,153.8043833793607,-0.021337671407344903,111.9435861722207,-152.838749216287,511.19242521754893,0.12910416797061436,1.5759582512806563,1.3715176167530216,-690.2459019933885,-37287.95198530739,0.4562001332620933,0.622575832279001,-0.16929532508944917,True,1,112.14361015301454,40.34008825744586,,,,,,,,,,,,,,,,,,,,,,,,,,,,,,,,,,,,,,,,,,,,,,,,,,,,,,,,,,,,,,,,,,,,,,,,,,,,,,
38,156.5771092743364,-0.017930548054982676,127.02804544721458,-125.177152455022,523.1399039993721,0.12909761420480245,1.8933096023928795,0.9905129784530575,-84.30913518157922,-35748.68689914644,0.4403216631166888,0.6384128970070628,-0.0004527719607715086,True,1,113.01450701044324,59.58510405174034,88.28769967639172,13358.779595720127,227.51708431291382,125.81681848049809,-3.0199949316875157e-06,2.466630121331388,56779913.840707555,30879235.32234028,0.028283215668486072,760.618323523168,0.7374556443552084,0.6978116902445536,0.006010207204097383,1.8721453129388037e-16,0.005495656442618834,85.2659832876296,True,10935.762542893084,125.99018758201477,229.74904647240584,2.239068789460781,-7.652509144724785e-07,58632631.75184758,34368367.64908753,0.03370029853457974,559.4535075070082,0.765613810212839,0.7071503882753848,0.006079837139272749,2.8908866971658308e-15,0.0835788602829601,0.7015430292100362,0.03781282656842151,0.0,207.9842209934069,0.03781280634745506,0.3597749593993851,4.226732728681953,124.06283168661504,Detonation,0.01355981874127884,0.5773502691896258,0.4748707628375196,0.7015947903921012,1.2251050203639304,,,,,,,,,,,,,,,,,,,,,,,,,,,,,,,,,
39,857.2206150483063,0.22041323874362195,194.0153169251684,-606.8427920573994,147.56384622592458,0.41264539703996755,8.42523735954919,-0.0843192408597903,-94311.49700223713,191161.99223288236,0.5373108787295693,2.092256133077332,0.41243443163698357,True,1,104.22465527692559,0.0,83.93380076543961,12718.29561671428,231.15723035033474,190.7620877715937,-6.043923541880405e-05,153.05977843525136,47037830.130172014,22861840.89627278,0.028844347851049345,701.4491342511212,0.6971591942878275,0.6988317649333449,0.005264543036982457,2.309433781693311e-16,0.007796206981979517,83.92900814584732,True,12714.135446404516,190.76282072964045,231.160639137183,153.0596330528451,-6.593017514704266e-05,47039968.566070795,22866771.77318847,0.028852433736648194,700.9649845012591,0.6972185241072061,0.6988463676751913,0.00748060922489502,9.682763872434142e-16,0.021434414679274955,0.7031714899804042,0.0655891273441904,0.0,213.8045387478786,0.06558912143700353,0.26337596788396705,153.5972976133827,187.09697774034714,Detonation,0.013837901153278544,0.5773502691896258,0.4737545350584996,0.703226018276221,1.2283372931741352,,,,,,,,,,,,,,,,,,,,,,,,,,,,,,,,,
40,191.34555824968533,0.20721556078225226,-136.66784713896325,132.4689224901436,-898.7724429999378,0.13639426930089263,3.458138787035464,1.094726723198488,386.9276493386478,-54439.78150580512,0.4483122300291268,1.0469891506252806,0.049756147446313556,True,1,124.65005004038474,70.91906182988882,,,,,,,,,,,,,,,,,,,,,,,,,,,,,,,,,,,,,,,,,,,,,,,,,,,,,,,,,,,,,,,,,,,,,,,,,,,,,,
41,144.46918370324656,-0.022679575657248853,135.93826651519265,-112.04072734860908,468.2264859336607,0.12909625650732948,1.6109792101138947,0.8277417189562014,242.4825178021556,-33773.02132137304,0.4335388484555833,0.5407017556878406,0.02277018646882674,True,1,110.55554978492033,67.72230986998268,86.43127653066512,13085.471656741318,228.96565310944635,134.4971992507501,-2.6758548178449297e-06,2.4062513072399137,54676764.98868531,29848259.86619754,0.029721140788207197,872.9073830234998,0.7388531053802613,0.7003996418730742,0.006743951793266547,1.6896221167919058e-16,0.004301367302935154,83.47700487107207,True,10444.863923635985,134.6947483499439,231.0271227319564,2.1966369557749923,-3.1002317688211608e-06,56397489.3913112,33183757.145137206,0.035368785701873844,655.7451058013066,0.7670662814977853,0.7098206040413798,0.006981069489329556,2.403473118934847e-15,0.05872497371791529,0.7038090173932571,0.03993938783654105,0.0,210.34834089140114,0.03993936770322445,0.4380272083887929,4.081489426878317,132.48491387315718,Detonation,0.01394187241964002,0.5773502691896258,0.4733397470893132,0.7038606873460289,1.2295888909738273,,,,,,,,,,,,,,,,,,,,,,,,,,,,,,,,,
42,188.5115215577229,0.22521122932548304,-171.01534052929296,98.98228738601378,-699.3222852874161,0.13725561361708644,2.3353086197038344,0.6816162564112987,1359.5411661922935,-48179.50521325064,0.43152996607109084,0.6974298643278417,0.08751906947425336,True,2,129.78071986580727,88.8275951842227,,,,,,,,,,,,,,,,,,,,,,,,,,,,,,,,,,,,,,,,,,,,,,89.03130654697492,88.8275951842227,,,,,,,,,,,,,,,,,,,,,,,,,,,,,,,
43,135.80461613422702,-0.02044063304040804,113.58527196171819,-139.45716465350728,589.5351753451296,0.12908372909099217,1.8677426775874044,1.2298177669494035,-82.62495838580708,-42803.70951199088,0.45028575341379806,0.6719052972217516,-0.07336007621120255,True,1,105.50293788759147,61.10381094865482,83.59643592869591,12668.244318726003,230.33115276598622,113.17869931632534,2.359632313559953e-06,2.7006281759815396,48347403.588998035,25642537.87848468,0.030142552201909152,906.5297416137511,0.7282725231301385,0.7011422683528545,0.006782904584356633,1.645415816405368e-16,0.004167440691664842,81.22648601874357,True,10441.16273795987,113.22978521399773,231.93019231082576,2.559766152714594,-4.0132721534735095e-06,49628055.90222718,28169524.017944098,0.03482645842019197,688.78982896754,0.753400879752168,0.7089622825506885,0.0071027366554699874,2.010288530356477e-15,0.04778167508439636,0.7043433553788487,0.04167523845289719,0.0,212.7593334745578,0.04167522084787676,0.4721190602029605,4.074337997769547,112.445506498938,Detonation,0.014031519612057244,0.5773502691896258,0.4729832019148915,0.7043944284512109,1.2306469407037903,,,,,,,,,,,,,,,,,,,,,,,,,,,,,,,,,
44,195.79122844267064,0.2456824431787128,-178.5761619190117,99.83214539813956,-771.4695908031537,0.140144355237693,2.4744102608039182,0.6807800802792078,1521.9799203158163,-55169.06121791442,0.4329394962092237,0.7320659119141808,0.0933189030232339,True,1,126.8330432190667,91.31099511581436,,,,,,,,,,,,,,,,,,,,,,,,,,,,,,,,,,,,,,,,,,,,,,,,,,,,,,,,,,,,,,,,,,,,,,,,,,,,,,
45,152.3659250720153,-0.022128525043692827,121.7123224073701,-131.35717509883085,565.9208545559256,0.1291046594250408,2.004279698093518,1.0848298057987922,-126.90581925538481,-39019.04390702791,0.44425505353288025,0.6818748921565115,-0.017688189480837585,True,1,109.9318735892802,58.74864198682757,,,,,,,,,,,,,,,,,,,,,,,,,,,,,,,,,,,,,,,,,,,,,,,,,,,,,,,,,,,,,,,,,,,,,,,,,,,,,,
46,137.30607648372177,-0.01811022966811056,120.41945687985708,-134.11416832102162,494.5022998491612,0.12908276732472346,1.539416950677726,1.1156827147023436,-236.50426448443977,-37165.52016653055,0.4455296453537029,0.5708013567864888,-0.07306323336365286,True,1,107.5506806250061,56.012602529726045,,,,,,,,,,,,,,,,,,,,,,,,,,,,,,,,,,,,,,,,,,,,,,,,,,,,,,,,,,,,,,,,,,,,,,,,,,,,,,
47,128.9891176395453,-0.01977198998402259,117.48409603793637,-135.33938298564487,530.6180682408916,0.12907729032346393,1.5962189151119457,1.1526574859468588,-121.49253423430764,-40286.83326925467,0.4470675223215946,0.5911643097691296,-0.07901122236906899,True,1,104.42853768482642,59.81800636280365,81.92684013967938,12422.031999813289,231.44249329015287,117.15019896974499,2.8120133702039235e-07,2.6010528053609154,47884037.4457977,26095305.040063992,0.032436440757373494,873.8208500189423,0.7382200017993197,0.7050673023004492,0.006403290449305502,2.1990731651390074e-16,0.00598497823874574,79.59144810113496,True,10284.493162419029,117.19146720061163,232.9412986621783,2.4675552965387633,1.565380884712041e-05,49087144.348277315,28532391.883467004,0.03745351523382659,673.233755466945,0.7624040704125493,0.713038367225717,0.006782904584356633,2.4494177236151143e-15,0.0621552438693714,0.7087105500078988,0.041796143158789205,0.0,214.43387377682652,0.0417961260695514,0.477526588265372,3.943868613870481,116.54367237293171,Detonation,0.014774256803315938,0.5773502691896258,0.4700670344911223,0.7087609757235911,1.2393594000966772,,,,,,,,,,,,,,,,,,,,,,,,,,,,,,,,,
48,151.16165559726886,-0.020542756053892046,131.81323498110814,-123.00778882966308,469.6778098697163,0.12909916427405851,1.6251745642710396,0.9377554374164301,-242.15776917644507,-33534.64732952519,0.43812420727479073,0.5625862139704982,-0.006176343929351347,True,1,112.10375606507571,54.923136194974624,85.39834899027363,12933.025811061507,229.64431623502054,130.76801572835967,5.707153392356528e-06,2.2691199345173505,57377680.60062024,33059706.633584067,0.032769409860657815,670.7797384673244,0.7590633160572225,0.7056213556351488,0.005115103517401098,3.6938237470007214e-16,0.012781152024350428,82.18940991879602,True,10669.221392858135,130.9282394065108,231.81767000108476,2.04244355829827,-3.7223719085369743e-06,59193215.10668917,36644184.389172435,0.03957310712151141,491.72854601436893,0.7868040108583754,0.7161854449662326,0.005085728556241093,5.326527732603756e-15,0.1853322198085447,0.7104759516622697,0.03737067762452264,0.0,210.92525463362168,0.037370658562954816,0.34684443256388114,3.990238925646657,129.18912692185674,Detonation,0.015079645514885776,0.5773502691896258,0.4688868569725347,0.7105282502648211,1.2429148891471744,,,,,,,,,,,,,,,,,,,,,,,,,,,,,,,,,
49,151.16165559726886,-0.020542756053892046,131.81323498110814,-123.00778882966308,469.6778098697163,0.12909916427405851,1.6251745642710396,0.9377554374164301,-242.15776917644507,-33534.64732952519,0.43812420727479073,0.5625862139704982,-0.006176343929351347,True,1,112.10375606507571,54.923136194974624,85.39834899027363,12933.025811061507,229.64431623502054,130.76801572835967,5.707153392356528e-06,2.2691199345173505,57377680.60062024,33059706.633584067,0.032769409860657815,670.7797384673244,0.7590633160572225,0.7056213556351488,0.005115103517401098,3.6938237470007214e-16,0.012781152024350428,82.18940991879602,True,10669.221392858135,130.9282394065108,231.81767000108476,2.04244355829827,-3.7223719085369743e-06,59193215.10668917,36644184.389172435,0.03957310712151141,491.72854601436893,0.7868040108583754,0.7161854449662326,0.005085728556241093,5.3249814488761995e-15,0.1852805099019062,0.7104847700695933,0.037371050376587236,0.0,210.9241211606784,0.03737103131477989,0.3468503669454765,3.9902915803870806,129.18899215299,Detonation,0.015079095882066426,0.5773502691896258,0.4688889715060995,0.7105355955398545,1.2429262150496443,,,,,,,,,,,,,,,,,,,,,,,,,,,,,,,,,
50,632.5010936500188,-0.14017154949287572,-195.39090328434867,1006.1592837148196,-694.6109032972536,0.19097004992499456,4.874698600882241,4.043968709073082,-107824.3084818762,16879.043680939125,0.5984852030859525,1.892669435066074,-0.6477322093799426,True,1,106.08373398957153,0.0,83.36738242552313,12634.35742381006,231.43922297632943,-193.32045189809696,-3.5396067327897352e-06,-154.82354996309184,51334839.216781646,26863104.160500407,0.03236827220964002,557.9828442454234,0.7233891573238485,0.704953398143342,0.004157281232232297,4.979443601512601e-16,0.020233530768637882,82.40937498374056,True,12061.388131781667,-193.4121342667001,232.07898429930418,-154.78911915989107,3.971509975793216e-06,51734210.46268594,27863701.12702173,0.03420842536631511,494.87840267615996,0.7338891867889432,0.7079729459469809,0.005144648147141248,2.8816840289564964e-15,0.09965174233988165,0.7112700173438036,0.03677141852287042,0.0,213.7825720960713,0.03677140770132279,0.07471507574894568,-155.42218927587982,-190.8363326432804,Detonation,0.015213489484147838,0.5773502691896258,0.4683729440777701,0.7113203703424668,1.244506622512663,,,,,,,,,,,,,,,,,,,,,,,,,,,,,,,,,
51,892.4840403229259,0.2222712351440688,194.45957946687776,-584.0635200133602,142.2865328119443,0.4421005378364586,9.19250545851568,-0.5036001064111214,-96300.7701331221,213650.17126647284,0.5345684130631762,2.2141930135603998,0.43520325971348633,True,1,103.47664302353111,0.0,81.07158121025948,12296.021790164983,233.0848447740729,191.5979760893373,-7.638653414591403e-06,153.45946508651616,46995651.3393569,24526561.289192915,0.033239259369346214,572.2949049627899,0.7224195576475796,0.7063967350709409,0.004157281232232297,5.163629293676852e-16,0.021019239936304644,80.70284140940733,True,12033.720825672008,191.6478628217901,233.31470336526905,153.4480877712223,-7.897137024516942e-06,47138356.34173286,24885349.686651587,0.0339715533463171,545.5548590923094,0.7265820362719528,0.7075905378687397,0.006477474364061423,4.699241964351354e-15,0.1262045139002507,0.608490487362593,0.09709280932880364,0.0,226.38606491076573,0.09866122901960216,0.2356244178673305,153.74196575374305,190.17695800438446,Detonation,0.022326658918764786,0.5773502691896258,0.4434222361994149,0.634280178429603,1.1346544323061671,,,,,,,,,,,,,,,,,,,,,,,,,,,,,,,,,
52,167.99087059550266,0.2540189520512749,-141.07899207992648,128.2629749166516,-658.160015096371,0.13562375233689913,2.3294010192830408,0.9972060272302149,49.38296535225163,-43821.30959027869,0.4438636092151187,0.7485512593591294,0.028898906280729553,True,2,159.68767459964963,159.6188310183444,,,,,,,,,,,,,,,,,,,,,,,,,,,,,,,,0.7133810586010478,0.031470687978535895,0.0,209.34526716677271,0.03147066825015412,0.3741229152463458,-3.9476715628283214,-142.11358055970018,Detonation,0.01557947820146181,0.5773502691896258,0.4669777686962701,0.7134326406096848,1.2487805825483091,120.05621812416362,62.83306136356248,87.64696334284291,13263.498297927235,228.96874757090677,-141.6426913722991,3.367459775794467e-06,-2.2562795965727758,66791917.77681801,41088636.39516698,0.03428152982146681,595.0343707661987,0.7843301460151488,0.7080906022949095,0.004664814917214973,5.269002224211465e-16,0.019743953141614486,83.72810071356042,True,10688.165320348638,-141.5700227379872,231.6099925865281,-2.0031427607024206,-1.2386017674488775e-06,69096246.29038577,45580498.47719604,0.04280065648147707,437.5595472650865,0.8121987334130367,0.7207587934858404,0.004611390663760445,8.347024773282085e-15,0.3162405288223742
53,614.2037792058597,-0.13708440263706706,-202.3173859340274,1050.6239061041374,-688.1200948446235,0.18477661030532794,4.30379091731438,4.2102079973864885,-115192.55122502518,7161.354628936824,0.6023151202891778,1.777649062226343,-0.8448883828257918,True,1,105.81899735339907,0.0,26.8342782641248,4111.83614201562,,,,,,,,,,,,,,,,,,,,,,,,,,,,,,,,,,,,,,,,,,,,,,,,,,,,,,,,,,,,,,,,,,,,,,,,,,,,
54,626.6868110175568,-0.14437600164824255,-194.20076162475792,968.1790993224139,-699.3383994247482,0.19346254747453207,4.900673832335913,3.862537373278795,-103458.75121077677,14979.146173912624,0.5921718128692927,1.8689246869637777,-0.5676162077333103,True,1,105.65723455834032,0.0,82.00882266567355,12433.887206704127,232.33670949354078,-192.20282756425092,2.671996315605277e-05,-152.51653977363276,51454113.80606899,27809648.980874956,0.03471172450974758,511.61713434743064,0.7351698741647181,0.7087795288483861,0.0037478904963946773,7.21611781868484e-16,0.030966611684156754,77.69256884116442,True,10159.806832670185,-192.5833907805171,234.9346584557694,-152.3568739051787,1.4602053147537029e-06,53071267.52568138,32118253.26820165,0.04472496529762934,301.8786378514883,0.777940226681506,0.7233706510322475,0.002942621252031906,1.8866844545031014e-14,0.8614319358806433,0.7157316820207843,0.03641624325583239,0.0,215.26471798273712,0.03641623290546588,0.06968246523125103,-153.1341219704167,-189.74410698551108,Detonation,0.016024614424011714,0.5773502691896258,0.4653002053892368,0.7158090257905303,1.2536726210581484,,,,,,,,,,,,,,,,,,,,,,,,,,,,,,,,,
55,151.20952027952413,-0.018640940046159737,127.12898693281984,-122.51421393238495,601.6126319914765,0.1290947795651905,2.1698460459689595,0.9679972163960694,72.17856436188504,-41283.596997419154,0.4393820890445083,0.7037943808915847,0.021135667363280014,True,1,106.51251924392679,63.739808985548464,80.98088655715497,12281.966993434517,232.55881159699453,126.02603238628768,1.3858368592474233e-06,2.1038948941268036,52105104.50593296,30426819.099829853,0.03702324563435062,775.4983522931698,0.7641667563204879,0.712384540802484,0.005608857898557286,4.0855928080757097e-16,0.012904470736910315,78.24670474477543,True,10051.520971327673,126.17698160654288,234.19371589155514,1.9499770566888983,-3.7498278885032066e-06,53473082.59385346,33291570.20607224,0.043763934759154355,602.8101323578068,0.7890409249306269,0.7220764410886136,0.005907254650186182,4.485890634663739e-15,0.13445222931982334,0.7165020313755702,0.040889066574109095,0.0,215.61828585952333,0.040889047952409566,0.4738332279055842,3.532728381019953,124.26585670227271,Detonation,0.016117797168879046,0.5773502691896258,0.4649516424339213,0.7165514704446938,1.2551207266089557,,,,,,,,,,,,,,,,,,,,,,,,,,,,,,,,,
56,151.20952027952413,-0.018640940046159737,127.12898693281984,-122.51421393238495,601.6126319914765,0.1290947795651905,2.1698460459689595,0.9679972163960694,72.17856436188504,-41283.596997419154,0.4393820890445083,0.7037943808915847,0.021135667363280014,True,1,106.51251924392679,63.739808985548464,80.98088655715497,12281.966993434517,232.55881159699453,126.02603238628768,1.3858368592474233e-06,2.1038948941268036,52105104.50593296,30426819.099829853,0.03702324563435062,775.4983522931698,0.7641667563204879,0.712384540802484,0.005608857898557286,4.0855928080757097e-16,0.012904470736910315,78.246644345883,True,10051.507078504032,126.17799704549121,234.20488373080465,1.9489214150858925,-1.6475173073297085e-06,53474736.86660072,33291633.09873882,0.043765427707854944,600.5687482466558,0.7890294654066239,0.7220784672237439,0.00587333053206791,4.5429312542911284e-15,0.13669424773774444,0.7163312498098194,0.04129189174870703,0.0,215.6460019326198,0.04129187313232832,0.4736308386580671,3.5310892693235023,124.26830060620043,Detonation,0.016129313326478642,0.5773502691896258,0.4649086263406837,0.7164087794767947,1.2548966308979386,,,,,,,,,,,,,,,,,,,,,,,,,,,,,,,,,
57,923.6751541220362,0.2190803090319238,195.93813854826976,-596.9649571970459,139.3071089395437,0.45539189972837196,9.74916616962705,-0.6363644112370127,-101580.45051828149,235368.5359844298,0.5356822479747206,2.331230807200594,0.4450074305121569,True,1,102.87945342313195,0.0,78.91488436986917,11977.556221104705,234.37611874105238,193.39451051990227,8.145730816629673e-06,155.72679846848308,46823179.30881071,25637970.727140903,0.03700340942739319,492.6331534196977,0.7399653336597372,0.7123542720508975,0.0034775279986558978,9.402896213343665e-16,0.0415654073484516,76.44165174877153,True,10549.45526133195,193.68893358228883,235.75145067091077,155.65196399419614,3.4897023860248958e-06,47652924.62292707,27904302.111240625,0.04293452284587792,365.1704794987608,0.7652279119077845,0.7209431547849902,0.003497614058846425,1.1660609236099425e-14,0.5144260843152918,0.7143107522960708,0.03481797953612273,0.0,219.82043472344657,0.029875107435111445,0.3316197382628586,156.29540978678293,190.36501661671696,Detonation,0.01693669992431181,0.5773502691896258,0.4619257258445194,0.7151676998673357,1.2542001204580866,,,,,,,,,,,,,,,,,,,,,,,,,,,,,,,,,
58,146.18478282331378,-0.024711195904854728,132.21920134000592,-122.1255011395867,483.64433846945167,0.12910291494818496,1.6394088107498472,0.9280016370701408,-210.21144022304088,-35155.456326105,0.43771967426409186,0.564519142199152,-0.0022229375112397254,True,1,108.91424064324323,55.868072338326314,81.32601545167317,12332.575485971673,232.3292124551325,131.2889721500939,2.0080922941141255e-06,2.0340752206414088,55223231.88442221,33278280.23396103,0.03855808219624152,642.5078981421158,0.7762820202780971,0.7146933780125279,0.004691758698326464,6.5429242291744e-16,0.024487371847550343,78.5900698008964,True,10357.147755525068,131.41545229132765,233.98345320664038,1.8671575345873488,5.223550278935056e-06,56608766.45391892,36171796.162699446,0.04550283822465118,503.94651271426306,0.799361434472099,0.7244037681512993,0.004941364871334932,6.788610983694751e-15,0.24309445432680815,0.7194520834438781,0.03956948008114301,0.0,214.9824230951574,0.039569461938516924,0.3957843988369328,3.5876156660246887,129.7870606555344,Detonation,0.016755545250438736,0.5773502691896258,0.4625894627590401,0.7195832491736349,1.261532114851428,,,,,,,,,,,,,,,,,,,,,,,,,,,,,,,,,
59,944.4498239300676,0.2274728188114952,207.11729024479786,-606.6985313714285,148.05219135262726,0.49671251876537015,9.19986556725739,-0.846563080647745,-113707.55496494874,249553.29783744676,0.5475842796011059,2.1588725450397233,0.4772375317594065,True,1,101.90464484468971,0.0,78.26513201805896,11881.576861441039,234.7509893663358,204.55691083347824,4.297638252967405e-05,166.6867964562951,46252941.03166914,25454698.02829337,0.037818090046344816,514.7227026892986,0.7418469204689546,0.7135883156425487,0.0035997980640883327,9.28116575453389e-16,0.040510898986942864,77.07069345855388,True,11122.73683948629,204.70498309852508,235.41680373448023,166.65733902949648,4.5894154709977866e-05,46673017.311835766,26566963.496712685,0.04065654890739541,444.0644891888959,0.7544631291286221,0.717748911834336,0.004254165753995829,5.432027497754185e-15,0.21770685494252504,0.7201592948705456,0.034644874801565334,0.0,219.75180271369427,0.02962255393883811,0.3539045803056525,167.17019370767764,201.3093164158565,Detonation,0.01675929100575191,0.5773502691896258,0.4625757067374143,0.7202106025684452,1.2626307977660427,,,,,,,,,,,,,,,,,,,,,,,,,,,,,,,,,
60,944.4498239300676,0.2274728188114952,207.11729024479786,-606.6985313714285,148.05219135262726,0.49671251876537015,9.19986556725739,-0.846563080647745,-113707.55496494874,249553.29783744676,0.5475842796011059,2.1588725450397233,0.4772375317594065,True,1,101.90464484468971,0.0,78.26513201805896,11881.576861441039,234.7509893663358,204.55691083347824,4.297638252967405e-05,166.6867964562951,46252941.03166914,25454698.02829337,0.037818090046344816,514.7227026892986,0.7418469204689546,0.7135883156425487,0.0035997980640883327,9.28116575453389e-16,0.040510898986942864,77.07069345855388,True,11122.73683948629,204.70498309852508,235.41680373448023,166.65733902949648,4.5894154709977866e-05,46673017.311835766,26566963.496712685,0.04065654890739541,444.0644891888959,0.7544631291286221,0.717748911834336,0.004254165753995829,5.432163548258257e-15,0.21771184182009895,0.7201569076922241,0.03464480839743097,0.0,219.7520747649076,0.029622496161748037,0.35390422274086925,167.17018973470203,201.30937559903526,Detonation,0.01675945965615089,0.5773502691896258,0.4625750874125593,0.7202086038755359,1.2626276212914465,,,,,,,,,,,,,,,,,,,,,,,,,,,,,,,,,
61,139.93324750687805,-0.018531528394615592,127.05890329761215,-129.15150887696902,472.32917506257934,0.1290852384616762,1.5110049896110418,1.0187994398876739,-361.68843301182824,-35549.40359124332,0.44149407780490135,0.5475511540507061,-0.04264687126858757,True,1,107.3079719373814,51.64328373092714,80.3259787790915,12185.12806840955,232.7779129606291,126.37459597435188,2.9311938944888414e-06,2.0713382283345405,53243876.8398907,31992930.377111822,0.03911781772410338,637.3034068066423,0.7751614659333624,0.7155195132951784,0.004584908419328686,6.938617805456315e-16,0.026385906898714277,77.30519123206946,True,10048.86075008095,126.47918730759324,234.56417978221148,1.8957633572596784,-3.2088600325050313e-06,54721762.582728334,35115741.97267878,0.04707524930218924,481.9313295412178,0.8010707711843069,0.7264541379569383,0.004638025868558258,8.126755754807144e-15,0.30653286012996667,0.7209454560383266,0.039091037372166,0.0,215.7254051817164,0.0390910196243156,0.4123630060767929,3.55174040241003,125.19881694081829,Detonation,0.016895927585181034,0.5773502691896258,0.4620748392634337,0.72099594805007,1.2642485409152555,,,,,,,,,,,,,,,,,,,,,,,,,,,,,,,,,
62,865.8404900868901,0.2332084161972094,197.9577149748221,-573.4828809621248,144.58388801889228,0.45245171478307106,8.310081816527683,-0.4893908583018459,-95689.19602263498,194395.81712892163,0.5403360535410355,1.995955311081613,0.445246508580616,True,1,101.99485541081329,0.0,,,,,,,,,,,,,,,,,,,,,,,,,,,,,,,,,,,,,,,,,,,,,,,,,,,,,,,,,,,,,,,,,,,,,,,,,,,,,,
63,136.33150718219983,-0.0182801710706704,127.76748068499737,-125.14384657158001,523.353383025155,0.129082195795789,1.7081032680393033,0.981172978908436,-156.47555428454234,-38931.814490408055,0.4399247872644895,0.5905546468278985,-0.011819767298795775,True,1,103.45390334526708,57.914050929044905,77.00480398542163,11694.739967918427,234.73667893663736,126.95298956640079,8.43758548130652e-07,2.0584171359334387,49720032.18620554,30378728.686124235,0.043463521859772446,703.2042631916352,0.7816621755253401,0.7216677378066327,0.00485672117835805,7.918451054670737e-16,0.028780126595071783,73.98977957643996,True,9409.170400797617,127.07924112670113,236.33725409627505,1.907936377324336,-7.605555601472204e-07,51047422.053779654,33325552.059584916,0.05261081947271207,539.6177953579299,0.8079821546686272,0.7333003685196262,0.004941364871334932,8.705975420959243e-15,0.3120224933103366,0.7263866776942912,0.041879941663380736,0.0,218.9150730397823,0.041879924270438136,0.4908532819236762,3.383704342131905,125.5176191906056,Detonation,0.017851438031846363,0.5773502691896258,0.4586207819958277,0.7264346835723087,1.2755480710825862,,,,,,,,,,,,,,,,,,,,,,,,,,,,,,,,,
64,795.8982029157905,-0.22024054034815402,-213.60014114875545,707.3651313736183,-626.2077909239432,0.37229871445191726,6.984761873482708,0.8071137696416754,-110114.32275423153,109016.83497494448,0.554280579539772,1.880709429977623,0.34898250665039127,True,1,101.08220777758575,0.0,,,,,,,,,,,,,,,,,,,,,,,,,,,,,,,,,,,,,,,,,,,,,,,,,,,,,,,,,,,,,,,,,,,,,,,,,,,,,,
65,660.2870539069622,-0.14157334438415034,-194.8314022761879,1052.9262422135466,-619.1723805000079,0.19810528422316714,5.06405223444488,4.180220040308085,-113795.99371034394,34495.24109302896,0.6077299590364973,1.9627163986625673,-0.6645556233073833,True,1,104.1527672170004,0.0,,,,,,,,,,,,,,,,,,,,,,,,,,,,,,,,,,,,,,,,,,,,,,,,,,,,,,,,,,,,,,,,,,,,,,,,,,,,,,
66,844.1029868054995,0.2387490013630454,196.22491120235802,-552.7132206606296,151.2718138209181,0.45055600918058764,8.023185166626414,-0.4977482387070621,-90728.60525212843,178790.4367010438,0.539039976556243,1.922838251872093,0.44283609171668104,True,1,101.33736836214386,0.0,,,,,,,,,,,,,,,,,,,,,,,,,,,,,,,,,,,,,,,,,,,,,,,,,,,,,,,,,,,,,,,,,,,,,,,,,,,,,,
67,793.1190693909657,-0.23473808440478586,-226.2671380292172,704.8835194851732,-586.1217450274268,0.40279403166021127,6.192376813776837,0.6244737344920742,-119091.30794561631,108920.7478433221,0.5619182366793523,1.6521731591928883,0.38705018011507936,True,1,99.75547143814683,0.0,73.8264398404938,11225.01051826528,237.0061407695735,-224.13948094285644,2.3815303443301636e-06,-182.49609342411338,46399491.9338243,28132074.78058803,0.048258539221993135,418.95785121535414,0.7786535519202783,0.7279648590270986,0.002777933601265089,2.819093659984642e-15,0.1287825240659252,69.9408377436257,True,9330.471229102064,-224.54698874043078,238.76984895861517,-182.42003606712427,-2.0348708194605534e-05,47613807.03265536,31532809.32911551,0.06189936467066216,268.2035004849615,0.8137947403147068,0.743679355489142,0.0022839118596167853,4.8874789035904556e-14,2.154128758737104,0.7359450272931527,0.04947228480228304,0.0,223.29417610816543,0.04947227970307564,0.2590827766678485,-182.89841959185662,-221.03734012986016,Detonation,0.019811503119018543,0.5773502691896258,0.4517800838867129,0.7361429195693705,1.2965187681982742,,,,,,,,,,,,,,,,,,,,,,,,,,,,,,,,,
68,145.0297206600789,-0.01838857487174986,91.7955182644248,-118.70236525167178,514.8871068402125,0.12908911764979303,1.7270293539405173,1.2974986497818928,2394.95189146107,-32578.87001215144,0.45310848447788554,0.6480071134487781,-0.11461009081250542,True,1,104.45422064397933,34.05174810040275,,,,,,,,,,,,,,,,,,,,,,,,,,,,,,,,,,,,,,,,,,,,,,,,,,,,,,,,,,,,,,,,,,,,,,,,,,,,,,
69,389.9043546096389,0.2539336502864837,150.55111629899474,-303.55481713757234,169.2832506401975,0.20006839811167143,2.377970990795193,1.1216276909056202,-20862.278711268584,1297.699830657908,0.48127016808898004,0.7814306961830683,0.0678076722790171,True,1,107.04447739329403,0.0,,,,,,,,,,,,,,,,,,,,,,,,,,,,,,,,,,,,,,,,,,,,,,,,,,,,,,,,,,,,,,,,,,,,,,,,,,,,,,
70,420.7022007925202,0.2094995745708282,294.70702345170895,-913.7838516507112,69.17582306562275,0.1866375464245341,0.5551179014160443,2.64830487183949,-142979.99715379166,14117.2498303373,0.5381662914509893,0.5801636206605927,-2.9719341175040057,True,1,101.84891307959268,0.0,,,,,,,,,,,,,,,,,,,,,,,,,,,,,,,,,,,,,,,,,,,,,,,,,,,,,,,,,,,,,,,,,,,,,,,,,,,,,,
71,164.40827295779337,0.2431190085990827,-159.37761554737497,109.1331152748512,-623.7210110680361,0.1345153454699505,2.06731918313185,0.7525243582843792,317.71666943752643,-44840.54233832577,0.43311433624223455,0.6422505221636924,0.0660337928350278,True,1,111.09990198068533,68.44833410115785,74.01016611411463,11249.748628504469,237.06992149103309,-159.415634518627,2.0918865987204317e-06,-1.4353005705410404,62310152.51832812,44277319.25561222,0.06414554707029421,722.5023170477692,0.8429683176759298,0.7460110667738484,0.004801099099498492,2.3369843726330157e-15,0.08553761383741539,70.73710018921236,True,8324.666635897225,-159.41981776306113,238.50714437738617,-1.3083741757807557,-1.4037604218361743e-05,63610876.446197934,47364399.0258925,0.07892368459481672,812.6307225270787,0.8628997156767669,0.7599514442404511,0.006940978678966341,1.050792829172508e-14,0.25822963301101254,0.7476757247566811,0.03287561340611208,0.0,221.12239469659264,0.032875597836307946,0.4641852159456071,-2.7285069943296376,-159.3047564960984,Detonation,0.022503834963448228,0.5773502691896258,0.4428494070050481,0.7481657264564333,1.3236026677082409,,,,,,,,,,,,,,,,,,,,,,,,,,,,,,,,,
72,147.31616966532047,0.1821854443234589,-138.03473212967975,120.16276641966743,-632.8016495198768,0.13071352472639086,2.1641253747026568,0.9022699057103483,-67.76897635507339,-45152.17247802231,0.43745282367987015,0.6914096612940556,0.036669645352903305,True,1,101.24049372018509,59.95757008042892,,,,,,,,,,,,,,,,,,,,,,,,,,,,,,,,,,,,,,,,,,,,,,,,,,,,,,,,,,,,,,,,,,,,,,,,,,,,,,
73,645.1202717592805,-0.13751641890882482,-187.2560687122892,1008.7600542063626,-672.6811270101992,0.19116122902737162,5.2951932953096685,4.207340669540016,-103544.4574272575,23957.383026455413,0.6053879576565967,2.025021768750753,-0.6445833095735659,True,1,104.02768719626104,0.0,,,,,,,,,,,,,,,,,,,,,,,,,,,,,,,,,,,,,,,,,,,,,,,,,,,,,,,,,,,,,,,,,,,,,,,,,,,,,,
74,137.47629866570256,-0.021794542058757138,127.03248405689,-133.25008012773543,537.3549244485126,0.12908683697162465,1.7155682457797667,1.0512105545898465,-620.7375297844519,-40508.30898233726,0.44284534017246613,0.6040938205432494,-0.031944884267017165,True,1,100.72810552022177,42.84234993291392,67.47667014605834,10282.422273240407,239.24618547932977,126.63768239943437,-6.404342517992343e-07,1.6438453028345952,49932910.53370306,35662301.83275778,0.07527562764748989,420.37007289920155,0.8451061166660748,0.7567145184787116,0.0025480215782086265,1.0318486335006081e-14,0.46744451159588785,63.583456820276965,True,8331.911721689194,126.72528286382791,240.69205562757458,1.5072222160574187,1.3175691466284785e-06,51141988.00415909,38802482.50449556,0.09855419165950567,316.08234401623787,0.8710457234947641,0.7755370728705621,0.0024332856590650693,1.2884695181709498e-13,5.7787918056589165,0.7471917056556422,0.039962539329671684,0.0,227.1543396882493,0.03996252431308885,0.4401039217753738,2.6582981968887345,125.83423184541012,Detonation,0.027540823430661783,0.5773502691896258,0.4273101574703461,0.7502787319456939,1.3349451740209777,,,,,,,,,,,,,,,,,,,,,,,,,,,,,,,,,
75,141.5569439021636,-0.02149088204795489,132.02487263052046,-125.20643378805148,569.418414511768,0.12909082177283687,1.9067576533604762,0.9512570849298448,-415.1204292210896,-41853.56922482309,0.43868260467057213,0.6352322608284265,0.01044831363415906,True,1,99.39401101591135,49.78310162225517,65.64617680747277,10010.473124012482,240.03057307055875,131.52874989559473,2.1961652160577815e-07,1.5467291711686029,49059028.15697924,35675828.11099985,0.08285668826605168,464.34769294443765,0.8527614532525002,0.7633097337218497,0.0027461190423967085,1.1243285719103114e-14,0.5134142054461456,62.22850362696998,True,8082.448192074953,131.62927669950838,241.210759332484,1.4362405567149281,1.5647008677941763e-06,50056272.6306978,38339918.591758534,0.10544518967337069,381.8566952174119,0.8751778943572402,0.7803953185536879,0.002810116740715871,8.981094988151442e-14,4.104273992613191,0.7644818987511499,0.04112874809374098,0.0,227.37569593145446,0.04112873286968037,0.480352792372678,2.606668968600082,130.36803502948507,Detonation,0.027031773496062023,0.5773502691896258,0.4288209058264675,0.7655859567002684,1.3652953405493222,,,,,,,,,,,,,,,,,,,,,,,,,,,,,,,,,
76,765.8794815133722,-0.234150088720994,-215.6702443901315,676.857320418416,-566.9732163010548,0.38259238361723824,6.2669879326932145,0.7117645249786085,-106233.97609629121,95676.98855969222,0.555454528928138,1.6853744040030718,0.3623829646563695,True,1,98.56832367846606,0.0,66.02158976783545,10066.82667008018,240.2932896199765,-214.30619028503145,3.095139664447552e-06,-170.15772558617982,47046579.73899901,33090862.642123103,0.07760653828538577,216.17798417095983,0.8386678917970708,0.7587967535697046,0.0012839682278801832,3.8151123926174843e-14,1.1016364997767982,61.872520671776115,True,8711.887288428405,-214.6201031359379,241.65375870007585,-170.0701012202545,-8.35953850685471e-06,47930838.09629488,36102397.00644064,0.10338976005985624,129.9070620251276,0.8678816527924629,0.7789751941565707,0.000930002770054118,5.080322317989636e-13,9.847256092138888,0.780766747225015,0.041805795846341816,0.0,229.21481650040718,0.04180579107803618,0.2294746556152395,-170.63047240633387,-211.81004992234216,Detonation,0.027766213631403417,0.5773502691896258,0.4266451300297221,0.7808084422396647,1.3992231087162352,,,,,,,,,,,,,,,,,,,,,,,,,,,,,,,,,
77,765.6164434112056,-0.21778990579223506,-207.47339340486545,716.5951793059123,-607.00942653177,0.34879107564946055,6.746305739419068,1.0975737420621532,-103910.01227664041,93043.72370291711,0.5546292589893969,1.8695053918651259,0.3041493055535186,True,1,99.18522177416432,0.0,65.7106412080412,10020.45258372112,240.37679142869695,-206.22371975586415,5.86085916311313e-06,-163.53955904046552,47425375.567507744,33634239.367853045,0.07977304111098577,191.99025209365743,0.84214217166866,0.7606878930641651,0.0011377006704229775,5.108699321788244e-14,1.2812621948897458,59.40477665318628,True,8239.002973986913,-206.64300416569546,242.3316873617283,-163.38740490457025,1.157263263597567e-06,48605996.407183886,37976038.97656381,0.12406654411366934,81.43404193232749,0.8839137850879228,0.7922708091440451,0.0005570227543827882,1.9961504761790353e-12,17.428310011064227,0.787785262798823,0.03863216479463612,0.0,229.685474505762,0.038632159672473305,0.2095690540947327,-164.07388159904463,-203.9913854798663,Detonation,0.029073133284992524,0.5773502691896258,0.422834311874424,0.7878268027546559,1.4169853455758157,,,,,,,,,,,,,,,,,,,,,,,,,,,,,,,,,
78,869.7133490267038,0.233527946279032,191.78426564516533,-548.332322687742,145.58986877651844,0.45629144450026515,8.944830565474401,-0.6727680820539481,-89876.27167105275,194038.3888420251,0.5346152007432949,2.124079627692942,0.44364120789383976,True,1,100.10630717326329,0.0,65.30401630426101,9959.932447861436,240.5984810239304,190.4942486811273,2.5021967392055886e-05,147.29753340744813,47372247.035012245,33817653.98572254,0.08175292384284373,163.95531434530406,0.8449086287607738,0.7623804473071523,0.000962701715854358,7.251122232755087e-14,1.474973340563029,58.28494009793302,True,8173.339784087835,190.97069304839462,242.67095932056094,147.0998915675168,2.1653207821552645e-05,48452660.267136455,38363020.12562132,0.13380688421417922,55.92072624539615,0.8898106131300803,0.7978653150370298,0.0003897583227328256,6.591770880644341e-12,30.03312705833136,0.7600215343190861,0.06315475906825932,0.0,233.5632787789957,0.06315475529040684,0.2278670721497447,147.77273860424162,188.90918793467984,Detonation,0.03745215876460114,0.5773502691896258,0.3999793836170975,0.7660624584121828,1.3790756186228357,,,,,,,,,,,,,,,,,,,,,,,,,,,,,,,,,
79,131.38895669934905,-0.01963766455971544,119.55952133165134,-144.88356818590202,641.5839894789477,0.12907923456124398,2.0022863436779628,1.2128887322217003,-829.3382009886482,-48053.1775924075,0.44957812970193634,0.7027197079564408,-0.054598175190266496,True,1,94.32725971990006,36.11376986280952,57.30715028245274,8767.727899597352,242.51749757987216,119.39935019752906,1.4738493936480652e-05,1.9837596240567548,44282599.7111419,34916358.32246518,0.1311571062662929,312.06169466378935,0.8879692288323133,0.796380739612596,0.0016259438840426305,8.46832993408194e-14,3.0583465116409454,53.413635258674056,True,7153.360040011787,119.44133237571032,243.4561632303762,1.897294282634378,1.7605612945001308e-07,45045675.90851954,37291155.74783796,0.17850759762403168,245.65350077576406,0.909863760897112,0.8194857482751771,0.0014828101247675632,5.785341388287381e-13,19.289340655761468,0.8114738298033553,0.038478856586455064,0.0,231.32790353881904,0.03847884256302983,0.5071527964256312,2.870003091213216,118.84405468652508,Detonation,0.03349087051536597,0.5773502691896258,0.4104728858891904,0.811512421085764,1.4810645297460932,,,,,,,,,,,,,,,,,,,,,,,,,,,,,,,,,
80,133.57579104999084,-0.02046619959288351,124.27119524191721,-140.69490231829732,585.7568958669657,0.12908167900475437,1.8234944748614266,1.133628082361103,-906.6137206090243,-44587.395527170636,0.4462768248461667,0.6448116324422071,-0.04710649250250665,True,1,95.56064985877424,31.04400318896194,54.703274941584006,8377.011681887996,243.19241597545664,124.12190694298127,9.804343137970687e-06,1.5886216598875187,46534094.24255109,38241124.62244564,0.16706979256387536,238.82122060922254,0.9065248119082231,0.814491941673249,0.0011982274640269922,2.6568489248582784e-13,7.074907254167173,50.34855572229358,True,6840.362049444865,124.16762874903208,244.0899080894241,1.5019854018093932,-2.6479098135608214e-06,47272087.00604176,40676287.714705914,0.23924182108074984,183.1036755329249,0.9276160772335927,0.8415583063804726,0.0010256649219111248,1.8396950646627133e-12,40.54271993692945,0.8342046312458768,0.03588578359375734,0.0,232.23355957028446,0.03588576988131528,0.4686801885935314,2.4885026090230777,123.51755898157595,Detonation,0.0377346440363565,0.5773502691896258,0.3992499550224474,0.8342423859087407,1.5500717564077868,,,,,,,,,,,,,,,,,,,,,,,,,,,,,,,,,
