,ms,theta,u,muhs,mu3,lamh,lams,lammix,muh2,mus2,h_low,s_low,h_high,s_high,Tc,Tnuc,alpha,beta
2,540.4728460238205,-0.17761848753255854,-299.95304146763056,575.6935090280508,-972.8390091430437,0.2002668789220325,2.873778981569149,1.2682329464102773,-103489.33659033457,-52978.26350317308,106.69956512297777,-276.8998315007707,-8.255260294452676e-05,-268.47196407601774,137.78668953923122,137.45366774139302,0.0015672777294425766,102230.37625552688
3,191.3732848438833,-0.1456206931664547,-95.1068959554582,57.188276532958746,-656.6589398450591,0.13271740064642862,4.444892409918295,0.4726897451393277,4743.406847025191,-26145.290505003417,121.60486008678787,-54.581627468734474,-2.526386653573934e-05,-16.304510857809195,140.59565358758223,140.12988381963197,0.001653580109487596,79012.78969112094
4,496.7968492584466,0.13588322072764664,171.4000429852031,-438.37151253244383,228.83227471502826,0.1640656223876586,3.476643001697304,1.8223688697698017,-38423.3969599959,40632.27573045867,112.34161987575014,152.19007246226082,-0.0001322822049836843,142.35579039260148,138.82084861716504,138.36935123946432,0.0017775146800897317,76285.30001039327
5,945.3710081138984,0.25993612544033673,230.59507011124333,-43.14881303877758,874.9629861194965,0.6075469235895539,9.702213716191824,-3.654551596947552,-70287.50813165872,197713.83057644925,123.1272152129813,203.46815448285253,9.290759717848433e-06,191.8219997443648,137.36413567916873,136.79598432673657,0.0019932461269572353,59656.47602637272
6,573.0298214615383,-0.18661595484731314,275.9995085661681,-946.897293952084,209.698666836078,0.21787016017182614,1.782046932048254,4.269812410401406,-85509.07409315543,103300.3282450122,128.17704877734656,295.9491954774081,0.0003190730943656625,305.83241996036725,130.2651378946039,129.6816356303462,0.002276351304467957,55313.7685595702
8,585.9075285713271,-0.18766445898123285,276.1529733126344,-978.3897137515033,214.0325988888051,0.22314400681576424,1.859502994881153,4.426202507085981,-87887.3495428421,109470.46122866619,135.64739219940242,295.13164690362163,9.653140371875076e-05,306.1125116589613,128.91159455289883,128.18129687981553,0.002606775783954045,43786.17927402783
10,417.7757245324067,-0.2018243299482549,244.9887572321788,-696.1630886125428,684.1542934766659,0.18174007567719974,2.0796632193220828,3.35895128408148,-58734.78352939544,-27110.67828791949,143.86069804224292,265.1810930291336,2.663393105923472e-05,281.2973100083643,128.91391329028178,127.91975463899105,0.002959141190287877,32142.26572403121
11,671.3281188856947,-0.2368472566802705,208.53647440363238,-635.2517621416471,332.1152190474036,0.32664259632850395,4.641171866756237,4.978902966896016,-4413.980091189078,191148.34246243804,145.05663990835887,228.9089774355313,-5.268804350032921e-05,241.2715402980312,125.33644082787157,124.46536560805536,0.0031102479268430142,35936.89853765767
12,859.183774441996,-0.22969283183876074,-297.77630532074187,675.7232624955931,27.4512232014686,0.4380361552838577,3.5174698396926147,0.08422551332846911,-170928.8914809859,253849.48926643282,149.48332602714618,-278.1788092796154,1.5191042828439175e-05,-263.8735522311192,128.6582686464161,127.48456477200394,0.0032737367802122513,27141.279408920927
13,537.9740958671782,-0.16682912188775964,-231.96111007965698,565.8022211504317,-863.3938357254613,0.19134547291171494,3.7934007275809214,1.65422176620855,-75142.32034559299,-19957.09607119966,148.95700690276,-215.4886071801287,3.212953688890447e-06,-198.18171810882603,131.60713216703155,130.19053625867366,0.003449253500183432,22828.01411558812
14,183.050691506497,0.2035245043089388,-99.27710108241399,127.5255988099985,-881.5086605944949,0.13509283000034028,4.127491531689519,1.429186545022632,2571.1948934862576,-42449.52772559442,157.05642384332938,-105.69298527148209,-1.986434132122447e-06,-10.549132769479627,146.42634526991063,135.6553505040721,0.0036383285696175937,3177.132867063309
16,184.7427737307721,0.17403812102216418,-98.93508396046884,110.73988681543436,-1049.394530928084,0.1336455191549214,5.285686971268844,1.248725942102956,3256.147240706181,-48162.86006870674,166.9714017701581,-98.87656812808734,8.167431152927523e-05,-9.562478185522577,141.1283696727599,133.1167242433613,0.004105507365946619,4320.0704188766795
17,181.05238508720626,-0.020516078189455125,100.63728132764057,-104.74677206805588,630.3122029628199,0.1291335719841552,3.1922262778683934,1.0550169278825217,2628.461916193817,-30672.653385408346,168.51785986435127,93.15584952648021,1.7611030973780453e-09,10.856306593785954,136.6146485449054,130.43898308151452,0.00429655274377424,4956.110270600122
18,905.5568401760801,-0.26251895186803137,-279.78234220448667,451.28234578738335,-177.02824087185132,0.5759427599036839,4.896029459540308,-1.3137135712281285,-142767.9237470327,245022.9565286433,168.4422037515933,-261.21858723636626,-3.319488865917428e-05,-240.81578918236357,125.60319888219604,123.50221608675902,0.004487837619889983,14627.177422443026
19,152.44264723625602,-0.018658268436673443,96.35029553727352,-106.05552276633136,507.21907803147764,0.12909589318612572,2.086891076781694,1.1066981349956808,2743.543671833247,-29316.385332391066,174.50626200692352,91.60755465747728,4.761101951811767e-06,9.155191126321494,132.58635490506762,126.87910023415407,0.004660712856318105,5645.422253287151
20,891.8325736164038,-0.23276361685738825,-277.28603897507105,665.5186040081071,26.14727490132237,0.471293124871689,4.3822921951248714,-0.1633953475682746,-162253.3824960835,266501.07680344913,173.34379537210648,-261.70655028450057,-0.00010356737445121708,-242.22589889554013,123.56945092678501,121.13174177571085,0.004948884714844526,12325.236635416692
21,151.47558070408346,-0.02404505096158661,93.80374945165505,-114.26248577836071,515.7672291683232,0.12910889180621088,1.954978011906,1.2256962508699571,2500.15213315806,-30948.591572754263,177.76058117010143,92.76144022341606,1.3237801704205005e-05,8.355494583279826,131.39683953634773,124.9202691659307,0.0050296437678796465,4951.604817457015
23,714.0426818604442,0.10355848503011514,173.9278227378976,-944.1934715898464,637.8598232360401,0.17263764554481315,7.454162080567563,4.241980628791497,-89595.34111257155,78588.7644321993,176.02689712670158,166.29107868626312,-1.174388085618884e-05,149.29008948424763,127.0995473476566,123.41189056834764,0.005311288410445749,7884.787352730491
25,564.5127363810358,0.2784182903299673,42.87146982054593,-443.22581108176695,444.47110871043975,0.31788196686266457,0.4108408316936413,2.7519560459508696,2795.4920152574578,-248226.45430319,179.12151856087033,25.49509845678215,-1.4868728551748819e-05,0.7445991581351703,120.05846217528526,117.45940222053127,0.005587474980552161,11325.074954543346
26,150.50159403979228,-0.02017394706510181,95.97880944119824,-117.44328379097576,486.8481430884286,0.12909760398289374,1.7526144610343255,1.2296149728519965,2216.677088692234,-30400.98378914332,182.22155341041343,95.8155966288156,-1.0967118589158114e-06,7.7648585675516175,130.04063137916214,122.62679797785744,0.005623249853005387,4216.169799386807
27,785.6278359114842,0.237180596269938,274.53837857253603,-628.5585964787239,385.96679527421617,0.4030262652043177,4.116779169268637,0.25688118786748776,-138453.50926991712,142721.03302042102,180.77151989923004,259.9680658925441,-1.730029067434763e-05,237.179434199654,121.93095708742216,118.81612126640692,0.0057369590591694174,9386.178587695356
29,130.91304928593766,-0.017394455136247988,95.98112702081863,-107.1737580715863,688.1079940685705,0.1290778162497361,2.678012790396854,1.1177099288720491,2685.703939376861,-41341.268078845766,190.9742583421025,90.2458185751558,2.2509651379992284e-06,7.029055898371536,122.59107154581233,117.93061355773874,0.006074085905842344,7674.858032467298
30,517.7137246281817,-0.22874781287456905,-387.2577548569729,834.4206674614322,-661.708426325976,0.23612111412232464,1.486976071433636,1.570079937736772,-191092.20468164823,-50969.97220812317,181.4537020590336,-372.6539591264073,-1.3163929637767993e-06,-344.39427782797515,122.28611706087099,118.9179591039202,0.006136090825826322,8657.597668047476
31,149.8299077027658,-0.017191163023164403,94.59174382868721,-120.40984129468168,548.0425547367388,0.12909067532961538,1.9953928958862497,1.2779621555426073,2152.327945984107,-33834.192586973855,186.51398909297188,94.28720688574751,-4.882938283225338e-06,7.053836236327343,127.92643840894146,120.30162984376085,0.006123126866465913,4070.367369202022
32,186.6261381613824,-0.022618252676663404,111.69433478720262,-110.5784123070034,618.8376902025841,0.12915502938243548,2.9632081257792264,1.0057809395145096,1751.5502016211167,-31674.793079661846,182.76997327412136,106.54542744286907,-3.912925050639161e-06,8.70423834350505,134.21490505064546,124.17771075841074,0.006150218171508555,2756.03319263722
33,155.92712112209003,-0.01611318427207836,97.96005587282764,-117.99824819085094,542.517996103727,0.12909265380567095,2.1336322015112805,1.2103433545172777,2073.095768166843,-32494.953194010854,186.91519725250785,95.17704444433382,-5.737209560741163e-06,7.233682748330897,128.47485456815664,120.55120202602423,0.0062581970826730005,3791.9646641636105
34,150.21735968282815,-0.021301265394447527,108.64646419639072,-102.89819305548536,477.1446685055747,0.1290999843507223,1.9357109299782569,0.952599216403754,2268.0647900118875,-28823.934905776005,187.45919184931483,103.43055165347342,3.991219408393221e-07,7.6398941148452675,128.8855835436536,120.89278988866049,0.006343551796594362,3828.3391764052135
35,151.51506033231223,-0.017382580902861194,102.51408053519602,-115.44629668245598,455.03129024800194,0.129092312114937,1.6876374114730348,1.1311836837475877,1933.8692387247088,-28758.964286489147,187.35692873368959,100.25033008905294,6.23382551367817e-07,7.423183838498573,128.8321665214753,120.374041829734,0.006423691155716078,3527.8470943970233
36,610.7817441165918,0.27575632725864,43.63164415334285,-467.15035654361014,470.96132609633247,0.3476345317979578,11.193188306912868,1.989932953648921,2583.272297691497,-263420.69846935,187.3327295932879,28.01583083517241,3.7717976041120895e-07,0.6907606031301532,116.80337292263006,113.77852975201955,0.0066114317681375285,9547.22650036321
37,174.89099366295844,0.16735735528757226,-116.85816482030256,100.885516176576,-812.9865449310378,0.13249355052569198,3.6252548420874287,0.9486042764160052,2718.7157843650148,-42913.396914757286,187.8401158059044,-115.19208690118305,1.2264800525510574e-05,-6.967587173469221,134.09482457058263,122.96449074462002,0.006617578603093579,3005.884443892384
38,168.07416007490053,-0.02101266690836847,114.84257506750008,-104.12274302117764,513.5560387078,0.12911998536456598,2.2649198272655533,0.9160185710152806,1909.4123469447682,-28822.73997951926,187.40380228359254,109.57497211142105,-2.0466024009762953e-07,8.057686676897724,131.40763197250678,121.48511133924794,0.006695207032130046,2869.2689363306413
39,146.9840701254449,-0.019436548727297283,103.35319941768508,-107.631630840793,578.4257999853987,0.1290926566048875,2.3320979894615683,1.0459451695637778,2287.1380791263227,-34733.091130831715,192.599761801376,98.43211811100214,-4.465572055024411e-06,6.5920765523180975,125.20622639948887,117.63702987134836,0.006898777924761185,4137.015516398774
40,177.15448382644013,0.17887320747871813,-105.84291201860373,117.09096902154526,-990.7385731370492,0.13318320498575925,4.562293796267861,1.2119996914066684,2468.42407364808,-50548.21085501275,191.0750734243292,-105.39513549987684,-5.051133331169261e-06,-6.614962598329528,131.3520454781394,120.69262195230768,0.006968235175079322,3077.8564713713927
41,173.96874996138058,0.17527008401213798,-126.31415268127562,91.05597247275145,-773.6335509937186,0.13274045025222087,3.312197704460915,0.8015765281897219,2939.0130776121086,-42427.85673437024,190.4008246920639,-124.45148265458748,4.419360125362336e-06,-6.530463614471419,133.82617865767187,121.91835414901631,0.007071663131111851,3076.2477824324988
42,140.51679620328332,-0.018588954021631254,99.98906756348444,-116.09770091710304,525.6990236625563,0.12908577404705182,1.8562996934158185,1.164197297540332,2035.674850831484,-33911.465932796,193.53396583335416,98.73178396312092,2.645526603664572e-06,6.3469147176763165,124.65913515635212,116.50496185786501,0.007139835409539005,3771.584000177632
43,774.2615297758368,0.2370633054277187,273.0221588445451,-681.6055186064407,381.28063867899084,0.3946939819744297,3.9958866798462154,0.5137507832753679,-143021.48142626014,133667.47302955991,192.3871875116436,260.85198243578634,9.473074856667584e-06,234.8117268935345,118.42069085835158,113.95744535102487,0.0072574813535812065,6182.246855334277
44,160.0469117770105,-0.02195531853201805,105.32482302897272,-112.42658839431692,577.9052133870898,0.12911372294138665,2.439631657228136,1.0758638790538224,1952.2957397233758,-33548.46356458627,192.6898799992468,100.98756215199371,4.370870472497924e-07,6.655595389265944,127.03171420000344,117.85930816220085,0.007258212764645829,3191.0482981587297
45,655.2910039662659,-0.2432837431915544,194.7972387986261,-686.5924077728442,314.1784523384593,0.3271274310484376,4.740625588349036,5.541697585512656,-8775.129958342892,179817.56919357003,193.6634136114542,206.82987277317025,-6.0553649420437424e-05,230.25142611181744,113.86520503066238,110.1328892320757,0.007465138752525034,7434.174493044973
46,158.49894737458544,-0.01881737106596245,111.05029198505196,-115.1594766297916,431.5659100562663,0.12910176626208192,1.6872705952452391,1.0435222131162791,1471.3830431809138,-26920.235210442246,191.5901368453575,107.8179932741046,-5.874536391229544e-06,7.336674751222485,128.92453095460232,118.47221805713923,0.007404854255330006,2663.0054474315452
47,174.85199653852547,-0.02053249503593803,106.24284309304754,-128.98428027962387,500.6137041489652,0.12912599413390874,2.080126410999316,1.2257644433804846,1041.1768123754464,-29352.12206303035,191.00954577095,103.64134515911377,-9.63329701682666e-07,7.337361785638628,129.89160650987841,118.72907609713027,0.007481011384645429,2342.997982028031
48,710.8227215500369,-0.13010424156864578,-196.962699265928,979.3119129707139,-621.6404546683635,0.19705476032088906,6.0418423441833005,3.673191479741277,-109694.09874132954,72583.75896282005,193.43092640552118,-189.96527482273174,5.3874176801637315e-06,-168.14438940757066,120.59220289237886,114.87307355017276,0.007608436243210734,4633.749753154871
49,151.15234249209058,-0.020678766439228183,105.74601225203232,-112.8697403679718,536.0531069686368,0.12909948734154764,2.109622524559963,1.07308319253318,1889.493871243334,-32921.95701255588,195.33401422787045,102.07578242648106,5.702709466764258e-06,6.292125834752816,125.28078570804199,116.02327493323472,0.007674524212853986,3172.3793106865865
50,142.05925963496432,-0.01678973555377682,99.43053995186943,-118.28676208861164,603.7293093969641,0.12908463645473092,2.23305732747814,1.192750803615866,1959.1013481999132,-37857.94676755461,197.75942066802173,97.13721393152954,1.0214020191872912e-05,5.894744655226001,122.29062209870426,113.9395086248619,0.00783028533054258,3648.197574421013
52,783.081834766122,0.23818422303847084,264.59648102343397,-667.2653309262339,385.97660141874456,0.4034715500139942,4.325379671869531,0.4186356882116051,-137445.24249972586,136955.65152278251,197.5137009220126,253.47624362665346,4.909939205160103e-06,225.8701765382385,116.83424830609306,111.5566152759453,0.00811979197019802,5061.443330546067
53,153.54356616982798,0.15316227970938767,-99.47125282905137,119.61513235892971,-946.7251564568919,0.13059628664880374,4.09914911329166,1.2513211503740391,2208.3711264516296,-52133.439307764806,201.30299171933186,-96.76750455711608,6.401414195910007e-07,-6.083772548442751,120.65056159377933,112.712666458603,0.008182053492155549,4301.6674178917765
54,154.28895349217225,-0.01708170091288289,101.48863259353249,-123.78426905486978,549.2554384532148,0.1290937285070267,2.067030520274975,1.2252617818819214,1572.310836412781,-34283.90275589418,197.08600318206882,99.51471900667882,-5.157216265532211e-07,5.907663132278558,124.61668573699491,114.55333708284323,0.00815030775117837,2809.397314199285
56,150.36019277567596,0.18119833533993093,-99.04987535828423,122.89092108375436,-924.0482837646147,0.13093873904909215,3.8888934959599433,1.291293339066453,2098.808508006309,-51839.985642923566,202.03700164692088,-97.2345017075656,4.470136167934735e-06,-6.056181580666862,120.41597794690745,112.0814607071315,0.008402328045095815,4004.1843783967815
57,124.1739135308486,-0.023075434690560486,104.53850900907804,-111.31983958233779,553.5249244052458,0.12907309324473826,1.8763544068081104,1.0646645534582986,2003.969961392293,-37365.509278308884,202.3357904608489,102.32880228466357,2.819173372820841e-06,5.629861980363732,118.44344742629416,110.7702837677475,0.008456569969420336,4206.0386596460885
58,655.9291512137269,-0.2503804107812618,195.53857552269488,-684.5540215111857,318.2457190045579,0.3390284249919956,4.7196968112424535,5.568145669565647,-6856.743950806021,180883.4226131788,199.69969914839527,206.56601543441158,0.00011584227510786502,231.93796988810348,111.81390121054399,107.32441338124102,0.008514390958284811,5998.854124398419
60,148.42453356783952,0.17824055372019054,-102.01520100008324,118.89176853326565,-857.4697437054622,0.13072903686786175,3.554455819837192,1.2097718778037714,2090.4088991411327,-49139.54494458074,202.89655299999,-99.71759273714451,5.009072797638241e-05,-5.8351527643087255,120.05850029576924,111.52966016791781,0.008626869788663023,3909.338367325661
61,710.083962295227,0.1069786860527726,171.37734914838302,-993.485457094018,655.0247862422094,0.17502132993261044,7.409086118496683,4.567742286095215,-92574.34149647054,68092.57560056378,198.586567055654,166.0835451395804,3.702465576928616e-05,143.30432023431845,120.4956435432028,113.00154874025543,0.00863666455639312,3295.2115060776136
64,139.73196085354806,-0.019416395725717368,104.91911390150831,-119.6034849501792,482.06518877374907,0.12908615277778687,1.6148418580630794,1.1428728384364322,1566.1769972910395,-32713.328961745443,200.4246805053196,104.12987311600838,3.1662681943799223e-06,5.565871128975004,122.3722730299354,112.16406745684442,0.008775835466308739,2824.656108729986
65,188.671135986422,0.15010358116422334,-106.29381617734563,139.979885630918,-923.8049919242078,0.13275402372759273,4.134816578478142,1.4296290436239043,1244.057352670372,-48061.98887481283,196.1552813345124,-107.5082308027855,1.2260565251299525e-05,-5.69156403708129,132.04456896223786,116.82102710775749,0.008743078563608852,1774.956442525945
67,158.7282720128189,0.2004663205673824,-105.24096791531315,122.24594970776458,-875.657814835283,0.1321967606055892,3.6912866002006792,1.2334839442669354,1978.5757529101465,-49092.469192237324,202.14158864217896,-104.51357190285843,-2.755260308892276e-06,-5.667793723087067,123.4191346381404,112.6729162423372,0.008940820568654669,2943.4290257167318
68,131.74432680224044,-0.02059510780723236,107.49096373566124,-114.45806150565365,467.8906759283077,0.12908007489294054,1.5309554770817042,1.0661453134959518,1680.1943974375015,-32564.591559078613,202.10020078855578,106.39406222381159,3.80276517333179e-07,5.459224253000226,120.83018077486686,111.06542367596809,0.00898091763355569,3035.629223007593
69,150.82275447296288,-0.02240548036383981,104.21624819799392,-122.611385356222,545.6519852165737,0.1291034920111343,2.0234282906281447,1.1827071857811953,1470.1442794143534,-34701.454014236435,200.90266765984344,102.23373804789395,2.91629272936535e-06,5.489001935033267,122.89260266129982,112.1128119071824,0.009016134778277571,2589.3172024254604
70,493.0032782482105,-0.2265168491535647,-364.2481147806595,834.3587116039205,-691.9399058229998,0.2236877471022767,1.560927618394398,1.7356802479276394,-175212.72589297456,-61758.16966449426,199.63552595607052,-353.69872525122435,-1.3987287170409246e-05,-316.91346016698424,117.07735048346993,110.91905687877659,0.009181348139727404,4253.636195696156
71,153.3782138547906,0.16262754675381202,-105.47902146978872,117.51319322459557,-836.3216509487853,0.13077755315238673,3.494921678282436,1.162556594419786,1999.0315302505146,-47861.638423230266,204.2271558278626,-103.28152839268922,-6.396773204275826e-05,-5.490780925830371,120.59901230972393,110.83221216675983,0.00920811767685025,3302.2902745867273
72,138.657948789149,0.18854134908518733,-109.28069897011672,107.71845951462193,-803.4931500995924,0.13011104701886608,3.2252095090465533,1.010191422562634,2147.0496547310195,-48547.83120603336,208.2806551697518,-104.66352431407586,-9.18768148979525e-06,-5.425360396451722,114.340965896797,107.47966535010552,0.009333943550379309,6022.43216000523
73,155.32389768068128,0.22112060987299514,-127.26242710444448,104.18055772018957,-554.4194717956957,0.13243809828411826,2.144520635895544,0.8765286128475139,1867.3988682400159,-34069.88699462041,199.65751907555716,-126.31834509890491,1.208399177631283e-06,-5.904077039684173,129.28822549713286,115.15202153043184,0.009215895522301036,2113.369987779928
75,139.74758039592302,-0.018331242116794558,110.47533838324249,-111.82451949654116,506.6859944149734,0.12908485501661507,1.8364512310223329,1.0148281803665788,1663.442254602517,-33483.51227070055,203.6461604314457,107.39686966918774,-3.7111739851602736e-06,5.3128048074691625,120.72123094378875,110.38727727344748,0.009456264248847487,2816.6167623292245
76,151.10405179335874,0.16695294190809173,-107.1506812581122,115.50708584441212,-823.8902198245921,0.1307107827451056,3.4074465474872304,1.1226180492356044,1990.8375794740066,-47805.95917754955,205.88550223546872,-104.658981252282,1.0873058585967841e-05,-5.350357046421387,119.30418966730561,109.62413271373146,0.009549809479847965,3405.298154784571
77,497.44483095529375,0.09782870597925968,38.66583573589469,-253.17598821956813,-272.1680865361085,0.14731562619966215,12.13034624889706,4.180802260705392,2265.440644337071,-43077.94466735622,200.94341153316867,33.632214843568924,3.890652571653975e-07,-1.0268556692024986,121.09520887392107,112.31135430264986,0.009629649056200758,2752.9324223964504
78,138.10654626977225,-0.01926225091495521,110.85831340787071,-110.39227180156792,531.1375546490024,0.12908458011786647,1.9436549553143856,0.9982132978765629,1720.2924005904395,-34921.07858347216,205.06323980978402,107.41829909990818,9.507052473488024e-07,5.172569080406066,119.45491427857914,109.37828755047435,0.009686782057602792,2945.978961811465
79,143.70625074952758,-0.021079713046513376,102.96637911672977,-126.26581906254957,532.6762455305434,0.12909243498747872,1.8077502678637816,1.2304417740523907,1346.349586264475,-35555.769236422355,203.672489277535,102.47404727911292,2.730588543189159e-06,5.125574052567637,120.92472370560385,109.80465131719869,0.009678873623151604,2504.5158013616738
80,429.35933517782007,0.2504227380119923,157.93511902521226,-285.4286688216758,166.7891052184021,0.2145343146303653,2.9177588105402883,0.7656168488999312,-22526.750808899546,14868.17840192794,199.97697218768295,146.3471379326048,3.8651994334679084e-06,95.49632324599304,119.31485627869928,112.10166364291678,0.009828673336158516,3612.698193368869
81,151.1669584798631,0.187798479349927,-104.3260656038752,120.34015848623942,-949.5240433033057,0.13114536544870325,3.982986159349543,1.2049428565696751,1951.9432423041007,-54150.49536776747,208.38925761668568,-102.00293073837395,1.7169652442864886e-05,-5.479527939701015,116.75311181760401,107.70805452427562,0.009919391029469891,3859.970662383122
82,509.50240043188103,-0.2344503688832772,-363.05424821523263,826.1865933771833,-723.9310763305763,0.23767066099368345,1.6701710339312694,1.6589889928697403,-176209.9468009963,-61373.166346932136,203.23170900634037,-353.0394553874725,3.2524600834777536e-05,-315.36720842993265,115.62868042772921,108.8231059764347,0.009963184033527441,3742.5119391263793
83,154.78625076905743,-0.01896448849807521,106.56723109496905,-122.82567738185092,562.4608320864419,0.12909875028949688,2.1557839155033527,1.1585712617134654,1314.7566720642362,-35275.54395524702,203.73123202092071,104.13549787314086,-5.173440083952169e-06,5.169071033616651,122.11153133519623,110.33478235790622,0.00987881175174814,2298.529045947431
84,708.019836522059,-0.13037133704146486,-195.72328963666803,1023.0094645019284,-640.0451450335568,0.19677816579514631,6.0033234958677735,3.9277293047240014,-113068.2258492926,65329.52859727964,204.6724969556401,-190.2130187931617,3.471368760144943e-05,-165.27804978599985,116.85657715905857,108.60182105798272,0.010052807974894449,2892.898725695893
86,168.09284004592558,0.2258411102985609,-126.53416620790804,117.31536914292543,-646.6338988372257,0.1342889167874786,2.540305980811984,1.0154668198883765,1424.7114966655472,-38471.88350457419,200.8823143946336,-127.41644392863456,-1.18029165806382e-06,-5.503676002656773,132.01216262786158,114.53897034667101,0.010109765330517582,1594.028389613701
87,162.73377194532483,0.2114274516768528,-112.12170050917489,121.93326110621958,-828.9877070875583,0.13301010036747365,3.4202291087923173,1.168042821684539,1732.8623493016712,-47510.08570021328,205.51475962285247,-111.89996058777668,3.7461230957826204e-06,-5.1068051560563985,123.96463703313404,110.60949511370491,0.010312316062547896,2249.278382147349
88,519.473851513945,-0.24663002135738385,-378.3529586920849,837.8755323899866,-696.2442173737891,0.25405608060360746,1.5752997371025668,1.5684490267005082,-189350.72663992288,-57501.43057133782,205.63644454705047,-368.46391995532235,-2.5785440244106203e-05,-329.9258158367567,114.4940769828482,107.30194851991268,0.010511229422306922,3484.812406163796
89,139.93650494299848,-0.019783645396147253,109.21866567515757,-120.05729719744535,484.81503704393486,0.1290867977864064,1.6437933878420838,1.1021320584327197,1285.536828032511,-33254.791669534134,206.38188707191514,107.76614059293188,-5.762556461740818e-06,4.929229935714244,119.92446476752413,108.11987457453407,0.010516703516356769,2327.0868882759933
90,166.5476809675396,-0.0203191373315262,123.68068823142374,-109.42464216278276,495.59180123827326,0.12911526722008315,2.033561119726917,0.8928008121714723,1121.082580803839,-29943.477988793307,202.8914691345204,120.22076618961854,7.318135440884268e-06,5.74432906316229,126.54781843908563,111.86335642887337,0.010436146218161229,1733.1973227870876
92,152.14220822037515,0.13683039481614714,-111.47227602667117,110.07938515145763,-945.4776197881306,0.1302251439802611,3.9623850365959763,1.0244312334722785,1987.550819282098,-55038.53136684689,213.21649743490758,-107.90027075152963,2.765362641779655e-06,-4.903415971335062,111.86748417314071,103.83196876720112,0.010914474875750731,5983.137119760158
93,165.10696508698868,0.1869485142174656,-113.92270229538431,116.96074568158352,-877.2998097453801,0.13238319348430824,3.6864408711418113,1.1022801798918989,1852.7556049342572,-49808.71930331284,207.85409863206604,-112.86811958555592,1.0251005721788793e-05,-4.861952574060963,121.96565173594911,108.95161663468649,0.010834771351207364,2420.2920873279604
94,143.27683857019778,-0.020578394389269502,106.59162282433924,-124.40107870170804,537.355202403622,0.12909114279226006,1.8673475717384505,1.1709073625188229,1216.4669163133206,-35945.221407008816,207.72397507698744,105.23333648519554,-5.271038301577149e-06,4.737153425253366,119.0937999423386,107.02971909790449,0.010932395867112652,2245.8885097730094
95,152.45870392272832,-0.021603181418660185,118.36000965605824,-110.57003634792187,500.7280670618744,0.12910333454833578,1.934235595326104,0.9398137472697068,1321.4243264805873,-31998.675006694266,206.53479454701042,115.09543170202927,7.706020827794234e-07,5.030438194714517,121.99734773820651,108.78126451704372,0.010950313765525686,2028.0932061481888
96,118.57423652556913,-0.020796957280239017,113.66950851782728,-110.34006446909159,470.4147378933044,0.12906843250018799,1.4748688212608958,0.9695299310979322,1544.6402624240027,-34451.13766896895,210.75322657456718,111.89659028787835,9.152197383000342e-07,4.527641052764991,114.6920254040487,104.54669716982764,0.011132104665424906,2985.326338807309
98,151.61207875003268,0.1638543399174233,-111.21757206988062,113.00508603214607,-937.3356758677972,0.13068488862266342,3.890456425512178,1.0592057649546986,1904.0825739865268,-54818.52971486954,213.6112666458184,-108.2112831874825,5.0168136839180945e-06,-4.8801920100727285,112.49760774852415,103.54876700297176,0.011309951962798534,4692.632264585549
99,161.85857031818458,-0.02068531240331985,106.24776552234717,-130.96383449208642,581.9740073077269,0.12911132980443987,2.2442856969613376,1.2409675838903764,915.7818631849876,-36245.83353997549,206.7606231470677,104.42334951237758,-2.9018166897617046e-05,4.745856365549281,121.63388782662848,108.09685637769309,0.011133821288944556,1874.7513719794706
100,690.9300974710433,0.10590592058336402,168.63646995956464,-1003.4202213281219,674.9147350295557,0.17163439424837856,7.133104923120108,4.781174145351008,-90825.58698290547,53608.01333881973,208.20000798157693,164.46446688444738,-2.354458943659383e-05,138.13882095060023,117.4240928372713,107.00557341897631,0.011312993014417828,2095.793023657071
101,143.5395060454096,0.1947810083204056,-101.11821913492187,129.36941342408008,-975.3797365125637,0.1306056288145366,3.9253168328698593,1.3171908257417626,1569.0507996929655,-57347.0070922734,213.5037762999051,-99.22212916034105,1.0397177216930813e-05,-5.420170079517412,112.27641096110823,102.80927114342144,0.011512674077723687,3496.745152253168
102,153.9127057795057,-0.02090686889301463,118.38660686674335,-101.80045697336875,674.0283183009374,0.12910308627877054,2.7619783877412205,0.8656649621856094,1840.016056689058,-40910.95722771381,210.95909882737988,114.06510350035644,1.2511040072930693e-05,4.394554597982301,116.73305179959377,105.5024478673393,0.011495126430660838,2869.7373316226453
104,166.54641189281537,-0.019176459333806014,112.21710835058424,-123.52705066895412,579.4944132488207,0.12911076604603414,2.3585400703881865,1.1091759927304776,947.8771936629073,-35074.57881865037,206.9975648109284,109.60086938896673,5.536950001897379e-07,4.81685566974445,122.66101834599041,108.34926583946726,0.011411765974561077,1748.1423489252338
105,140.4014592197609,-0.01808750756078038,112.18904710276682,-120.85906021197727,459.7362900952001,0.12908506514396118,1.5349622181880769,1.0799418033475905,1061.6363309959588,-32177.09493067276,208.94465212194282,110.8096762752965,-3.278016661199831e-05,4.652717669615932,119.27781009430895,106.2154744838106,0.011600155661034157,2026.9461044789512
106,168.32390118247397,0.16929011876748007,-120.75638971433598,106.6225350047028,-944.9612268627792,0.13204445838787846,3.95426491060744,0.9538169083687326,2082.777978483183,-54300.9893141798,212.4874220334967,-119.01162512752285,-1.8946842864242225e-05,-4.365979205100439,117.40078992047538,105.47580049568195,0.011839691745991514,3533.719565044637
107,159.7173069340237,-0.02095140958277793,113.48046211275766,-120.46458476793389,555.4255965211986,0.12910980084813845,2.188367071817574,1.0689381596194791,1038.3356126044198,-34624.491679588435,208.14517308262347,110.8597933525417,1.6129302061913887e-06,4.7054855797881086,121.48908386196726,107.40424854327635,0.011661241347587007,1817.030207965838
109,144.11848596994244,-0.019475677134924152,106.07811056333763,-127.78415361827601,561.2044670744451,0.129090121744201,1.9458195578466415,1.2084423134842814,1068.6620306056284,-37520.300866938414,210.2717631086109,104.91878855079851,-2.123708259669241e-06,4.452636306251763,117.75837790083929,104.95983673657706,0.011886486284513094,2064.474003454453
110,153.77470532656497,-0.020793871872640767,110.42317181886341,-128.97469650254402,486.4921694833663,0.12910262237581507,1.720794957545411,1.1741204509320704,741.8759567915268,-32552.503723496815,208.2969621866312,109.11896707833236,3.8586995311213386e-07,4.671536256822066,121.1309360149809,106.81756090074086,0.011822326006950526,1745.229102274459
111,146.1723734182807,0.2446510636651925,-121.68767843660065,118.49331224442604,-507.0559937506295,0.13184177080795126,1.7970711588292267,1.018608668750144,1114.0621405182155,-33732.07508791388,208.48122947397457,-121.78078505974298,1.3998352515154498e-06,-4.8123926094694385,123.32573351128192,107.72757506816549,0.011932085380565793,1719.0416893045417
112,145.99113542712905,0.16269477751070469,-109.84251315636202,116.56947077956438,-907.88380803655,0.13030033484337078,3.676872266540042,1.0947301566010426,1697.9646081820804,-54346.448714442646,215.78760140453502,-106.86832792191863,3.858086540919506e-06,-4.804835849702878,110.55068544801544,101.21250116546,0.012193531486566257,4131.751434181815
113,151.00883916408105,-0.020406695238107918,116.53521499702283,-118.96516643996523,471.5780837751274,0.1290986747516476,1.7236890483978278,1.0259401168069409,927.9801055794514,-31392.75222283753,209.02138076291453,114.29250751095535,4.137416701123706e-06,4.707489502201126,120.98381257688247,106.58437967087991,0.01204149449359083,1761.9926040352977
114,145.27684008414317,0.1651177234392375,-106.24623047085552,123.06797583904844,-899.128994643221,0.13029042939968935,3.6046858366492875,1.1921570923112033,1550.6633879905164,-53813.162106285075,215.14959866931747,-103.90728709927302,2.3596165479461233e-06,-4.873055240439144,111.86842537775516,101.54754441887194,0.012362354569394907,3211.4945047016954
115,142.05826988372704,-0.019278746437611627,114.90586088942028,-117.81353891271013,478.34199271934966,0.12908799197034526,1.6688568698875588,1.0283932523453665,1076.2517858438232,-32836.185417050336,210.69306598979497,112.83615538552642,-5.1051734515511866e-06,4.481004085365264,118.55010499077278,105.02126687662758,0.012265714987257212,1944.9531016285
116,828.3297142299849,0.2356110059054076,245.83029542791598,-679.2260277487766,381.9856355301785,0.43045892236801625,5.458638729258765,0.24840178110010666,-133376.5339818224,159765.62789155607,213.36727499892257,238.31379148381237,-4.824534258046052e-06,206.45662588082985,110.96794718464596,101.86808968283106,0.012401131186286551,2524.0846956906908
118,147.91476160336168,-0.020716694744610367,110.11466859712057,-126.66880975249869,516.7438008085489,0.1290961531795625,1.810838543742332,1.1550958324917386,879.9042583843758,-34799.94683524118,210.87114421699917,108.70550319691772,-1.0279615820296807e-07,4.3629555958178905,118.74199102461544,104.69487601561657,0.01250468200111612,1812.2505734991387
119,178.03063900640927,0.25113498491320296,-146.87894629993886,109.3172201323912,-642.9575897485971,0.13724864154923666,2.3775588193838693,0.8510863251603817,1443.2748880241345,-39907.46386380556,203.9627223339388,-148.53334672949728,1.2232744266097106e-06,-4.852354688881318,138.62930869339792,113.4322267205775,0.012344638737903398,1111.6222209886155
120,152.35081362115244,-0.02127746936187732,108.7740788715539,-130.30956749682377,532.6017579349694,0.12910233687183398,1.894600046296517,1.2039910179254432,773.8532835857851,-35334.669582534334,210.72827605945304,107.49964554999224,4.006027161443857e-06,4.3343419082794705,119.23304534389841,104.80419370715352,0.012591610281045816,1730.4169280814801
121,175.731694321324,0.2111275232025729,-114.25501166525936,132.26375539318414,-945.7185135523337,0.13459281795340616,3.9520387963891785,1.2685914122771078,1326.699258134975,-53099.07473800409,210.08021091282365,-115.04091879698288,-3.599091987390613e-06,-4.469559186258378,124.60171106958929,107.33134148339569,0.012634984042446257,1607.3646045699716
123,141.36755772672143,0.16967912563841367,-113.59563702193184,113.48637394117443,-867.7107573013527,0.13009432135942253,3.4156620662179904,1.0248505123904972,1606.3569880932364,-53710.25841818328,218.82676751182262,-110.37651711197121,6.619289351891132e-07,-4.553863329460864,107.24257641367927,98.23421532421698,0.013194349150226615,4974.432567538524
124,186.75077377888408,0.2177084308638388,-153.56798953856497,101.22032287460026,-684.273730719984,0.13647379388351016,2.524794999890915,0.7663788926358079,1764.8866416614019,-42289.37645751666,203.67573870457156,-154.8815140886426,-3.555887253207905e-06,-4.601094099111308,141.56578048699697,113.81197357248492,0.012737211995760013,1067.2284828969384
125,139.96696825673064,-0.018489188513977985,94.18664933625824,-119.55028620816893,565.5448153690368,0.12908521422256444,1.9381695063522948,1.2724345784716968,2208.350131985817,-35977.76068970645,213.68240579412884,94.8479221786082,-8.653628800731069e-07,193.91544155583992,114.96148530842285,101.80761311711521,0.013142439099076,1973.464550169933
126,153.88544877045598,-0.02173898642593575,119.90945115160069,-112.43320341717592,539.3021574221289,0.12910540682226954,2.0839343857913013,0.9435644733352656,1127.2636575608776,-34524.81663045478,212.065799761637,117.02259952012352,-1.3414221611972145e-05,4.2851293746957735,119.24427578111086,104.38813647038342,0.013127371686580644,1746.7118325686738
127,135.2110996944023,-0.02256236643742555,111.13894476325912,-121.4998855194451,537.5229667799697,0.1290851570104761,1.8170463205386715,1.0953967476763582,1086.1518369836276,-37230.008195323084,214.1055867425655,109.55240200238012,-1.5932346964019577e-08,4.190207114068691,114.85037413153229,101.80741495892393,0.013229627953072988,2056.6360289507707
128,144.7109518302851,-0.02011079698301093,109.81672951207668,-127.83741226308578,521.4024781748317,0.12909175468930456,1.7793649835728178,1.1680343720277302,829.2181766493541,-35680.77514465995,212.7549239804231,108.67826066236786,-4.464547915780895e-06,4.165179152226852,117.312264736548,103.00398290635994,0.01323239030318246,1767.366082374947
130,141.33295675561786,-0.021141839135572348,117.07887407441343,-112.91530682717259,549.8898582651475,0.12909004937454738,2.010734029758543,0.9676110269011824,1236.4701193796272,-36722.25586843076,214.52783345749438,114.24409717603537,2.0253257897908837e-06,4.09873818006292,115.29297982503785,101.91227450517106,0.013485934502739223,2053.725690586695
132,151.60740129530794,-0.02024880340509029,110.53381583620444,-129.4738723725984,531.0157851099003,0.12909890847167133,1.8897386048280256,1.1768087881374456,702.9796251541803,-35441.478668136,212.68451715859982,109.15363447358587,-2.610268524749136e-06,4.13108855996312,118.3181004639402,103.22768006541288,0.013490140953651059,1627.710169533513
133,160.78731679192475,-0.0201761559168756,118.43917833320265,-117.829436931277,556.6370248629198,0.1291083591754641,2.196519555332192,1.001911010325502,897.5323518099103,-34901.266046476034,212.17431897845654,115.86810505745228,3.6974156303579395e-07,4.231383781533793,120.18908264050756,104.30727563517496,0.01353159649790862,1541.0244133458805
134,150.51466080947003,-0.020223826097529655,112.36995131255432,-127.38804657400787,513.8614433615894,0.12909773362348356,1.8229437464136584,1.1387696010120132,700.2235059098774,-34569.062836459845,212.99834692689984,110.87916686197997,5.026668908538427e-06,4.122291248264972,118.32006910634188,103.02090637953545,0.013679884508882788,1600.089084507227
135,134.01580449790484,-0.02351594781632736,109.00415524960276,-127.83621684865645,519.4972699678666,0.1290846438757546,1.642963817825685,1.1747904175875248,869.0891477245214,-37044.423395240316,214.86432206226777,108.6709744969386,-9.771421884284413e-06,4.063815874339465,114.70014108275636,100.84073761965706,0.013843019396407896,1866.2434680708
137,896.8673640352487,0.22406563940574625,205.7534544922577,-560.337536209225,146.8836000411147,0.4502841026869806,8.422400356900773,-0.6497644932010863,-101751.38731358203,224106.60935129575,216.95102255234883,199.38568348792847,6.471352900393306e-06,167.23098608427242,110.59281439587141,99.48276918079084,0.014007859610490257,1904.612364470467
139,126.49258415729773,-0.02099248067412636,103.16108284317221,-113.78117074605677,481.1726355571605,0.1290753785693147,1.513372913061661,1.1032382193877026,1956.4888695741863,-33523.82260907415,216.11495605863618,103.59897597402585,3.071720165484832e-06,210.79351126933233,113.15469702141151,99.69691209721724,0.014180568667272025,1968.855055953109
140,129.9191266687206,-0.019018561257479312,106.407265160157,-127.75091324110042,636.1267544312839,0.12907776988848785,2.127650160916358,1.2014782950239522,1032.224088057471,-43571.087911833485,217.42114377928561,105.3302194953754,1.5562396808007887e-06,4.231731501223156,110.91706142065456,98.4126742240242,0.014301562988008713,2186.1332134748395
141,144.43615012351873,-0.021026436317611728,111.03192629129677,-119.86041318435578,683.2516588108002,0.1290931093058581,2.5959094986440667,1.083522612525394,1195.4553804766465,-43738.62662546232,217.20482900960968,108.34185675206385,6.182543118857586e-06,3.9789828937398415,112.2955591279598,99.28958939336077,0.014378896122753454,2145.169954688304
142,158.55974245267504,-0.020993026943724315,117.44043005268793,-117.3742264930557,597.8178958919241,0.129108603659752,2.3583839634946786,1.0063271890638434,981.1264803220074,-37471.714384391846,214.5184887567933,114.86551170592355,1.0441564862636416e-06,3.92851411275412,117.9515531917152,102.22323335959264,0.014352760592997931,1595.8825673451993
143,619.2799226530727,0.2214844219921552,-200.56573709312144,887.7842746333798,-465.1434661618272,0.2755107654520274,4.038311688114752,6.022956066984918,-40217.60953949749,117542.92842522536,218.4427408230799,-206.6493102156529,-7.578395750878609e-06,-237.28978437814166,104.83718522023564,95.78298163288729,0.01462643144100329,2502.8133230501558
144,135.1698408024015,0.1552678557465485,-104.81159040293413,131.76514601139723,-746.7457569483447,0.12959161353554904,2.6569039103445,1.2726945137756758,1035.181941024368,-48609.52552184033,218.2288926544132,-103.90122617066991,5.726191879779832e-06,-4.393070528412974,110.55894530185164,97.84435334752762,0.014652733487713681,2179.9068226578993
145,824.37977243857,-0.10722786692110582,-152.84640709339638,1023.0553044371344,-19.96652951399405,0.19180512948654296,10.105974007373623,4.815904204670586,-88489.53183394721,176143.87415626415,216.35289162645637,-149.6357566301359,-1.819118978986365e-05,-124.75785920712835,114.94361429346974,100.6269038650998,0.014407584004165813,1253.3269279631388
146,656.1981789623094,-0.1321157024849224,-195.60675868591247,1018.151866451693,-659.5964380693241,0.1884716757159181,5.157399666326428,4.079943138111018,-109679.88094319684,34210.684338971834,215.9855115188884,-191.53834952160042,-3.0584171975270244e-05,-160.89235072138803,112.6805938384136,100.42243999652236,0.014589582220144141,1664.2700346278216
148,819.6021699503212,0.25810635700621565,266.89914235854167,-674.9440128640709,383.61859610015,0.4816851364034415,4.5956705172792685,0.06466230445369618,-148641.78882462147,150303.57677874842,218.7839757888861,259.99384291648386,6.708401301434048e-05,224.40173774283866,108.3038094308912,97.53835234334116,0.014907409809955672,2006.679543082788
149,161.84103984753548,0.19431209945635647,-110.78275138702259,135.26277577011115,-847.4452969247279,0.13231725286869564,3.3683125864740893,1.2942218629689235,977.4284159920016,-50323.67239378335,215.72997810553343,-110.91226733155192,-1.7456407919669412e-07,-4.088506369944431,118.27729440643492,101.52936840610607,0.014850510699040703,1561.229958524456
151,435.5030552681753,-0.14469624965445874,-44.71746493988993,151.8036530300713,819.4906705992232,0.15891851229724713,11.630669884886427,1.1394465465521637,3983.7301916261854,-8448.492765796567,212.29944356718383,-39.63558210338262,-3.6328716055775726e-07,25.774310899114624,120.79714705814942,104.88214479105758,0.014992982134043396,1166.4429782142315
152,150.69848430986616,0.1973047266439116,-104.47546784935456,143.85090912258352,-794.6962260844304,0.13131274493524903,2.9195862523352965,1.4296664111288429,733.0501045064137,-49559.01735406389,153.77732068063216,-113.41435916217804,2.5417300510849998e-06,-165.3324329191507,135.36826765774416,133.87848601954138,0.002748080907691891,24402.844676195517
153,137.7676060828717,-0.021911310606990784,117.35860189898558,-115.2919787390488,570.8877371895749,0.12908729132976746,2.0403399909629765,0.9849168223683796,1076.6985446494446,-38820.334434396296,218.6119504793909,114.87177107944404,8.365809710318907e-06,3.7525345259777785,112.08961642382916,97.96602120803185,0.015503653044191337,1926.008974152904
154,162.80667223340598,0.1700845595694606,-116.66251245038313,121.45298170481232,-883.2297778489412,0.13164036273089955,3.5886105788256706,1.1041303643979616,1323.9822968303824,-52286.89828491319,218.21646899809787,-115.61474860864942,4.16352985826191e-06,-3.8803550734983503,115.20376507078528,99.5406103600622,0.015539387557290774,1890.0843096268934
156,146.56910554808348,-0.01699405481380083,119.9038590418606,-121.06307672322264,461.27440588323464,0.12908799513751806,1.606363622844767,1.013026294746167,590.773255072344,-32112.21146690024,216.00676629704742,118.1600579016471,-1.998186359513484e-06,3.865599760161005,117.36179363556822,100.51877397636775,0.015505148277073603,1416.2716003773667
157,158.76648407786647,-0.019855777215570487,119.31210491713236,-122.38920490084223,530.246772459373,0.12910517998878804,2.0153673349601893,1.0322502411862002,570.3609132062829,-34379.560372730964,215.56124639020717,117.28530380517046,3.041306428742852e-06,3.840870194123668,118.73995737898858,101.19918293462915,0.015536757527299537,1316.865106774913
158,444.35564104308105,-0.15115463201471332,-45.7193619961599,157.03697574617513,831.1497796294922,0.16307819052423211,12.25462510432683,1.0304266588946267,3782.1926995296917,-9254.954429668916,213.85262943645043,-40.70473490035917,2.4885270415723814e-06,23.600528558902784,119.91959352751049,103.57889628178394,0.015658362852018094,1111.9933514987683
159,146.9651121048493,-0.020006371488909918,116.70712610032005,-122.35871400111422,528.8890728323561,0.1290937422965091,1.8922369096067972,1.0525679996788098,713.0902939965407,-35826.2590316226,217.3436707469407,114.87178455626456,-1.9053088774929386e-06,3.6902693779506768,115.53881822355507,99.23123492375991,0.015870585734861848,1492.1361120608187
160,760.2041066571579,-0.15556289132155518,-184.7732880293864,884.8398797028453,-455.01093389545616,0.2404109999486996,7.371629579669602,2.896927668786391,-99470.14875317508,110265.18693514043,219.13180345039544,-180.59782640477172,-3.1983319410153344e-05,-150.88243000867476,110.76206554467541,97.44334771947108,0.015906387375135462,1445.1032513668188
162,148.54098054339354,-0.01631317500862736,111.43577262606443,-136.6772910455954,481.2183932531063,0.1290881810986801,1.5508015913787785,1.2303266374528643,232.92418432851449,-34251.578793006556,216.90888032883996,111.01672542167957,-2.7426460288759256e-06,3.6335428552256883,116.5803253087138,99.18376640812818,0.016200378157212685,1294.8526449768303
163,132.64514254632974,-0.02197613391046813,108.46194313620798,-130.94429444267908,595.9136795887089,0.12908185213118614,1.939747316465112,1.2088853159989084,732.4108266618288,-41766.229419872565,219.88318704661475,107.7952806115168,-3.1509566544932807e-06,3.785339042084148,110.72619706743835,96.026674779998,0.01644484757449832,1718.8697509288293
164,150.84881448837675,0.16401270025622106,-111.21109746900996,125.48980749396256,-956.5835602284493,0.13063720709509544,3.830483143347383,1.1702108705399128,1199.1722495478145,-57740.255799164675,222.5298859548097,-109.518273741345,8.426355266123024e-06,-4.18693949856819,107.47555083222478,94.45259946750336,0.016721071477898256,2559.553457922506
167,792.4677976072403,-0.15739970606136752,-194.60010382230163,956.8991675962995,-453.41053838437864,0.2531871490814023,7.290415387041379,2.9385538821464783,-115225.53716910588,127879.40351034564,220.4615946949513,-190.59163271237557,5.021035342267667e-05,-161.65084799439262,109.69322104676279,96.06719211747546,0.016640011583481717,1395.3365975699726
168,140.04523577973117,-0.016302987600450174,106.432961903758,-135.85899452487686,535.8806181389143,0.12908278865736722,1.6755232777991782,1.2789413392119504,608.3137608327423,-37980.321247881126,219.08477845384363,106.59363547780298,1.6886919105647463e-07,210.28323556992527,113.0290714247777,96.76462237327713,0.016799644396863333,1442.1189755497219
169,155.79235900754813,-0.016844320085230933,113.0805904898082,-137.12766460101423,498.5920446982066,0.12909427765994902,1.71646827110862,1.2178709493540012,105.09190931794636,-34274.12345578348,217.31602181624925,112.2128189047493,-1.7413173930695152e-06,3.577270881125074,117.39160207271256,99.04049305794794,0.016795829347158252,1186.5905004847925
170,149.3906481944567,0.17878741577139973,-113.21261310030428,125.76452889149941,-842.7583830122563,0.13081415935300678,3.2710260465953347,1.1527486009537289,1078.5406678142926,-52216.609626608464,221.78747760264915,-111.9192693237758,-2.2198272276683184e-06,-3.89499103925725,110.08547519932816,95.24194711332552,0.017197200688115737,1959.502358549724
172,706.2617608267008,-0.1483493267262303,-184.79699686975758,929.506026579699,-401.60554474925937,0.2161436130792268,6.003295856038696,3.4774845491053616,-99290.57116332484,83747.95800825185,220.50376491508226,-180.98351968509346,-3.5059786150597705e-09,-149.81107224117932,110.2427518360463,96.1842825005195,0.01707927304258948,1335.721820215376
173,864.5539564409603,-0.10728544369360483,-147.86107537404723,985.3103341355844,-21.014419026332348,0.19828979204515326,12.354488988024533,4.523543318831421,-84220.93867116957,202133.77439519973,220.1335262478074,-145.08355824291675,2.2849378341499508e-05,-119.22665962568152,114.87599097547987,97.26849332529476,0.01680973198883683,827.5169833359269
176,140.77495014475232,-0.018390643846186255,125.23892384233083,-114.61081841525005,460.42383866500603,0.1290857288078159,1.5857368590392849,0.9176240191002516,667.0927270421042,-32715.675879860893,219.86941167742643,123.2672845090139,5.460673274160168e-06,3.469911597067469,114.48474123587158,96.89412669972867,0.01776344756299309,1363.7030618142771
177,389.19909014789914,0.23787987389883605,154.20691357002755,-306.6680330227663,177.84394364134565,0.19128874805629176,2.335748960085525,1.1693703481396425,-21791.790277414442,3287.84843311839,217.84363360917942,147.5295909976485,-2.4588240583782103e-06,75.23562762923412,113.52635682353356,99.3721798355883,0.017880355143946532,1440.6420672416518
178,146.3269207942485,-0.01719682133910654,121.77181179772028,-119.60589595411535,499.7520823096265,0.12908815573615712,1.7701679232521348,0.985518968266298,566.8016145055926,-34506.81933263545,220.0099728116865,119.94516060805006,1.3910665696791915e-06,3.4014406038331453,114.71333665243313,96.72047646456627,0.018032737542287357,1297.3599716902395
179,177.59342637679498,0.15629328150609084,-120.88224154727,126.64029864541088,-897.0095676182042,0.1322503240750436,3.68985180892474,1.1297387476896583,961.8791079731493,-52026.128856908035,219.25638520617719,-120.59894500699824,-1.0176924283354785e-06,-3.3711238484062545,119.36853135998835,98.76649119515685,0.018112367901059703,1225.7620965858432
180,848.2362731549217,0.21200250638422471,191.464085133913,-605.4873638340823,140.33264843414742,0.3861398692921844,8.447780814859124,0.09085118802561518,-90858.19828611893,189723.95833059077,223.02079930006974,186.66247041844392,-4.91687072857935e-06,152.51322624088155,108.25392366743006,93.78352947745006,0.018225015358659644,1268.7731491667455
181,152.21775594246918,-0.0205189257415612,120.22850590692028,-121.2236649129644,552.191481557785,0.12910021874163194,2.0407675375186884,1.013490534686882,575.7462881328047,-36732.07834897707,220.29765010221928,118.35562134400163,-3.2468351777712083e-06,3.3237707617494685,114.7858198738137,96.50943567124557,0.018309222052869733,1276.5250546457594
182,409.9703028581884,0.20471435217447168,313.64040966321426,-898.7516457856449,71.03442143549461,0.18103543651990328,0.4940967918029626,2.4726396442587357,-149294.3128388691,14417.228145049856,220.53818984410233,308.3770041118498,-9.94833119790234e-07,255.40757294892865,109.55672754059549,96.02714473373024,0.0184385322033338,1481.1720115927824
183,146.0474416529618,0.1810060732689722,-111.4516200188557,128.39822261196647,-933.3661227917964,0.13059310316645248,3.633039545419425,1.1887241068793193,988.4845135426193,-57786.112101036415,225.19827641815655,-109.95183719695984,8.81241099955767e-06,-4.083421329925841,105.08129254845447,91.20072123971241,0.0188927152841056,2304.121407093488
184,140.09016366804292,-0.0174272818348556,123.0063459384805,-122.4294279750662,420.36966202424753,0.1290840603287107,1.360395924127261,0.9975984166752462,311.87337810294497,-31055.222330718258,220.1362060348644,121.79135118597401,-2.2598673685843184e-06,3.424361550165214,115.0497536715232,96.39400118777256,0.01848332259807629,1206.66546715131
185,885.6376234518193,0.2259034696835726,199.50611455855514,-553.2581997181236,146.62002171522855,0.44720067663293583,8.680234056687864,-0.6432076908127939,-96072.27327160964,212705.09955069353,223.6776335327949,194.53790170471268,-4.325087962303225e-05,159.48395208032943,107.80130735305607,93.22019165454182,0.018584882336463576,1258.5724798603853
186,773.3150574799123,-0.20483323080906235,-208.17744772603183,705.2062960806201,-637.7067774705728,0.3278255779694453,6.968636744750147,1.1246512945152995,-102567.09860532742,100668.1534166864,223.32830262114646,-203.5794598217984,-2.2184229169692927e-05,-168.95402407354499,107.69990394578336,93.26709967633928,0.018692371206320318,1276.5986344027049
187,163.6130760045217,-0.020923467089778568,124.78064398227177,-121.00219294777905,538.1663437893192,0.12911425386693526,2.072150029415406,0.9772918356443364,335.7757573955387,-34659.4297672686,219.34229072708732,122.93594234819376,-1.728648240164151e-06,3.379297209402421,118.27874148907264,97.77590209586296,0.0187441809283216,1050.114130991481
188,148.53851439881032,-0.019594231292375718,121.22634043925413,-115.4764447664048,616.6153218736472,0.12909441359679186,2.311592826439482,0.9567801522970434,856.5359169752628,-40651.62325724784,222.69045158838568,118.98795901090485,-4.855738037771244e-06,3.185045208087711,111.09111535660357,94.0058495420392,0.01919294707342243,1496.9719269151099
189,410.57926539132836,0.1919789562041925,301.0847850203747,-907.7872068515413,72.37939580634027,0.17499872544370895,0.5152798070214786,2.6286529800569,-143567.07851521735,13208.061779677708,221.12533781964302,296.23768816669224,-1.5816214085859575e-06,242.95694266660192,109.58481608484892,95.47632948965362,0.019115980736038082,1391.1646760856704
191,145.3316553675175,0.1953172335562791,-105.88249041756559,144.42459065061368,-807.5605108622267,0.1307748162868737,2.9025841892920456,1.403985593665955,504.9196117408492,-51753.749195465185,223.06566287553198,-106.12006659794659,-3.110086168125545e-07,-3.8106939569966096,110.35082628012077,93.05161843035893,0.019395532922903268,1393.3862831981517
193,406.6263431287708,0.2436628163281443,148.50592859127462,-297.36847751753726,176.15128094504726,0.20094860851370752,2.768294787662362,1.043787102069868,-20470.748488738867,5839.559614698901,220.06975398004639,142.22934541240542,4.134774478628984e-06,69.77679191810057,112.53817906484407,97.380316709626,0.019490041422186518,1288.9883493295672
194,180.03613115098182,0.2396689103503453,-159.7771622054161,104.36063448933129,-622.2262027025124,0.13686705496787932,2.1757876125565345,0.7514436799587262,1213.3796188537162,-40893.822779374575,215.20962432105492,-160.87481030830082,3.6916525714526398e-06,-3.4411349151719772,135.85203525264558,104.1171052987202,0.01914200848440764,844.794378430369
195,158.47508051147864,-0.02126760948131157,123.76830694889792,-122.79135861097807,520.0575621042769,0.1291094119957785,1.9391048712517975,0.9987119789127908,277.6477101923556,-34462.094519113285,220.58084637147118,122.09373951487706,-3.0393979243742888e-06,3.257566593649704,116.839862044848,96.36114117065512,0.01954553675870944,1051.207216343898
196,143.06387655360413,-0.01897593975448492,122.30425660612957,-119.80885207109112,507.4102501740197,0.12908841047508302,1.7660765790834438,0.9826334018164722,520.7670524535979,-35548.84254860635,222.39109302899413,120.61520348603601,8.171155018612889e-07,3.176118071677478,112.6735550481724,94.14190991923336,0.019817162050349262,1248.5355301155796
197,137.49728101972974,-0.01941191712967025,116.17169863090963,-129.19174111747293,498.9097557323194,0.1290842217745712,1.5989914516799957,1.114286511671818,335.07316669040574,-36312.42446823032,222.5226372911208,115.3517432941906,6.364727266250567e-06,3.2086476167371516,111.7380359982222,93.5606496890604,0.019786113216267668,1241.4925086053481
198,153.6458084402467,-0.02066258788441264,118.75024814616184,-123.04830327321214,606.6247378362264,0.1291021238238712,2.277621527213352,1.0418178194190957,559.0966374619329,-39748.24147534705,222.48849839780965,116.95801478573296,-6.6262814714112055e-06,3.1044236243643004,112.88685118472681,94.16489181152622,0.01993565018269761,1223.0721113539205
200,170.6715946362107,0.22908531637916696,-145.91369071057252,122.99492030083857,-534.1702733167813,0.134808774900835,1.8982254856156733,0.9259223986530792,81.53231870369926,-35012.71601667156,216.15058490091042,-146.96071880514145,-1.8805850631762555e-06,-3.7275305809722714,131.5765295751627,102.29158519683372,0.01935408908261883,713.9007302550139
201,175.85591637031754,0.17313748183886948,-128.42592513400805,115.91271583425264,-942.600500734926,0.13281427932746126,3.764334997140143,0.9845615831070882,1283.559933293459,-56483.24728351543,223.59810248369573,-127.94799896164477,-4.153315548844696e-05,-3.0726151497887715,114.16894718202074,94.41618338771748,0.020538216465447047,1650.6616903601891
203,842.4966881775052,0.2423473291680345,208.61950033663658,-556.0382475509394,136.33484171326006,0.4588406608759425,7.093948676887077,-0.483228176796406,-98703.60319497186,184877.59026480388,225.58937831249597,203.72686506613098,-4.7149172609238545e-06,166.00308417068658,106.32654222601101,91.11700769606048,0.020375809806620782,1183.9490056495722
204,869.6324644671307,0.2275976096535011,201.3935545013166,-576.699876999107,141.70459148911237,0.440108759813756,8.140000542348863,-0.4198447224928372,-97981.00951254752,202104.3814244397,225.5640597670269,196.798846693352,-4.715431979118906e-05,160.84227774627252,106.67581379835384,91.09939851198313,0.02042232176800577,1132.0980310408418
205,744.6603594581109,-0.2173264357725377,-213.42339032301484,678.0645879249432,-603.3760707190519,0.3357339505171347,6.1685778771326625,1.0178219520944494,-101183.8551534306,86760.03199549386,225.2795025150666,-208.95696878323002,-1.166980035708995e-06,-171.8556435650793,106.52580769790094,91.18799474077616,0.02056695281005854,1160.611902853677
206,681.0576206181471,-0.14151999560308345,-192.9136772025678,999.0740305979466,-669.9856911576852,0.20262572926190756,5.739720493207581,3.8611656314723235,-108605.03441950328,44422.410532858674,224.2115483911341,-189.7908432404742,-1.0448425441553813e-05,-156.70626308479643,108.99864195861328,92.47085622423448,0.020484038420208628,1023.5038689541657
208,847.6052126616693,0.2321618156277384,200.792228730498,-563.1475064587372,148.77488209586218,0.4359639300639558,7.764652460789829,-0.3785470151966834,-94280.97170607971,186705.49846123692,226.0743806124332,196.21734739123627,-7.373305427510788e-05,159.15880051052426,106.4230978825908,90.54700793014216,0.02100973725213502,1098.0689094075794
210,147.68479560290368,-0.01874728344437861,118.42558340120651,-130.1629996656127,507.9888230692752,0.12909196224802424,1.7346807103582584,1.1030741783699862,145.30525955491615,-35710.55949046213,223.01279566252072,117.33214638689512,2.8059986389895338e-05,3.0345999675440485,113.3137182189978,93.29013829676296,0.021109792065651792,1057.1444035735035
213,901.0694031434673,0.22370159040885693,205.9825394998872,-613.7987569234803,144.1988694281708,0.4523256127463723,8.392056470804597,-0.4166209998228558,-107852.72888777405,223424.64950830047,226.7493829587873,201.72484526066572,2.6976447844013322e-05,166.53928945371266,105.89149789243959,89.65569087397199,0.02166710831498004,1055.561370815279
214,157.26793512263555,-0.02016225500904493,119.8494063975333,-128.68878929423576,558.6007469842332,0.1291045589536579,2.0584610953124978,1.0799607083655514,158.5386608004428,-37192.37373789649,223.19775322238544,118.4680198271739,-2.6346007869800465e-05,2.944084736100015,114.3283545130709,93.35733850301769,0.021706650948082027,999.2155846301793
215,768.5938665164093,-0.2167567639088818,-217.64319461802123,697.3628462238753,-673.3461758317736,0.3484869474124249,6.476632323125867,0.9499938830633338,-108153.01529292726,91922.13417703287,226.64982086476087,-213.48103009661213,2.538677684160177e-05,-176.66590603725066,105.76811649592041,89.59644540837151,0.021997521341073627,1061.7435233174851
218,135.35388662429148,-0.020691516342087168,114.42762003345392,-130.0880565687514,597.9914602917951,0.1290835354010855,1.996812074591811,1.1388216826898585,394.34297770193183,-42221.63389469489,226.25337058110802,113.35681236127523,6.66708162650056e-07,3.1194768271040068,107.31996380053434,89.18808987668837,0.02266951057777581,1273.8185386778287
220,640.8402351676326,-0.13508581858378954,-191.3157399792809,990.9112046064296,-718.1553130792067,0.1881756323205961,5.244712772568535,4.060265885109082,-103864.4077645844,20651.55219192186,225.57478684204347,-188.5059873287309,-9.530624667614414e-06,-152.94215103237914,108.93231617731851,91.0440546117062,0.022438770460501575,894.2181416442484
221,853.0882258528765,0.2248944846773256,201.98076208596146,-617.213559363154,140.40150013816162,0.4211969924425557,7.697908649037394,-0.057240791481678974,-100302.2494606984,191339.51215871907,227.56533962481492,197.87391562617944,4.7210804251551834e-05,161.394154975997,105.50715293531357,88.65606561419355,0.022831354728451117,990.8661826336577
222,732.2637981344368,-0.2222388400553234,-220.04134173350465,697.5085040727276,-595.6431983100646,0.3376889223338741,5.6375037140457405,1.1040157752087518,-106284.65825799946,79280.47646405526,227.44205781870957,-215.94190821783258,-6.7229080842720235e-06,-177.48173111115744,105.21421656110614,88.64497814810251,0.02308393762063412,1021.7670637171342
223,133.83031200534208,-0.023367594963762627,121.66582686399369,-121.79952425138895,529.9466523185466,0.129084287489774,1.7579777770514258,1.0028636772613262,428.0135790203012,-38400.31673210544,226.7805942622884,120.29286335425606,-1.3029132476073e-06,2.921346237940173,107.70206365735257,88.763867063201,0.02366165433028914,1229.606371804814
224,398.7156077559819,0.2535603636061426,151.71515691534583,-296.5835483678096,165.76357824601092,0.20347122032931714,2.516721108759819,1.0230889310107616,-20888.456477921096,4540.031013923606,224.0906223283252,146.23720077434726,-1.363922241468562e-06,68.15056749118389,110.91058780473496,93.31593585140793,0.023545044719295232,1011.2844570193784
225,673.6908254697488,-0.1389722460024236,-183.1109207213368,955.4796059131463,-647.4682285526518,0.1984384684775327,6.052332135869111,3.884504674958154,-97807.5517147497,43958.163079226506,226.60967380798164,-180.3830226230698,8.573654347511116e-06,-145.72988509194766,108.4628356508633,89.80477443194515,0.023446343131956652,819.7355105279057
226,133.32935600448434,0.15567327735521375,-110.42433503891722,135.62302559227768,-765.2314001359938,0.12949630676320992,2.6654460612220743,1.2401948114144878,434.44235595538254,-51635.39339979087,228.91451875212303,-109.50763951369335,-1.3779541932816532e-06,-3.60497972162773,102.8648201910923,85.68919813698565,0.02453967381254257,1448.1771145957166
227,828.7472715172493,0.21857619620671195,190.4230532603981,-595.9985980624142,149.8795990161752,0.3893942760718713,8.120952312235264,0.09940183296347647,-88086.7548872845,174087.88974434382,228.23583383832025,186.57463629217617,2.366316941360859e-05,149.4233718502855,105.78973194722694,87.87539057031059,0.02399760242604746,884.0306185375878
228,761.1852642696088,-0.2126486345227109,-217.4511376375902,732.5946491134407,-663.6069326329987,0.3362092513138456,6.307381730955776,1.1966499580414431,-110632.60939220698,88104.30858792466,228.26417824093784,-213.70099405482864,-5.646197983025828e-06,-176.58458000763332,104.9496604977177,87.591618006929,0.024184833014638786,939.3251449748134
233,748.0991678984124,-0.21428098630023115,-215.09298998648185,717.1410826200882,-654.5900989669827,0.3319856061851484,6.212084769839572,1.1996005593046926,-106379.1415518833,81913.64513528242,229.18779852905763,-211.50744006969398,2.2122494105484022e-06,-173.4005025882624,104.57819827271969,86.4329911393243,0.025665265701612414,868.0535446062961
236,139.43942111313362,-0.0214029126706074,117.02735789882307,-131.94181681097078,574.5655289447427,0.12908843711568022,1.9171324015653344,1.1302630654694972,123.5249129078884,-40898.5541719463,228.4880906009593,116.12305503113251,-3.008290767531741e-07,2.7307798050237264,107.34347333302846,86.42736402869438,0.026873230328857214,1005.3233859336316
237,151.9849315782651,-0.01917862877071147,125.43606248068214,-124.91907829338896,521.8922430669634,0.12909670306697424,1.8551453673145053,1.0005051716290172,26.844174921186088,-36134.647642285876,227.15504667009984,124.19594134550195,2.2325387332578428e-06,2.5539223454576137,112.04009346407392,88.65505989925543,0.026956578512220282,842.0776824355398
238,824.3368212840946,-0.2112393561700928,-208.52212650010785,701.8818511087453,-574.779772147825,0.369824061490342,7.683571414956559,0.7148620407297923,-108399.58898235342,133890.64097675437,230.03902663135074,-205.17006854336933,4.163701120859206e-05,-168.75150173347302,104.34295544582727,85.32841214984312,0.026818050554454863,794.3009484907593
239,948.1544781176692,0.2297413337851769,212.32344477961982,-602.7166553591387,143.23723182451042,0.5069510209387935,8.8458922849635,-0.9084250488051874,-117718.79043717524,254807.11665320606,230.71557255261644,208.8343191400563,-3.4058381904606977e-06,172.4301724136811,103.731780752593,84.60417837342236,0.027361095794023637,792.5041042789853
240,150.72359041346942,-0.02109878955612273,117.49276056548632,-133.41322437916415,606.5122896747041,0.12910005394592258,2.1573091402309736,1.1406569653113918,23.366808117188157,-41323.8809147808,228.4262255610986,116.48005304528559,-3.891179441922878e-06,2.5480569532377015,109.2125268591058,86.7462017208671,0.027860948866360518,882.8718682253511
241,677.0793327802389,-0.13692395671127675,-188.45781940817287,1024.3314328078313,-639.3626172402022,0.1971249773832807,5.714968980015615,4.144912003994037,-107488.5759674398,43372.81031288611,229.16687196833158,-186.12282186290162,-1.3731573990764564e-05,-151.23100640846147,107.13617456535354,86.5451359379285,0.02724268466068258,679.3119286604973
242,882.2878382036964,0.2309399040612129,209.2655974288521,-626.7925259863548,141.39581734447867,0.4587286483052916,7.732917494818103,-0.3036445356833221,-110009.14674339294,209072.5034769089,230.93998269937896,205.80537223588317,-4.989868550375351e-05,168.24424940799483,103.48512127618795,84.21885541825124,0.028005584979133837,781.9402924527708
243,854.6404448572351,0.2358460110639528,201.94499985707,-570.6020907180125,142.89349472866897,0.4509923637315982,7.78052177823066,-0.4406736850130616,-96879.31884742108,189457.30478875327,230.8738718346049,198.3956738072125,-1.2724714438327202e-05,159.32809342825652,103.94630483014707,84.42634617118789,0.028025918827330524,761.7412032265669
244,139.76906041882748,-0.02133067645765968,120.89969713298126,-126.6000208558383,575.4684070271718,0.12908868587571695,1.962524107383388,1.0499345024306712,192.04234842212188,-40803.84299994777,229.69945640851847,119.75480632185258,-8.861692578284893e-07,2.6048907794361758,106.38259206534659,84.93158962920855,0.02877168185382852,995.2115069057116
245,381.96304313969557,0.2450784360509054,150.26470275942725,-296.7121857010183,170.01367186830598,0.19232452616952256,2.3014369854619305,1.14589081618245,-19990.915041341592,1302.4271403554958,227.02453764066792,145.70039598510124,3.0072842373739514e-08,58.34272190688179,110.47664214317314,89.82678164535886,0.028462853014501976,767.8640432173082
246,141.20621050623237,-0.022506787491444875,118.82295554498604,-132.77760076862307,549.4089584354508,0.12909202584327745,1.818587705951471,1.1207413530558203,-40.37148756539227,-39505.912693112965,229.44092538321414,118.0288090002002,-3.8726066193394455e-06,2.5355095407702546,107.7491477557526,85.18089642912575,0.029334319867793807,878.8559744361896
248,432.57314554687866,-0.15172220246315546,-45.225571014062425,148.7564421087106,870.6921934166332,0.16138509983933425,10.789854972441123,0.9883792392799357,4065.464276813008,-8285.205950906286,225.48772620668618,-42.08817863002059,-3.847587936000633e-06,33.67592495878867,117.43328451877302,91.99116046867987,0.02742540002596553,431.5163083386734
249,135.49960049379845,-0.020179740877715558,126.99529442026896,-119.68581343850555,518.005251280078,0.12908320685631286,1.7231248465349325,0.9441932016552592,238.65300864762685,-37940.96141190897,230.34163416928985,125.72555933302904,-3.355642451706888e-06,2.495789898293977,105.9909465019438,84.1126396500751,0.030014585422289856,999.2404787066173
252,654.5616755623571,-0.1441804742987352,-190.54879037169948,971.7252863034784,-657.8831099347096,0.19937140416400367,5.380681579898879,3.8484333346155535,-103210.21385505267,32087.675070456164,230.1915071073833,-188.24275169142982,2.3925182966184462e-05,-151.20646984941564,106.49355268423795,85.13830101956925,0.02929874270866767,632.107019817203
253,904.5070873274933,0.22001341306150235,196.34096425696399,-597.239965447388,135.2121976494077,0.4443644165659717,9.264236137563326,-0.4938936032262469,-99847.51389546118,223427.92776149532,231.82691173762132,193.23928747439697,-7.177855472248098e-05,156.17037457234142,103.98529715762423,82.99008015024894,0.03008619803169371,654.4567339171558
254,795.1850986619348,-0.20728469352955484,-208.42025594151409,741.7957213149907,-586.8186104735647,0.3445275454772313,7.1437824265755125,1.1387681137350023,-108988.43405531342,114659.32564976953,231.7323083367109,-205.47127294115603,-3.0377003490637596e-05,-168.2566769294799,103.46370683508322,82.87135269447364,0.030371922557588037,681.6756537779521
255,122.93462044722843,-0.02030575979637053,119.48383591179278,-129.3745721798347,550.1205093375235,0.12907227805145471,1.6820653768678295,1.082409953883103,91.92542118233723,-41727.87297212494,232.11043992695716,118.8219645914574,-1.5379282115294598e-06,2.7174728215260595,101.80681373412165,80.91923700486365,0.032096696841557505,1035.5805747806571
256,144.78924883164782,-0.021946845373292136,119.78258763296783,-128.67754642177962,641.5705433175041,0.12909521573073315,2.27394533108336,1.078214411793116,146.74391734702473,-44102.84013508222,231.4039457717463,118.67225846783477,3.1717301244453806e-06,2.4884645333053927,104.99174648070908,82.51927944997773,0.032122127690021166,932.3037603446973
257,795.3777258352839,-0.21574355404887013,-218.99483654454886,749.6681672251054,-612.0218324185364,0.3623075222838651,6.616441218162136,1.0303213091281829,-117505.93508978767,110764.353790111,232.31148610921227,-216.0470199226438,3.749598327220591e-05,-178.1498514897194,102.672111636621,81.98903421148717,0.031493933305578585,678.9921943276512
258,784.8157768549391,-0.22087094497828952,-214.2370425835463,699.578891792812,-573.7076970070408,0.36673472262904705,6.656868767454664,0.8326879506126222,-108537.14104803107,108894.215018665,232.40694877705462,-211.24042411884147,-1.5305794108113292e-05,-172.25197096042137,102.79776733688308,81.91024469234735,0.03178168709385616,666.1364255719028
260,166.3177442283551,0.21119874442346287,-139.7989121616012,120.31955979293171,-680.6950712148703,0.1334292186195316,2.461397228689962,0.9322097174321072,376.62402866339835,-44887.10964349419,229.30297069964018,-139.82120617328422,-3.3333372345878935e-06,-2.2624173292876324,116.27439412792343,86.93773113297122,0.03301821398443547,739.2121356140436
261,812.5411406188824,-0.20816853142361288,-210.38415981179284,744.0795535866789,-623.1206170374935,0.3561732822779131,7.417251613502703,1.0204335132767175,-112370.35139657572,120940.89175929796,232.68976339202027,-207.61865853131158,-1.6375689561395737e-06,-170.4108795157014,102.9361202093206,81.42020432627861,0.03255264750623566,623.7719869145593
263,152.9978840125091,0.1930256340229897,-122.42573298167206,128.28151014991298,-938.8936068174334,0.13142986322039074,3.546511365549187,1.0963066767720289,477.3448278889218,-60320.257432950326,234.45844139551076,-121.74698405348272,-7.5983416254246094e-06,-3.0312224028120798,98.53538623234027,78.22277529588995,0.03509482358329002,1693.1741941325479
264,116.56720387211271,-0.023788847572886324,123.02750852175006,-123.05022530445551,586.7721686017777,0.1290644834457004,1.8322618543930147,0.998567681160376,241.65304951381316,-44505.43366842575,234.37247755949792,121.92061030372723,9.729513244814695e-07,2.6435167126716954,96.52363002478278,77.21708331725786,0.03479061500437306,1324.5786757682108
265,384.7291284481265,0.1946136923435426,328.8596402797125,-953.6796572808696,73.31036304745712,0.16990952558361544,0.36655643246699504,2.589761316617931,-163288.16634452788,6132.522101939931,230.80616614797052,325.92332537052766,1.9030739037486297e-06,261.38564983775143,105.78958315251795,84.22498403355023,0.033457387528822206,657.7912446303824
267,111.14066394042955,-0.019191345187882083,130.7363439053919,-114.19075308275411,610.3169827675006,0.12906408587561688,1.9211465216259165,0.8714787825475553,341.91974679420946,-47013.92268268705,236.94724994440884,129.18455753377998,3.1949391212106787e-06,2.5217833328305472,88.16778879700634,72.43658871991805,0.03657230163127609,3211.9182337910256
269,863.2485359676152,0.2446158276509263,207.14973892763282,-561.3949132742401,147.28176131063896,0.4820448874260715,7.582922542184361,-0.6511713093900448,-101045.13951066123,193010.96371217532,233.59383890033246,204.1150691084053,-1.1796519810038424e-05,163.3376781403429,102.29404843921684,80.3252534415148,0.034271242864558814,606.2594234570722
270,397.899711604054,0.19030442007877788,304.8899563965998,-933.1139260586584,73.205833205016,0.17118509232652174,0.4452756487105339,2.7074459146783263,-148281.55203871307,8372.249129106087,231.4037689982159,302.1208075246084,-6.520017806190667e-07,239.56553376933516,105.35417125946562,83.3507953604187,0.03476290187242878,635.2915292491383
273,762.9786762153873,-0.2284748137265324,-217.9163296514428,683.5710875283713,-594.031644260428,0.3687873192942593,6.185374278225894,0.8075175989170089,-107433.95883064881,93683.3066068636,233.78762081089403,-215.12480804073738,1.1963210115527374e-05,-174.28276116452702,101.94432267201496,79.74398590452141,0.035563231043225715,590.0373857304656
274,147.9538407015342,-0.01966674025749398,100.82156831214195,-132.32673757152006,494.7437211996514,0.12909401122102998,1.5735880116477825,1.3174293532208723,1179.3991886440115,-33735.46643586801,231.5332541156376,101.05891250213816,4.6125923072643485e-05,212.3019200622512,108.15258236816332,81.90345929685735,0.03600875731473757,616.6603360492057
276,121.21873336844784,-0.01621566094948505,119.15901504016188,-133.3503890008244,538.7791777587646,0.1290720280047097,1.5838561001213471,1.118569141352844,-125.0629153783857,-41727.39855996555,233.9518115396772,118.83691997927755,-3.84454966084089e-06,2.5052255333970748,100.75220602283396,77.81068354951377,0.03780554614837147,861.8303055197714
277,886.6488585488391,0.22144182530658665,194.08952114690567,-595.1124496194042,148.3963776562286,0.4356759098867897,9.089974118230037,-0.3888396821839904,-96420.77879195627,208911.99793808625,234.12182576570527,191.46239770682564,6.494416738669885e-06,152.95100250922184,102.93653490567429,79.34123444049726,0.03633344335796629,510.87879113717423
279,923.6751541220362,0.2190803090319238,195.93813854826976,-596.9649571970459,139.3071089395437,0.455391899728372,9.74916616962705,-0.6363644112370127,-101580.45051828149,235368.5359844298,234.3761187410524,193.39451051990227,8.145730816629673e-06,155.72679846848308,102.87945342313196,78.91488436986917,0.037003409427393184,492.63315341969775
280,146.18478282331378,-0.024711195904854728,132.21920134000592,-122.1255011395867,483.64433846945167,0.12910291494818496,1.6394088107498472,0.9280016370701408,-210.21144022304088,-35155.456326105,232.32921245513248,131.2889721500939,2.0080922941141255e-06,2.0340752206414088,108.91424064324323,81.32601545167317,0.03855808219624152,642.5078981421158
281,882.5080068592497,0.2335850078857795,200.9877877621589,-577.2436406153395,141.5690875998868,0.4663565083640881,8.408515633386912,-0.6008989513612945,-99887.96804148633,205962.57854128745,234.74290823178168,198.35535318773708,-1.973564896464416e-06,158.4729998055045,102.09622496463669,78.31970102652356,0.03811288609825581,508.2142175680455
282,895.5321383657666,0.2313004111758629,203.36076511251468,-598.2703353296321,139.6688790853737,0.4699473837436599,8.461925088236777,-0.5625701794757221,-104811.82952024355,215333.58514258434,234.92387131752983,200.79513776853145,-6.674291699122512e-05,161.5221569695096,101.84146133157527,77.96324803846878,0.03866774385750175,503.72540254840624
286,397.1610951409745,0.2088107245347169,315.4132889494681,-913.3158020995841,71.4872203181087,0.17944039607400253,0.43433964146867626,2.5245525892491414,-151617.0194760848,9416.591849434466,233.775404902894,312.8891243234383,1.3697784902322078e-07,248.69891790653716,103.71234192037925,79.69421557330888,0.04132793079505024,518.2098188898882
291,158.43587079433814,-0.019931011643361928,135.10125966934658,-127.5511771408218,461.64651992461745,0.1291050723618278,1.6122220586727165,0.9497790983515482,-738.8426057871111,-32770.53293247419,232.71101060552144,134.35852421893782,-5.779355163964738e-09,1.8673408086923144,113.0527507782746,80.86869777733833,0.043912050701793055,453.742321521894
300,120.99522036482092,-0.018134498304287584,124.49623028062555,-127.69980053249485,582.8457565738679,0.1290713628276206,1.810247547828954,1.025136217865634,-130.10268552530852,-44522.57375233727,237.73040814734543,123.81541010928206,2.321429079455854e-06,2.349730157146521,95.36021168201302,70.72650662256434,0.05169350636646386,854.0198131188415
303,114.34871576766493,-0.02216086194789264,120.82949381820812,-131.40009114518142,679.9895751964792,0.12906367894388365,2.1329479218738507,1.0855682975423244,-129.36200380577066,-51080.30144062562,239.29478195609886,120.14260063427376,-8.007278910368352e-06,2.6996902508189087,89.35642566054202,66.84952074413539,0.055842210876118695,1125.620258954236
304,158.0174885604179,0.2271943703344033,-138.56091121060138,127.17681945564615,-637.7668245661173,0.13297543547338447,2.2149166793449817,0.9778099371648872,-174.95628335028962,-44027.58151440752,235.5044938860849,-138.56184642447212,-3.70237816259658e-06,-1.76658458379511,110.65449978133354,76.59683050075591,0.053533181056023615,508.0524955824936
307,161.51581590068366,-0.020057771840103825,148.06774414576358,-104.08305807443428,560.3846515932886,0.12910873743179488,2.001313641939522,0.7086847927993779,183.13305096653042,-38923.933533418654,236.26387819432256,147.2157789906247,-2.656808707701944e-06,1.4313481633347145,107.68029127999891,74.88114145481626,0.05628617263187738,638.4128371076106
310,139.94436829120727,-0.0203124793853473,130.9794821441099,-124.24105572056938,542.2355840665325,0.12908749331430774,1.802805703759628,0.9510327552866634,-290.6824871915087,-40018.34072722167,237.5762084371653,130.30866224188338,-2.6204342868295354e-07,1.7407368517488089,101.73764702893124,71.53428112426361,0.05920559394229721,566.8731220727237
311,147.867522394535,-0.024856847963512858,141.3061074828149,-119.65521304347564,435.82732737361687,0.1291057769850919,1.4469191468609186,0.8512205692689786,-584.0004102251513,-32559.2511808534,236.34520892599258,140.6625108569594,1.4159807991245242e-06,1.5255952258925296,109.05365878817794,74.32913493534586,0.05974150419972313,406.5607956545953
312,181.09121545517536,-0.01849925260715606,134.1073733675992,-139.0498504102039,539.2079721458718,0.12912249418656474,2.0482795329838748,1.0464594711975022,-1410.746872818263,-35182.796347484014,234.34370091143228,133.59157138466244,-4.3364567272611073e-07,1.5495393679593212,116.7435509138743,78.22797564594158,0.05586984081552991,280.4865016152371
313,146.81948796535968,0.18510802641336105,-117.66325528346191,144.96467772562886,-834.4483795314243,0.13072511560936007,2.9686689223051776,1.2689282253036709,-349.2579301384594,-55965.477141979405,238.81327280307255,-117.46160614969908,1.366082276153689e-06,-2.5068875676070093,98.52332203180784,68.74516887906,0.06472482980545746,589.3716224321158
320,147.93498039942145,-0.017596445797589236,125.47833638525576,-140.5615798245276,507.95092294351633,0.1290900251746029,1.6408367658937246,1.1237579459875755,-966.0343071590904,-37794.51796629555,238.0273956748393,125.16142344109029,-6.0707411630778666e-06,1.4535973102101982,105.56495229564555,70.43337738514019,0.06993784779999697,340.39263491116884
321,774.8707412883272,-0.22347812542985826,-209.4319600960439,688.6163757921859,-604.0305498708647,0.36599989780839903,6.823200654038585,0.8370548180306631,-103676.05562021473,98492.26450855029,239.22380490115643,-207.8957880736386,-3.8553526543600186e-05,-165.33321513122885,99.5780154466167,68.80432137642903,0.06567726883521878,258.35001273114244
323,148.62421494805798,-0.021915487988216853,124.848159873058,-137.31116458906354,584.6264470164334,0.12909961269515682,1.9805832787860145,1.1044166323089075,-710.4396751329041,-41978.90914236031,238.9391286141803,124.45832120933659,4.810855613279037e-06,1.5220631118339325,102.96805238359995,68.36909970999329,0.07523358644817607,374.2655453722655
324,790.6496074501123,-0.2323890173039881,-222.45093609596645,713.5874882674648,-586.5023341590922,0.395730467424362,6.325703899843425,0.7138093426876742,-117090.00378848256,106968.58794079623,239.81134646459,-220.98617409609696,5.152796732718559e-05,-178.29272446983566,98.42494817862986,67.30326875877354,0.07089923780330629,252.55789652638762
326,891.5189800005588,0.2275801965708296,198.32212380724982,-609.8221317288514,152.67923641093844,0.4562474664999143,8.799920048258194,-0.43261668414792404,-101793.80282785972,209532.53627878448,239.69738117727883,196.86325052036472,-2.2575478795361594e-05,155.8549783965747,99.8096092601537,67.71523989903521,0.06941996093577239,224.5136780130262
327,838.4792919882942,0.2381787828800221,196.50350804260398,-576.7037108886466,145.5092546908258,0.4447065261578108,7.826645969516617,-0.3228160183047623,-92601.21417367193,174892.03248350837,239.8680920031379,195.01590392841618,-9.813644433337893e-06,151.47085328186438,99.61086018770682,67.31650108287302,0.07173815065028487,221.59408672841087
328,765.8794815133722,-0.234150088720994,-215.6702443901315,676.857320418416,-566.9732163010548,0.38259238361723824,6.266987932693215,0.7117645249786085,-106233.9760962912,95676.98855969222,240.2932896199765,-214.30619028503142,3.0951396644475516e-06,-170.15772558617982,98.56832367846606,66.02158976783545,0.07760653828538577,216.17798417095986
329,856.8428805130783,0.2295881507203321,193.52941057985146,-592.4855514335218,143.15913214484132,0.4360434216530622,8.43558846466283,-0.2804029987872826,-93483.90719742805,186954.88274763574,240.11687123396302,192.15257283799357,5.311643408548109e-05,149.76456868993523,99.86915305914782,66.60005283477471,0.07503492750474441,196.99557521605806
331,429.3664480297305,0.21834891207597784,290.61272048276294,-902.4223425054472,67.05126301275489,0.1943749563190203,0.6027650007206278,2.6065951565730594,-140402.5040960479,16308.473018013246,239.89240053534678,289.28119596325337,1.359451495157378e-06,226.40965136363354,99.8354948419027,67.0329352218837,0.08260608580607708,217.85121234610816
332,411.95537815082713,0.2091643299826799,292.44706482453,-897.9782741910919,69.58057423280243,0.1838658990928124,0.5282249124467431,2.635956738108541,-138745.70546272016,11656.126387177734,239.7199477659528,291.14057060893384,6.499819387245293e-07,225.40135170063468,100.68101359558514,67.4769498888288,0.0825114507297174,208.52423326455968
334,644.8805924496687,-0.14362721462218248,-189.3339393076044,998.0146696133148,-631.1598738313908,0.1967106635794948,5.124737529561283,4.054907230851066,-104355.72192015602,27346.156565345253,239.36756529974807,-188.36233332346126,-1.2074673936739599e-05,-147.07313774599908,102.87217817675614,68.27402335033071,0.07411100908614368,161.47317931906602
335,841.8883034561453,0.2274902092028572,190.8149322695859,-597.2688521044581,147.2645029050993,0.4198967407757834,8.33218845963557,-0.11171502585447003,-90549.80070767713,177027.28755261618,240.7448089194456,189.5915400087092,5.213993176074408e-05,146.74325076243085,99.76974176764072,64.79017876252358,0.08449167502374942,161.1951476458466
336,141.65440898555755,-0.018776940762607986,125.29152673780158,-139.6815409143264,571.5401696788882,0.12908694487716166,1.8437254672354992,1.1175412129525235,-904.8182852854223,-42584.904624507384,241.9235386507056,125.07807306327976,9.449168396005848e-07,1.3923680720094054,99.35818712751801,59.72316496746687,0.12589308171571725,255.37856286873568
337,869.6986451278302,0.22890097977824275,188.20490856602592,-548.8341942344567,143.1890424790883,0.4436676095733707,9.271402530873123,-0.6165743127779801,-87320.49201835827,194387.15521999335,240.7199226151,186.96850203426118,-2.6676293617836482e-05,144.01041692796008,100.49770301825876,64.92897770203471,0.08412828823437035,147.12589760351875
339,133.57579104999084,-0.02046619959288351,124.27119524191721,-140.69490231829732,585.7568958669657,0.12908167900475434,1.8234944748614264,1.133628082361103,-906.6137206090243,-44587.39552717064,243.1924159754566,124.12190694298128,9.804343137970687e-06,1.588621659887519,95.56064985877424,54.703274941584006,0.16706979256387536,238.82122060922254
341,149.06313034904727,-0.019143275434822176,136.90767431786568,-128.72089125906268,528.8508040436803,0.1290939611657144,1.7639577214115356,0.9439339085930064,-951.5073665614183,-39227.52049638555,243.91816965220218,136.76502563048192,2.8535461400124767e-06,0.8615759937406041,101.12839550668795,51.64827728647956,0.2497910100549665,139.00954966444237
343,150.20471328096178,-0.02202713005726324,142.08178002121613,-123.7856919633662,521.5884751890878,0.12910176326502834,1.740253620041228,0.8755807535860258,-924.4843746168443,-38845.40946824415,245.01989321268,142.00677326365454,7.120425339444943e-07,0.6979467466275141,100.614572555203,44.56401144588708,0.4664856456488216,99.23295894936726
344,158.36938702062994,0.241214382792217,-150.61608418307145,129.73299262658747,-585.5800725333098,0.13351454640786112,1.9095097595204984,0.920359620574026,-1007.692628477358,-43091.70545107442,246.1471829191641,-150.6193814918119,3.998927984754144e-06,-0.5757221605413112,106.16993562557889,24.447248278216875,6.477555539548347,141.2527594393213
15,175.9690940654495,0.1710970811909845,-100.77244517810837,117.23174764753901,-754.7511213309504,0.13273702258783582,3.5116318852994652,1.266915883781289,2664.8701202736443,-37257.83486518877,162.7455696732959,-102.75382575170364,-1.4655083059839478e-05,-10.59993003171435,142.2320633601074,133.6694882074838,0.003909641140785993,3795.4564265201416
24,163.17395073879604,0.1719974618704771,-97.36936575589735,122.96898689576116,-752.4797827703767,0.13172676762584376,3.2327078651255547,1.3401351347691544,2363.9041531408852,-40279.43976400145,180.47734036299786,-99.32427616782215,-6.381409029192722e-06,-7.9337880448623315,133.62210418215298,124.7593588472299,0.0054949225824095504,3625.053793202043
97,159.97310648033334,0.2336304494733796,-119.75901062087614,124.7697736196745,-621.030592308583,0.13347045161853816,2.3656431902891666,1.117797641903013,1163.7822343999005,-38143.379421172285,204.64812934679625,-120.8326201749228,-6.187477579157882e-06,-5.116625185444724,127.6279630017226,111.10982049704315,0.010943076759904451,1627.3414862391164
147,187.00623674472027,0.1888629592079408,-128.6009990971809,122.84087384237318,-869.3317232448068,0.13469247165101286,3.5414159926157462,1.0677554717498818,1196.2354659498742,-49817.26133462385,211.30012855975025,-129.2941041428195,-2.660244520125315e-05,-3.9102890885047015,129.18292002322028,106.85273267088705,0.014528775601642268,1171.7330057757354
262,171.78046437619537,0.17366277793771698,-124.06886141157308,151.65239379167303,-662.3989515188267,0.13248785029740093,2.411229617218676,1.299553988000522,-782.5921834383407,-42726.212803552,227.84624345414161,-124.7249568359984,-2.1408379850110444e-06,-2.3318866318188234,119.02046605442476,88.19689471504525,0.03216427576281103,525.7160292958855
