,f,Omega_lim,Omega_noise
0,1e-05,1.1646792813367947e-08,2.672400691380686e-06
1,0.0010109909909909911,5.2281877509901636e-14,2.184914079640472e-11
2,0.002011981981981982,1.908563637835663e-14,1.130188886977188e-11
3,0.0030129729729729735,1.7935280905635125e-14,1.1154065306637091e-11
4,0.004013963963963964,2.215449944588768e-14,1.594294143031314e-11
5,0.005014954954954955,2.8282083853675734e-14,2.578593663399052e-11
6,0.0060159459459459465,4.069913541261087e-14,4.167620811308565e-11
7,0.007016936936936937,5.536973939792117e-14,6.496876149043607e-11
8,0.008017927927927928,7.229389580960667e-14,9.728560317932155e-11
9,0.00901891891891892,9.147160464766734e-14,1.4050699472676484e-10
10,0.01001990990990991,1.2116034371391352e-13,1.9678755171999182e-10
11,0.011020900900900901,1.6122052765293334e-13,2.6858119717564224e-10
12,0.012021891891891894,2.0926061678537906e-13,3.5866980333152606e-10
13,0.013022882882882884,2.6600539879234894e-13,4.701936035046691e-10
14,0.014023873873873875,3.321796613549418e-13,6.066825999908257e-10
15,0.015024864864864866,4.0850819215425607e-13,7.720886490748438e-10
16,0.016025855855855857,4.957157788713905e-13,9.70818102555663e-10
17,0.017026846846846848,5.945272091874439e-13,1.2077649768732757e-09
18,0.01802783783783784,7.056672707835145e-13,1.488344663494441e-09
19,0.01902882882882883,8.298607513407005e-13,1.8185282115699491e-09
20,0.02002981981981982,9.678324385401016e-13,2.2048772166610598e-09
21,0.02103081081081081,1.120307120062815e-12,2.6545793426251926e-09
22,0.022031801801801802,1.2880095835899411e-12,3.17548449019421e-09
23,0.023032792792792793,1.4716646168025772e-12,3.7761416069337065e-09
24,0.024033783783783787,1.6719970073818222e-12,4.465836110233875e-09
25,0.02503477477477478,1.889731543008775e-12,5.254627868672343e-09
26,0.02603576576576577,2.1255930113645324e-12,6.153389658393419e-09
27,0.02703675675675676,2.380306200130196e-12,7.173845980982683e-09
28,0.02803774774774775,2.7041101067883715e-12,8.328612098653934e-09
29,0.029038738738738742,3.1114503298747387e-12,9.631233112438965e-09
30,0.030039729729729733,3.5631652045936245e-12,1.1096222880561915e-08
31,0.031040720720720723,4.062366109511153e-12,1.273910254840271e-08
32,0.03204171171171172,4.612269857948107e-12,1.4576438439530869e-08
33,0.03304270270270271,5.216198697979919e-12,1.6625879040323246e-08
34,0.0340436936936937,5.877580312436696e-12,1.8906190799721904e-08
35,0.03504468468468469,6.599947818903186e-12,2.1437292461712484e-08
36,0.03604567567567568,7.386939769718805e-12,2.4240287651971245e-08
37,0.03704666666666667,8.24230015197762e-12,2.7337495452558567e-08
38,0.03804765765765766,9.169878387528347e-12,3.075247872007377e-08
39,0.039048648648648654,1.0173629332974387e-11,3.4510069933680045e-08
40,0.040049639639639645,1.1257613279673775e-11,3.863639439998326e-08
41,0.041050630630630636,1.242599595373921e-11,4.315889069178934e-08
42,0.04205162162162163,1.3683048516038044e-11,4.810632825689904e-08
43,0.04305261261261262,1.5033147562192285e-11,5.350882220068631e-08
44,0.04405360360360361,1.6480775122578618e-11,5.939784532133882e-08
45,0.0450545945945946,1.8030518662328366e-11,6.580623755813958e-08
46,0.04605558558558559,1.9687071081327514e-11,7.276821309959902e-08
47,0.04705657657657658,2.14552307142167e-11,8.031936548793117e-08
48,0.04805756756756758,2.3339901330391247e-11,8.849667114740214e-08
49,0.04905855855855857,2.5346092134001063e-11,9.73384918543706e-08
50,0.05005954954954956,2.7478917763950804e-11,1.0688457675414114e-07
51,0.05106054054054055,2.9743598293899735e-11,1.1717606461168513e-07
52,0.05206153153153154,3.2145459232261785e-11,1.28255487057425e-07
53,0.05306252252252253,3.468993152220554e-11,1.4016677365314735e-07
54,0.054063513513513524,3.738255154165422e-11,1.52955259654305e-07
55,0.055064504504504515,4.0228961103285766e-11,1.6666769738112717e-07
56,0.056065495495495506,4.3234907454532727e-11,1.8135227212991755e-07
57,0.057066486486486497,4.640624327758231e-11,1.9705862355568053e-07
58,0.05806747747747749,4.974892668937639e-11,2.1383787343608597e-07
59,0.05906846846846848,5.326902124161148e-11,2.3174266068334727e-07
60,0.06006945945945947,5.6972695920738814e-11,2.5082718440385724e-07
61,0.06107045045045046,6.086622514796421e-11,2.711472557147885e-07
62,0.06207144144144145,6.495598877924818e-11,2.927603589122001e-07
63,0.06307243243243243,6.924847210530585e-11,3.1572572244689636e-07
64,0.06407342342342343,7.375026585160707e-11,3.401044000032161e-07
65,0.06507441441441442,7.846806617837636e-11,3.6595936179360284e-07
66,0.06607540540540541,8.340867468059275e-11,3.9335559598017406e-07
67,0.0670763963963964,8.85789983879901e-11,4.223602199161601e-07
68,0.06807738738738739,9.398604976505691e-11,4.5304260066811523e-07
69,0.06907837837837838,9.963694671103613e-11,4.854744840378034e-07
70,0.07007936936936937,1.0553891255992571e-10,5.197301310547611e-07
71,0.07108036036036036,1.1169927608047788e-10,5.558864606611858e-07
72,0.07208135135135135,1.1812547147619983e-10,5.940231970649348e-07
73,0.07308234234234234,1.2482503838535332e-10,6.342230199991653e-07
74,0.07408333333333333,1.3180562188095462e-10,6.765717159038931e-07
75,0.07508432432432433,1.3907497247077497e-10,7.211583278410276e-07
76,0.07608531531531532,1.4664094609733986e-10,7.68075301775714e-07
77,0.07708630630630631,1.5451150413792987e-10,8.174186267085861e-07
78,0.0780872972972973,1.6269471340457976e-10,8.692879660309933e-07
79,0.07908828828828829,1.711987461440794e-10,9.237867774033899e-07
80,0.08008927927927928,1.800318800379732e-10,9.810224184303493e-07
81,0.08109027027027027,1.892024982025599e-10,1.0411062354281071e-06
82,0.08209126126126126,1.9871908918889339e-10,1.1041536326554401e-06
83,0.08309225225225225,2.0859024698278176e-10,1.170284119508703e-06
84,0.08409324324324324,2.188246710047881e-10,1.2396213333686537e-06
85,0.08509423423423423,2.2943116611023018e-10,1.3122930360311777e-06
86,0.08609522522522522,2.4041864258918e-10,1.3884310819559397e-06
87,0.08709621621621622,2.5179611616646473e-10,1.4681713569251216e-06
88,0.0880972072072072,2.635727080016657e-10,1.551653686116369e-06
89,0.0890981981981982,2.7575764468911936e-10,1.639021711056347e-06
90,0.09009918918918919,2.8836025825791673e-10,1.7304227354292881e-06
91,0.09110018018018018,3.013899861719031e-10,1.826007540262769e-06
92,0.09210117117117117,3.148563713296789e-10,1.925930169593804e-06
93,0.09310216216216216,3.2876906206459886e-10,2.030347688324297e-06
94,0.09410315315315315,3.431378121447725e-10,2.1394199145969154e-06
95,0.09510414414414414,3.579724807730644e-10,2.253309129650938e-06
96,0.09610513513513515,3.7328303258709306e-10,2.3721797687418617e-06
97,0.09710612612612614,3.890795376592321e-10,2.496198097317457e-06
98,0.09810711711711713,4.053721714966094e-10,2.6255318772249656e-06
99,0.09910810810810812,4.221712150411081e-10,2.7603500282671447e-06
100,0.10010909909909911,4.3948705466936584e-10,2.9008222909171093e-06
101,0.1011100900900901,4.573301821927743e-10,3.0471188964312892e-06
102,0.10211108108108109,4.757111948574808e-10,3.199410250954862e-06
103,0.10311207207207208,4.946407953443862e-10,3.357866640483567e-06
104,0.10411306306306307,5.141297917691469e-10,3.5226579637195725e-06
105,0.10511405405405407,5.34189097682174e-10,3.6939534999278057e-06
106,0.10611504504504506,5.548297320686324e-10,3.871921718854503e-06
107,0.10711603603603605,5.760628193484426e-10,4.0567301396050736e-06
108,0.10811702702702704,5.978995893762789e-10,4.2485452450885604e-06
109,0.10911801801801803,6.20351377441571e-10,4.447532458217318e-06
110,0.11011900900900902,6.434296242685032e-10,4.653856185501893e-06
111,0.11112000000000001,6.671458760160136e-10,4.8676799330027655e-06
112,0.112120990990991,6.915117842777963e-10,5.089166498795409e-06
113,0.11312198198198199,7.165391060822985e-10,5.318478245178108e-06
114,0.11412297297297298,7.422397038927234e-10,5.555777452810201e-06
115,0.11512396396396397,7.686255456070285e-10,5.801226757821796e-06
116,0.11612495495495496,7.957087045579253e-10,6.054989671696e-06
117,0.11712594594594596,8.23501359512881e-10,6.3172311824057e-06
118,0.11812693693693695,8.520157946741164e-10,6.58811843390501e-06
119,0.11912792792792794,8.812643996786075e-10,6.86782147964868e-06
120,0.12012891891891893,9.112596695980858e-10,7.156514104361234e-06
121,0.12112990990990992,9.420142049390355e-10,7.454374706822574e-06
122,0.12213090090090091,9.735407116426973e-10,7.761587235001385e-06
123,0.1231318918918919,1.005852001085065e-09,8.078342163475307e-06
124,0.12413288288288289,1.0389609900768889e-09,8.404837501752507e-06
125,0.1251338738738739,1.0728807008636724e-09,8.741279820877215e-06
126,0.1261348648648649,1.1076242611256736e-09,9.087885284587616e-06
127,0.12713585585585588,1.1432049039779065e-09,9.44488067032153e-06
128,0.12813684684684687,1.1796359679701388e-09,9.812504364558253e-06
129,0.12913783783783786,1.2169308970868917e-09,1.0191007316365093e-05
130,0.13013882882882885,1.2551032407474448e-09,1.0580653932605716e-05
131,0.13113981981981984,1.294166653805829e-09,1.0981722898083022e-05
132,0.13214081081081083,1.3341348965508292e-09,1.1394507903947254e-05
133,0.13314180180180182,1.375021834705989e-09,1.181931826801482e-05
134,0.13414279279279281,1.4168414394296036e-09,1.2256479431223675e-05
135,0.1351437837837838,1.4596077873147219e-09,1.270633331530456e-05
136,0.1361447747747748,1.503335060389151e-09,1.3169238527875969e-05
137,0.1371457657657658,1.5480375461154502e-09,1.3645570402573194e-05
138,0.13814675675675678,1.5937296373909339e-09,1.4135720863493183e-05
139,0.13914774774774777,1.6404258325476697e-09,1.4640098105165798e-05
140,0.14014873873873876,1.6881407353524838e-09,1.5159126081435955e-05
141,0.14114972972972975,1.736889055006954e-09,1.569324379903922e-05
142,0.14215072072072074,1.7866856061474113e-09,1.6242904414254068e-05
143,0.14315171171171173,1.8375453088449462e-09,1.680857413378841e-05
144,0.14415270270270272,1.8894831886054007e-09,1.7390730923975318e-05
145,0.14515369369369371,1.942514376369369e-09,1.7989863035377728e-05
146,0.1461546846846847,1.996654108512207e-09,1.8606467352994765e-05
147,0.1471556756756757,2.051917726844019e-09,1.9241047585382104e-05
148,0.1481566666666667,2.108320678609666e-09,1.989411230910045e-05
149,0.14915765765765768,2.1658785164887622e-09,2.0566172887943832e-05
150,0.15015864864864867,2.2246068985956815e-09,2.1257741289324117e-05
151,0.15115963963963966,2.2845215884795466e-09,2.1969327822952445e-05
152,0.15216063063063065,2.345638455124236e-09,2.2701438829511928e-05
153,0.15316162162162164,2.4079734729483875e-09,2.3454574349312294e-05
154,0.15416261261261263,2.4715427218053883e-09,2.422922580290685e-05
155,0.15516360360360362,2.5363623869833813e-09,2.5025873717293775e-05
156,0.1561645945945946,2.602448759205264e-09,2.5844985532571366e-05
157,0.1571655855855856,2.6698182346286926e-09,2.6687013524735253e-05
158,0.1581665765765766,2.7384873148460727e-09,2.755239288065912e-05
159,0.15916756756756759,2.8084726068845646e-09,2.84415399611601e-05
160,0.16016855855855858,2.879790823206089e-09,2.935485078739297e-05
161,0.16116954954954957,2.952458781707317e-09,3.0292699784626107e-05
162,0.16217054054054056,3.026493405719671e-09,3.1255438815716604e-05
163,0.16317153153153155,3.101911724009337e-09,3.22433965343197e-05
164,0.16417252252252254,3.1787308707772472e-09,3.3256878085042294e-05
165,0.16517351351351353,3.2569680856590936e-09,3.429616517439627e-05
166,0.16617450450450452,3.3366407137253177e-09,3.5361516532544285e-05
167,0.1671754954954955,3.417766205481124e-09,3.645316878148824e-05
168,0.1681764864864865,3.500362116866464e-09,3.7571337720566156e-05
169,0.1691774774774775,3.5844461092560447e-09,3.8716220034943906e-05
170,0.17017846846846849,3.670035949459334e-09,3.988799542726213e-05
171,0.17117945945945948,3.7571495097205475e-09,4.108682916679537e-05
172,0.17218045045045047,3.845804767718656e-09,4.2312875044456834e-05
173,0.17318144144144146,3.9360198065673915e-09,4.35662787158217e-05
174,0.17418243243243245,4.0278128148152345e-09,4.484718140811637e-05
175,0.17518342342342344,4.12529645883722e-09,4.6155723960918294e-05
176,0.17618441441441443,4.2445099436585855e-09,4.7492051164217596e-05
177,0.17718540540540542,4.366463676819858e-09,4.8856316351595223e-05
178,0.1781863963963964,4.4912046298048066e-09,5.024868620066763e-05
179,0.1791873873873874,4.618780307825195e-09,5.1669345687722584e-05
180,0.1801883783783784,4.7492387528360425e-09,5.311850313871783e-05
181,0.18118936936936939,4.882628546550841e-09,5.459639531461908e-05
182,0.18219036036036038,5.018998813456808e-09,5.610329246550248e-05
183,0.18319135135135137,5.15839922383014e-09,5.763950328501641e-05
184,0.18419234234234236,5.300879996751235e-09,5.920537969476101e-05
185,0.18519333333333335,5.4464919031199475e-09,6.080132138696623e-05
186,0.18619432432432434,5.5952862686708206e-09,6.242778005358617e-05
187,0.18719531531531533,5.747314976988351e-09,6.408526323062388e-05
188,0.18819630630630632,5.9026304725221996e-09,6.577433768819201e-05
189,0.1891972972972973,6.0612857636024506e-09,6.749563229952172e-05
190,0.1901982882882883,6.223334425454866e-09,6.924984032586673e-05
191,0.1911992792792793,6.388830603216099e-09,7.103772105900419e-05
192,0.1922002702702703,6.5578290149489586e-09,7.286010076879231e-05
193,0.1932012612612613,6.730384954657642e-09,7.471787290997474e-05
194,0.1942022522522523,6.906554295302983e-09,7.661199755007275e-05
195,0.19520324324324329,7.086393491817688e-09,7.854349998871796e-05
196,0.19620423423423428,7.269959584121575e-09,8.051346854807703e-05
197,0.19720522522522527,7.457310200136844e-09,8.252305152400797e-05
198,0.19820621621621626,7.64850355880327e-09,8.457345329816874e-05
199,0.19920720720720725,7.843598473093486e-09,8.666592962235357e-05
200,0.20020819819819824,8.042654353028217e-09,8.88017820977314e-05
201,0.20120918918918923,8.245731208691506e-09,9.098235188327265e-05
202,0.20221018018018022,8.452889653245973e-09,9.320901267932057e-05
203,0.2032111711711712,8.664190905948038e-09,9.548316304384823e-05
204,0.2042121621621622,8.879696795163205e-09,9.780621811027396e-05
205,0.2052131531531532,9.099469761381252e-09,0.00010017960078663369
206,0.20621414414414418,9.3235728602315e-09,0.00010260473252625958
207,0.20721513513513518,9.552069765498064e-09,0.00010508302376973096
208,0.20821612612612617,9.785024772135074e-09,0.00010761586416658865
209,0.20921711711711716,1.0022502799281921e-08,0.00011020461269298076
210,0.21021810810810815,1.0264569393278529e-08,0.00011285058778789399
211,0.21121909909909914,1.0511290730680545e-08,0.00011555505763578413
212,0.21222009009009013,1.0762733621274627e-08,0.00011831923072712567
213,0.21322108108108112,1.1018965511093657e-08,0.00012114424683054895
214,0.2142220720720721,1.1280054485432013e-08,0.00012403116851072835
215,0.2152230630630631,1.1546069271860777e-08,0.00012698097332494913
216,0.2162240540540541,1.1817079243242989e-08,0.00012999454682826876
217,0.21722504504504508,1.2093154420748923e-08,0.00013307267651235216
218,0.21822603603603608,1.237436547687127e-08,0.00013621604679640495
219,0.21922702702702707,1.2660783738440412e-08,0.0001394252351801509
220,0.22022801801801806,1.295248118963969e-08,0.0001427007096585543
221,0.22122900900900905,1.3249530475020592e-08,0.00014604282748601863
222,0.22223000000000004,1.3552004902518027e-08,0.00014945183536419954
223,0.22323099099099103,1.3859978446465558e-08,0.00015292787111246287
224,0.22423198198198202,1.4173525750610675e-08,0.00015647096686352622
225,0.225232972972973,1.4492722131129981e-08,0.0001600810538091112
226,0.226233963963964,1.4817643579644468e-08,0.00016375796850168645
227,0.227234954954955,1.5148366766234777e-08,0.0001675014606987913
228,0.22823594594594598,1.5484969042456398e-08,0.00017131120271622797
229,0.22923693693693697,1.582752844435492e-08,0.00017518680023582926
230,0.23023792792792797,1.6176123695481334e-08,0.00017912780449279525
231,0.23123891891891896,1.6530834209907183e-08,0.0001831337257470232
232,0.23223990990990995,1.6891740095239855e-08,0.00018720404792268056
233,0.23324090090090094,1.725892215563783e-08,0.00019133824428078857
234,0.23424189189189193,1.7632461894825918e-08,0.00019553579397105241
235,0.23524288288288292,1.8012441519110472e-08,0.00019979619929188258
236,0.2362438738738739,1.8398943940394662e-08,0.00020411900347176026
237,0.2372448648648649,1.879205277919372e-08,0.00020850380877107582
238,0.2382458558558559,1.9191852367650157e-08,0.000212950294691553
239,0.23924684684684688,1.9598427752549004e-08,0.00021745823607060237
240,0.24024783783783787,2.001186469833311e-08,0.00022202752083062163
241,0.24124882882882887,2.0432249690118304e-08,0.00022665816714858197
242,0.24224981981981986,2.0859669936708693e-08,0.00023135033980935116
243,0.24325081081081085,2.1294213373611864e-08,0.00023610436550724115
244,0.24425180180180184,2.1735968666054197e-08,0.00024092074686433222
245,0.24525279279279283,2.2185025211996026e-08,0.0002458001749412634
246,0.24625378378378382,2.2641473145146893e-08,0.00025074354002642987
247,0.2472547747747748,2.3105403337980873e-08,0.0002557519405028622
248,0.2482557657657658,2.357690740475171e-08,0.00026082668960843446
249,0.2492567567567568,2.4056077704508115e-08,0.00026596931992435444
250,0.2502577477477478,2.4543007344108983e-08,0.0002711815854489952
251,0.2512587387387388,2.5037790181238695e-08,0.0002764654611388583
252,0.25225972972972976,2.554052082742227e-08,0.00028182313982558346
253,0.25326072072072076,2.6051294651040658e-08,0.0002872570264472023
254,0.25426171171171175,2.6570207780346012e-08,0.0002927697295629613
255,0.25526270270270274,2.7097357106476858e-08,0.0002983640501536944
256,0.25626369369369373,2.763284028647337e-08,0.0003040429677435545
257,0.2572646846846847,2.8176755746292668e-08,0.00030980962391352255
258,0.2582656756756757,2.872920268382396e-08,0.00031566730331209544
259,0.2592666666666667,2.9290281071903836e-08,0.0003216194123034896
260,0.2602676576576577,2.986009166133153e-08,0.00032766945542813536
261,0.2612686486486487,3.043873598388409e-08,0.00033382100988373135
262,0.2622696396396397,3.1026316355331775e-08,0.00034007769826722626
263,0.26327063063063066,3.162293587845308e-08,0.00034644315984833746
264,0.26427162162162166,3.222869844605015e-08,0.0003529210206731693
265,0.26527261261261265,3.2843708743963946e-08,0.0003595148628217157
266,0.26627360360360364,3.34680722540895e-08,0.0003662281931651203
267,0.26727459459459463,3.410189525739116e-08,0.00037306441198713586
268,0.2682755855855856,3.474528483691781e-08,0.00038002678184891
269,0.2692765765765766,3.5398348880818235e-08,0.00038711839708672704
270,0.2702775675675676,3.606119608535615e-08,0.0003943421543383666
271,0.2712785585585586,3.673393595792561e-08,0.00040170072449506665
272,0.2722795495495496,3.7416678820066184e-08,0.0004091965264725547
273,0.2732805405405406,3.810953581047821e-08,0.00041683170318606265
274,0.27428153153153156,3.8812618888038046e-08,0.00042460810010066857
275,0.27528252252252255,3.952604083481326e-08,0.00043252724670965063
276,0.27628351351351355,4.0249915259078046e-08,0.00044059034126990186
277,0.27728450450450454,4.098435659832819e-08,0.0004487982390949388
278,0.2782854954954955,4.172948012229655e-08,0.0004571514446728442
279,0.2792864864864865,4.2485401935968156e-08,0.0004656501078388698
280,0.2802874774774775,4.3252238982595533e-08,0.00047429402419071095
281,0.2812884684684685,4.403010904671386e-08,0.00048308263988901257
282,0.2822894594594595,4.4819130757156406e-08,0.0004920150609369603
283,0.2832904504504505,4.561942359006949e-08,0.0005010900669812884
284,0.2842914414414415,4.643110787192792e-08,0.0005103061296232947
285,0.28529243243243246,4.725430478255018e-08,0.0005196614351730527
286,0.28629342342342345,4.808913635811367e-08,0.0005291539117235894
287,0.28729441441441445,4.893572549416996e-08,0.0005387812603650392
288,0.28829540540540544,4.9794195948659955e-08,0.0005485409903023304
289,0.2892963963963964,5.066467234492938e-08,0.0005584304575845839
290,0.2902973873873874,5.154728017474367e-08,0.0005684469071007554
291,0.2912983783783784,5.2442145801303475e-08,0.0005785875174448984
292,0.2922993693693694,5.33493964622598e-08,0.0005888494482064574
293,0.2933003603603604,5.426916027272925e-08,0.0005992298891968895
294,0.2943013513513514,5.520156622830933e-08,0.0006097261110843798
295,0.29530234234234237,5.614674420809353e-08,0.0006203355168740255
296,0.29630333333333336,5.710482497768691e-08,0.0006310556936422553
297,0.29730432432432435,5.80759401922209e-08,0.0006418844639119291
298,0.29830531531531534,5.906022239936885e-08,0.0006528199360390058
299,0.29930630630630634,6.005780504236113e-08,0.0006638605529732938
300,0.3003072972972973,6.106882246300048e-08,0.0006750051387549044
301,0.3013082882882883,6.209340990467717e-08,0.0006862529421148891
302,0.3023092792792793,6.313170351538415e-08,0.0006976036765633102
303,0.3033102702702703,6.41838403507327e-08,0.000709057556370707
304,0.3043112612612613,6.524995837696708e-08,0.0007206153278795864
305,0.3053122522522523,6.633019647398022e-08,0.0007322782956210303
306,0.30631324324324327,6.742469443832878e-08,0.0007440483427575504
307,0.30731423423423426,6.853359298624844e-08,0.000755927945426606
308,0.30831522522522525,6.965703375666902e-08,0.0007679201806193052
309,0.30931621621621624,7.079515931423009e-08,0.0007800287272952039
310,0.31031720720720724,7.194811315229572e-08,0.0007922578605061858
311,0.3113181981981982,7.311603969597003e-08,0.000804612438379455
312,0.3123191891891892,7.429908430511237e-08,0.0008170978818908738
313,0.3133201801801802,7.549739327735251e-08,0.000829720147444446
314,0.3143211711711712,7.671111385110596e-08,0.000842485692360653
315,0.3153221621621622,7.794039420858911e-08,0.0008554014334646961
316,0.3163231531531532,7.91853834788347e-08,0.0008684746990544083
317,0.31732414414414417,8.044623174070675e-08,0.0008817131746156152
318,0.31832513513513516,8.172309002591597e-08,0.0008951248427389567
319,0.31932612612612615,8.301611032203503e-08,0.0009087179177755398
320,0.32032711711711714,8.432544557551369e-08,0.0009225007758481631
321,0.32132810810810813,8.565124969469418e-08,0.0009364818809091857
322,0.3223290990990991,8.699367755282627e-08,0.0009506697076042975
323,0.3233300900900901,8.83528849910828e-08,0.0009650726617625828
324,0.3243310810810811,8.972902882157457e-08,0.0009796989993862753
325,0.3253320720720721,9.112226683036576e-08,0.0009945567450577206
326,0.3263330630630631,9.253275778048924e-08,0.001009653610715423
327,0.3273340540540541,9.396066141496166e-08,0.001024996915774994
328,0.32833504504504507,9.540613845979877e-08,0.0010405935095837311
329,0.32933603603603606,9.686935062703061e-08,0.001056449697198982
330,0.33033702702702705,9.835046061771702e-08,0.001072571169470014
331,0.33133801801801804,9.984963212496244e-08,0.0010889629383806357
332,0.33233900900900903,1.0136702983693141e-07,0.0011056292785751745
333,0.33334,1.029028194398638e-07,0.0011225736759437651
334,0.334340990990991,1.0445716762109005e-07,0.00113979878408434
335,0.335341981981982,1.0603024207204626e-07,0.0011573063893887247
336,0.336342972972973,1.0762221149128985e-07,0.001175097385419276
337,0.337343963963964,1.0923324558751424e-07,0.0011931717571512217
338,0.338344954954955,1.1086351508256446e-07,0.001211528575555132
339,0.33934594594594597,1.1251319171445231e-07,0.001230166002884634
340,0.34034693693693696,1.1418244824037157e-07,0.0012490813089177486
341,0.34134792792792795,1.1587145843971325e-07,0.0012682708982771477
342,0.34234891891891894,1.175803971170808e-07,0.0012877303488266442
343,0.34334990990990993,1.1930944010530566e-07,0.001307454461009635
344,0.3443509009009009,1.2105876426846187e-07,0.0013274373178615193
345,0.3453518918918919,1.2282854750488195e-07,0.0013476723552938818
346,0.3463528828828829,1.2461896875017177e-07,0.0013681524421150515
347,0.3473538738738739,1.2643020798022585e-07,0.0013888699691211078
348,0.3483548648648649,1.2826244621424273e-07,0.0014098169464651954
349,0.3493558558558559,1.3011586551773998e-07,0.0014309851083927384
350,0.35035684684684687,1.3199064900557e-07,0.0014523660243173876
351,0.35135783783783786,1.3388698084493436e-07,0.0014739512151088988
352,0.35235882882882885,1.3580504625839981e-07,0.0014957322733710652
353,0.35335981981981984,1.3774503152691323e-07,0.0015177009864067383
354,0.35436081081081083,1.3970712399281678e-07,0.0015398494604991742
355,0.3553618018018018,1.4169151206286326e-07,0.001562170245085541
356,0.3563627927927928,1.436983852112316e-07,0.001584656455360556
357,0.3573637837837838,1.4572793398254158e-07,0.0016073018918266327
358,0.3583647747747748,1.4778034999486943e-07,0.0016301011553023948
359,0.3593657657657658,1.4985582594276293e-07,0.001653049755914433
360,0.3603667567567568,1.5195455560025682e-07,0.0016761442146280264
361,0.36136774774774777,1.540767338238878e-07,0.001699382155921403
362,0.36236873873873876,1.5622255655570985e-07,0.0017227623902747729
363,0.36336972972972975,1.5839222082630987e-07,0.001746284985229604
364,0.36437072072072074,1.6058592475782227e-07,0.0017699513238748127
365,0.36537171171171173,1.6280386756694454e-07,0.0017937641497339965
366,0.3663727027027027,1.650462495679525e-07,0.0018177275971605566
367,0.3673736936936937,1.6731327217571552e-07,0.0018418472064943472
368,0.3683746846846847,1.6960513790871178e-07,0.001866129923393024
369,0.3693756756756757,1.7192205039204334e-07,0.0018905840819219
370,0.3703766666666667,1.742642143604519e-07,0.0019152193711662153
371,0.3713776576576577,1.7663183566133328e-07,0.0019400467853172597
372,0.37237864864864867,1.7902512125775318e-07,0.0019650785573768993
373,0.37337963963963966,1.8144427923146237e-07,0.001990328076821388
374,0.37438063063063065,1.8388951878591172e-07,0.002015809791762877
375,0.37538162162162164,1.8636105024926772e-07,0.0020415390963431953
376,0.37638261261261263,1.888590850774273e-07,0.002067532204287212
377,0.3773836036036036,1.9138383585703392e-07,0.002093806009729694
378,0.3783845945945946,1.9393551630849172e-07,0.002120377936607973
379,0.3793855855855856,1.9651434128898146e-07,0.002147265778080408
380,0.3803865765765766,1.9912052679547561e-07,0.0021744875275854373
381,0.3813875675675676,2.0175428996775355e-07,0.0022020612032956715
382,0.3823885585585586,2.0441584909141667e-07,0.0022300046678441665
383,0.38338954954954957,2.0710542360090428e-07,0.00225833544530353
384,0.3843905405405406,2.09823234082508e-07,0.0022870705374815254
385,0.3853915315315316,2.125695022773871e-07,0.0023162262416574985
386,0.3863925225225226,2.1534445108458436e-07,0.002345817971921279
387,0.3873935135135136,2.1814830456404085e-07,0.002375860086288914
388,0.3883945045045046,2.209812879396113e-07,0.002406365721757154
389,0.38939549549549557,2.238436276020791e-07,0.0024373466394204102
390,0.39039648648648656,2.2673555111217227e-07,0.0024688130817097083
391,0.39139747747747755,2.2965728720357768e-07,0.0025007736437232925
392,0.39239846846846854,2.3260906578595696e-07,0.0025332351605031776
393,0.39339945945945953,2.355911179479616e-07,0.002566202611971993
394,0.3944004504504505,2.386036759602481e-07,0.002599679047080918
395,0.3954014414414415,2.4164697327849334e-07,0.0026336655285336724
396,0.3964024324324325,2.447212445464097e-07,0.002668161099245153
397,0.3974034234234235,2.478267255987606e-07,0.0027031627714681813
398,0.3984044144144145,2.509636534643753e-07,0.002738665539280312
399,0.3994054054054055,2.541322663691644e-07,0.00277466241486703
400,0.40040639639639647,2.57332803739135e-07,0.002811144488770735
401,0.40140738738738746,2.6056550620340603e-07,0.0028481010139994483
402,0.40240837837837845,2.6383061559722314e-07,0.002885519513608288
403,0.40340936936936944,2.67128374964975e-07,0.0029233859110835876
404,0.40441036036036043,2.7045902856320705e-07,0.0029616846825772716
405,0.4054113513513514,2.738228218636378e-07,0.0030003990297613374
406,0.4064123423423424,2.772200015561737e-07,0.003039511071802031
407,0.4074133333333334,2.806508155519243e-07,0.0030790020546942725
408,0.4084143243243244,2.841155129862177e-07,0.0031188525759520995
409,0.4094153153153154,2.8761434422161574e-07,0.003159042822423804
410,0.4104163063063064,2.911475608509295e-07,0.0031995528187938717
411,0.41141729729729737,2.9471541570023385e-07,0.003240362684151001
412,0.41241828828828836,2.9831816283188317e-07,0.003281452893844767
413,0.41341927927927935,3.019560575475266e-07,0.0033228045437256873
414,0.41442027027027034,3.056293563911233e-07,0.003364399613766385
415,0.41542126126126133,3.093383171519574e-07,0.0034062212279973598
416,0.4164222522522523,3.1308319886765333e-07,0.0034482539076609617
417,0.4174232432432433,3.1686426182719183e-07,0.003490483814492648
418,0.4184242342342343,3.206817675739239e-07,0.003532898981080336
419,0.4194252252252253,3.2453597890858687e-07,0.003575489525330916
420,0.4204262162162163,3.2842715989231935e-07,0.0036182478461877316
421,0.4214272072072073,3.3235557584967684e-07,0.003661168797893561
422,0.42242819819819827,3.3632149337164613e-07,0.003704249840279379
423,0.42342918918918926,3.403251803186621e-07,0.0037474911627786494
424,0.42443018018018025,3.443669058236211e-07,0.003790895780118236
425,0.42543117117117124,3.484469402948975e-07,0.003834469597917909
426,0.42643216216216223,3.5256555541935813e-07,0.0038782214467386867
427,0.4274331531531532,3.567230241653784e-07,0.003922163083452191
428,0.4284341441441442,3.609196207858566e-07,0.003966309159156218
429,0.4294351351351352,3.651556208212297e-07,0.004010677153231677
430,0.4304361261261262,3.6943130110248876e-07,0.004055287273519152
431,0.4314371171171172,3.737469397541936e-07,0.004100162322985558
432,0.4324381081081082,3.7810281619748835e-07,0.004145327533647982
433,0.43343909909909917,3.824992111531167e-07,0.004190810368918683
434,0.43444009009009016,3.8693640664443705e-07,0.004236640295927488
435,0.43544108108108115,3.91414686000438e-07,0.004282848529760738
436,0.43644207207207214,3.9593433385875294e-07,0.0043294677519252036
437,0.43744306306306313,4.004956361686766e-07,0.004376531805695839
438,0.4384440540540541,4.0509888019417876e-07,0.004424075371333888
439,0.4394450450450451,4.0974435451692036e-07,0.004472133624462063
440,0.4404460360360361,4.1443234903926854e-07,0.004520741881152231
441,0.4414470270270271,4.19163154987312e-07,0.0045699352335145165
442,0.4424480180180181,4.2393706491387604e-07,0.004619748179771457
443,0.4434490090090091,4.2875437270153773e-07,0.004670214252953478
444,0.44445000000000007,4.336153735656422e-07,0.004721365652460289
445,0.44545099099099106,4.385203640573159e-07,0.0047732328827939305
446,0.44645198198198205,4.434696420664836e-07,0.004825844403782025
447,0.44745297297297304,4.4846350682488287e-07,0.004879226296572672
448,0.44845396396396403,4.5350225890907934e-07,0.004933401949594857
449,0.449454954954955,4.585862002434818e-07,0.004988391768540245
450,0.450455945945946,4.637156341033587e-07,0.00504421291423406
451,0.451456936936937,4.688908651178512e-07,0.005100879072025807
452,0.452457927927928,4.7411219927299034e-07,0.005158400256046321
453,0.453458918918919,4.79379943914711e-07,0.005216782651348435
454,0.45445990990991,4.846944077518682e-07,0.005276028496577423
455,0.45546090090090097,4.900559008592513e-07,0.0053361360094072805
456,0.45646189189189196,4.954647346805999e-07,0.005397099356534397
457,0.45746288288288295,5.009212220316195e-07,0.005458908669545132
458,0.45846387387387394,5.064256771029957e-07,0.005521550107473404
459,0.45946486486486493,5.119784154634099e-07,0.005585005966343764
460,0.4604658558558559,5.175797540625544e-07,0.005649254835460358
461,0.4614668468468469,5.232300112341484e-07,0.005714271799658209
462,0.4624678378378379,5.289295066989522e-07,0.005780028686186971
463,0.4634688288288289,5.346785615677827e-07,0.0058464943543546765
464,0.4644698198198199,5.404774983445298e-07,0.005913635025526458
465,0.4654708108108109,5.463266409291695e-07,0.005981414650557215
466,0.46647180180180187,5.522263146207812e-07,0.006049795311244108
467,0.46747279279279286,5.581768461205615e-07,0.006118737651920516
468,0.46847378378378385,5.641785635348402e-07,0.006188201336884066
469,0.46947477477477484,5.702317963780952e-07,0.006258145528962957
470,0.47047576576576583,5.763368755759688e-07,0.006328529384182356
471,0.4714767567567568,5.824941334682806e-07,0.006399312557201531
472,0.4724777477477478,5.887039038120452e-07,0.006470455711956236
473,0.4734787387387388,5.949665217844861e-07,0.006541921031764511
474,0.4744797297297298,6.012823239860513e-07,0.006613672723039829
475,0.4754807207207208,6.076516484434282e-07,0.006685677506706886
476,0.4764817117117118,6.140748346125591e-07,0.006757905091433467
477,0.47748270270270277,6.20552223381658e-07,0.006830328622878368
478,0.47848369369369376,6.27084157074222e-07,0.0069029251033106784
479,0.47948468468468475,6.336709794520506e-07,0.006975675776178985
480,0.48048567567567574,6.403130357182584e-07,0.00704856647049985
481,0.48148666666666673,6.470106725202914e-07,0.007121587900290355
482,0.4824876576576577,6.53764237952942e-07,0.007194735914687646
483,0.4834886486486487,6.605740815613638e-07,0.007268011694874928
484,0.4844896396396397,6.674405543440883e-07,0.007341421894464676
485,0.4854906306306307,6.743640087560385e-07,0.00741497872057017
486,0.4864916216216217,6.813447987115444e-07,0.0074886999534207865
487,0.4874926126126127,6.883832795873593e-07,0.007562608903037914
488,0.48849360360360367,6.95479808225674e-07,0.007636734302180454
489,0.48949459459459466,7.026347429371324e-07,0.007711110135483885
490,0.49049558558558565,7.098484435038464e-07,0.007785775405447323
491,0.49149657657657664,7.171212711824125e-07,0.007860773836660447
492,0.49249756756756763,7.244535887069253e-07,0.007936153520398661
493,0.4934985585585586,7.318457602919934e-07,0.008011966502441275
494,0.4944995495495496,7.392981516357548e-07,0.008088268317676017
495,0.4955005405405406,7.468111299228922e-07,0.008165117475734536
496,0.4965015315315316,7.543850638276475e-07,0.008242574902549885
497,0.4975025225225226,7.620203235168391e-07,0.008320703343329792
498,0.4985035135135136,7.697172806528742e-07,0.008399566732991364
499,0.49950450450450457,7.774763083967658e-07,0.008479229540595885
500,0.5005054954954955,7.852977814111479e-07,0.008559756094750239
501,0.5015064864864864,7.931820758632904e-07,0.008641209897297716
502,0.5025074774774775,8.01129569428116e-07,0.008723652932899834
503,0.5035084684684684,8.091406412912097e-07,0.008807144982308352
504,0.5045094594594595,8.17215672151844e-07,0.008891742947238062
505,0.5055104504504504,8.253550442259826e-07,0.008977500194773735
506,0.5065114414414414,8.335591412493064e-07,0.009064465929177307
507,0.5075124324324324,8.418283484802194e-07,0.009152684598801458
508,0.5085134234234234,8.501630527028722e-07,0.009242195345565536
509,0.5095144144144144,8.585636422301699e-07,0.009333031504107822
510,0.5105154054054054,8.670305069067937e-07,0.009425220157299137
511,0.5115163963963963,8.755640381122107e-07,0.009518781754287721
512,0.5125173873873874,8.841646287636952e-07,0.009613729796650525
513,0.5135183783783784,8.928326733193354e-07,0.00971007059755483
514,0.5145193693693694,9.015685677810567e-07,0.00980780311809466
515,0.5155203603603604,9.103727096976361e-07,0.009906918884164478
516,0.5165213513513514,9.192454981677088e-07,0.010007401986376655
517,0.5175223423423424,9.281873338427981e-07,0.010109229164628841
518,0.5185233333333333,9.371986189303136e-07,0.01021236997799026
519,0.5195243243243244,9.46279757196584e-07,0.010316787059614474
520,0.5205253153153153,9.55431153969855e-07,0.010422436455408603
521,0.5215263063063064,9.646532161433211e-07,0.010529268044208567
522,0.5225272972972973,9.73946352178128e-07,0.010637226036235398
523,0.5235282882882883,9.833109721063939e-07,0.010746249545653069
524,0.5245292792792793,9.927474875342235e-07,0.010856273232121797
525,0.5255302702702703,1.002256311644724e-06,0.010967228005357401
526,0.5265312612612613,1.0118378592010187e-06,0.011079041785873421
527,0.5275322522522523,1.021492546549264e-06,0.011191640314313647
528,0.5285332432432432,1.0312207916216622e-06,0.011304948001084166
529,0.5295342342342343,1.041023013939483e-06,0.011418888807378713
530,0.5305352252252252,1.0508996346160665e-06,0.011533387148165193
531,0.5315362162162163,1.0608510763598546e-06,0.011648368807274372
532,0.5325372072072072,1.0708777634773894e-06,0.011763761854408476
533,0.5335381981981983,1.080980121876344e-06,0.011879497553676255
534,0.5345391891891892,1.091158579068526e-06,0.011995511253163098
535,0.5355401801801802,1.1014135641728987e-06,0.01211174324506654
536,0.5365411711711712,1.1117455079185953e-06,0.01222813958606808
537,0.5375421621621622,1.1221548426479323e-06,0.012344652867874683
538,0.5385431531531532,1.1326420023194274e-06,0.012461242928244517
539,0.5395441441441442,1.1432074225108133e-06,0.012577877493311481
540,0.5405451351351351,1.153851540422052e-06,0.012694532742636369
541,0.5415461261261262,1.1645747948783553e-06,0.012811193789135719
542,0.5425471171171171,1.1753776263331882e-06,0.012927855066864693
543,0.5435481081081082,1.1862604768713013e-06,0.01304452062055208
544,0.5445490990990991,1.197223790211727e-06,0.013161204291792402
545,0.5455500900900901,1.2082680117108144e-06,0.013277929797884766
546,0.5465510810810811,1.2193935883652236e-06,0.013394730700457417
547,0.5475520720720721,1.230600968814962e-06,0.013511650262220306
548,0.5485530630630631,1.2418906033463834e-06,0.013628741191431492
549,0.5495540540540541,1.2532629438952106e-06,0.01374606527493472
550,0.550555045045045,1.2647184440495494e-06,0.013863692901909027
551,0.5515560360360361,1.276257559052904e-06,0.013981702481755013
552,0.552557027027027,1.2878807458071916e-06,0.014100179760808103
553,0.5535580180180181,1.299588462875758e-06,0.014219217043806378
554,0.554559009009009,1.3113811704863917e-06,0.014338912327229838
555,0.55556,1.3232593305343452e-06,0.014459368352759966
556,0.556560990990991,1.3352234065853368e-06,0.014580691590163647
557,0.557561981981982,1.3472738638785842e-06,0.01470299115987642
558,0.558562972972973,1.3594111693297995e-06,0.014826377706428093
559,0.559563963963964,1.3716357915342258e-06,0.014950962234612834
560,0.560564954954955,1.3839482007696306e-06,0.015076854920940182
561,0.561565945945946,1.3963488689993412e-06,0.015204163913408463
562,0.5625669369369369,1.4088382698752455e-06,0.015332994133004936
563,0.563567927927928,1.4214168787408138e-06,0.015463446090555848
564,0.5645689189189189,1.4340851726341125e-06,0.015595614732614822
565,0.56556990990991,1.4468436302908194e-06,0.015729588329990194
566,0.5665709009009009,1.4596927321472394e-06,0.015865447422266084
567,0.5675718918918919,1.472632960343319e-06,0.016003263831271132
568,0.5685728828828829,1.4856647987256608e-06,0.016143099755891885
569,0.5695738738738739,1.4987887328505457e-06,0.01628500695992134
570,0.5705748648648649,1.5120052499869318e-06,0.016429026063779946
571,0.5715758558558559,1.5253148391194922e-06,0.016575185949956234
572,0.5725768468468468,1.538717990951606e-06,0.016723503290893046
573,0.5735778378378379,1.552215197908398e-06,0.016873982206807532
574,0.5745788288288288,1.5658069541397299e-06,0.017026614059586078
575,0.5755798198198199,1.5794937555232372e-06,0.017181377387457886
576,0.5765808108108108,1.593276099667329e-06,0.017338237983632186
577,0.5775818018018019,1.6071544859142103e-06,0.01749714912050609
578,0.5785827927927928,1.6211294153428956e-06,0.017658051919423535
579,0.5795837837837838,1.6352013907722243e-06,0.017820875864314318
580,0.5805847747747748,1.6493709167638761e-06,0.017985539455879312
581,0.5815857657657658,1.663638499625386e-06,0.0181519510013363
582,0.5825867567567568,1.678004647413158e-06,0.018320009533115987
583,0.5835877477477478,1.6924698699354883e-06,0.018489605848322366
584,0.5845887387387387,1.7070346787555633e-06,0.018660623659260203
585,0.5855897297297298,1.7216995871944983e-06,0.01883294084390829
586,0.5865907207207207,1.7364651103343272e-06,0.019006430783892365
587,0.5875917117117118,1.7513317650210422e-06,0.019180963776309026
588,0.5885927027027027,1.7663000698675916e-06,0.019356408504681195
589,0.5895936936936937,1.7813705452569013e-06,0.019532633553407053
590,0.5905946846846847,1.7965437133448912e-06,0.019709508949305538
591,0.5915956756756757,1.8118200980634887e-06,0.01988690771327828
592,0.5925966666666667,1.8272002251236439e-06,0.020064707404706308
593,0.5935976576576577,1.8429162165981907e-06,0.02024279164099038
594,0.5945986486486486,1.8616413956206892e-06,0.020421051574629385
595,0.5955996396396397,1.880524856455728e-06,0.02059938731041813
596,0.5966006306306306,1.8995676676491715e-06,0.02077770924573237
597,0.5976016216216217,1.9187709031480357e-06,0.020955939317456356
598,0.5986026126126126,1.9381356423186233e-06,0.02113401213989146
599,0.5996036036036037,1.957662969964759e-06,0.02131187601895939
600,0.6006045945945946,1.9773539763459857e-06,0.021489493829170547
601,0.6016055855855856,1.997209757195859e-06,0.021666843741158626
602,0.6026065765765766,2.017231413740214e-06,0.021843919789073088
603,0.6036075675675676,2.037420052715501e-06,0.022020732268758517
604,0.6046085585585586,2.0577767863871346e-06,0.022197307959415775
605,0.6056095495495496,2.0783027325678782e-06,0.022373690163320272
606,0.6066105405405405,2.098999014636257e-06,0.022549938560142088
607,0.6076115315315316,2.119866761555004e-06,0.02272612887445715
608,0.6086125225225225,2.1409071078895317e-06,0.022902352357129563
609,0.6096135135135136,2.1621211938264506e-06,0.023078715083365002
610,0.6106145045045045,2.1835101651920777e-06,0.02325533707235537
611,0.6116154954954955,2.2050751734710413e-06,0.023432351235536414
612,0.6126164864864865,2.2268173758248365e-06,0.023609902162533204
613,0.6136174774774775,2.248737935110495e-06,0.023788144755855042
614,0.6146184684684685,2.270838019899201e-06,0.02396724272729143
615,0.6156194594594595,2.2931188044950206e-06,0.02414736697073789
616,0.6166204504504504,2.31558146895359e-06,0.024328693827816023
617,0.6176214414414415,2.3382271991008804e-06,0.024511403264131416
618,0.6186224324324324,2.3610571865519733e-06,0.02469567697531125
619,0.6196234234234235,2.3840726287298735e-06,0.02488169644306791
620,0.6206244144144144,2.40727472888435e-06,0.025069640962425123
621,0.6216254054054055,2.4306646961108056e-06,0.0252596856619104
622,0.6226263963963964,2.45424374536918e-06,0.025451999538946
623,0.6236273873873874,2.478013097502893e-06,0.025646743532856474
624,0.6246283783783784,2.50197397925778e-06,0.02584406865784255
625,0.6256293693693694,2.5261276233011255e-06,0.026044114217951966
626,0.6266303603603604,2.5504752682406434e-06,0.026247006125500145
627,0.6276313513513514,2.575018158643575e-06,0.026452855343567568
628,0.6286323423423423,2.599757545055742e-06,0.02666175647212406
629,0.6296333333333334,2.6246946840206776e-06,0.02687378649601868
630,0.6306343243243243,2.6498308380987677e-06,0.027089003711531435
631,0.6316353153153154,2.6751672758864325e-06,0.027307446846430748
632,0.6326363063063063,2.7007052720353275e-06,0.02752913438652773
633,0.6336372972972973,2.726446107271588e-06,0.027754064119591724
634,0.6346382882882883,2.7523910684150892e-06,0.027982212905203578
635,0.6356392792792793,2.778541448398763e-06,0.028213536676707708
636,0.6366402702702703,2.8048985462878947e-06,0.02844797067889578
637,0.6376412612612613,2.831463667299525e-06,0.028685429942449946
638,0.6386422522522522,2.8582381228217965e-06,0.02892580999351371
639,0.6396432432432433,2.88522323043342e-06,0.02916898779407768
640,0.6406442342342342,2.912420313923078e-06,0.029414822906191646
641,0.6416452252252253,2.939830703308954e-06,0.029663158870378438
642,0.6426462162162162,2.967455734858208e-06,0.029913824786054855
643,0.6436472072072073,2.995296751106539e-06,0.030166637079294914
644,0.6446481981981982,3.0233551008777535e-06,0.030421401440926366
645,0.6456491891891892,3.051632139303368e-06,0.03067791491576597
646,0.6466501801801802,3.080129227842246e-06,0.03093596812179376
647,0.6476511711711712,3.1088477343002634e-06,0.031195347576273784
648,0.6486521621621621,3.137789032849997e-06,0.03145583810426498
649,0.6496531531531532,3.1669545040504714e-06,0.03171722530365972
650,0.6506541441441441,3.1963455348668777e-06,0.03197929803984954
651,0.6516551351351352,3.2259635186904095e-06,0.032241850942372474
652,0.6526561261261261,3.2558098553580282e-06,0.03250468687544828
653,0.6536571171171172,3.285885951172364e-06,0.0327676193541743
654,0.6546581081081081,3.3161932189215425e-06,0.033030474878335304
655,0.6556590990990991,3.3467330778991412e-06,0.033293095156283384
656,0.6566600900900901,3.3775069539240964e-06,0.033555339192163976
657,0.6576610810810811,3.408516279360685e-06,0.03381708521090023
658,0.6586620720720721,3.4397624931385283e-06,0.03407823239678915
659,0.6596630630630631,3.4712470407726163e-06,0.03433870242329972
660,0.660664054054054,3.5029713743833746e-06,0.03459844075367925
661,0.6616650450450451,3.5349369527167542e-06,0.03485741769425171
662,0.662666036036036,3.567145241164352e-06,0.035115629184806214
663,0.6636670270270271,3.59959771178358e-06,0.035373097313206356
664,0.664668018018018,3.6322958433178125e-06,0.03562987054426476
665,0.665669009009009,3.6652411212166508e-06,0.03588602365600284
666,0.66667,3.6984350376561142e-06,0.03614165737960945
667,0.667670990990991,3.7318790915589696e-06,0.03639689774270022
668,0.668671981981982,3.765574788614982e-06,0.03665189511881702
669,0.669672972972973,3.7995236413013035e-06,0.03690682298946443
670,0.670673963963964,3.833727168902801e-06,0.037161876428313055
671,0.671674954954955,3.868186897532472e-06,0.037417270320477355
672,0.6726759459459459,3.902904360151868e-06,0.03767323733295154
673,0.673676936936937,3.9378810965915535e-06,0.037930025655333044
674,0.6746779279279279,3.973118653571595e-06,0.038187896532834234
675,0.675678918918919,4.008618584722079e-06,0.03844712161625144
676,0.6766799099099099,4.044382450603662e-06,0.03870798015598638
677,0.6776809009009009,4.080411818728164e-06,0.038970756069374335
678,0.6786818918918919,4.116708263579141e-06,0.03923573491243085
679,0.6796828828828829,4.153273366632586e-06,0.03950320078866541
680,0.6806838738738739,4.190108716377536e-06,0.039773433228798
681,0.6816848648648649,4.227215908336832e-06,0.04004670407604086
682,0.6826858558558558,4.264596545087811e-06,0.04032327441205157
683,0.6836868468468469,4.302252236283091e-06,0.04060339155872133
684,0.6846878378378378,4.340184598671356e-06,0.04088728619061966
685,0.6856888288288289,4.378395256118186e-06,0.04117516959218154
686,0.6866898198198198,4.416885839626906e-06,0.0414672310925874
687,0.6876908108108108,4.455657987359477e-06,0.041763635709766
688,0.6886918018018018,4.494713344657407e-06,0.04206452203305164
689,0.6896927927927928,4.534053564062716e-06,0.04237000037176867
690,0.6906937837837838,4.573680305338866e-06,0.04268015119441624
691,0.6916947747747748,4.613595235491837e-06,0.04299502388021321
692,0.6926957657657657,4.653800028791094e-06,0.04331463580155767
693,0.6936967567567568,4.694296366790723e-06,0.043638971752501844
694,0.6946977477477477,4.735085938350463e-06,0.04396798373466101
695,0.6956987387387388,4.7761704396569e-06,0.044301591108119716
696,0.6966997297297297,4.817551574244578e-06,0.04463968111089578
697,0.6977007207207208,4.8592310530172175e-06,0.04498210974642718
698,0.6987017117117117,4.9012105942689235e-06,0.04532870303439573
699,0.6997027027027027,4.943491923705441e-06,0.045679258616046325
700,0.7007036936936937,4.986076774465441e-06,0.04603354770104397
701,0.7017046846846847,5.028966887141826e-06,0.04639131733888297
702,0.7027056756756757,5.072164009803074e-06,0.04675229299396809
703,0.7037066666666667,5.115669898014636e-06,0.04711618139977404
704,0.7047076576576576,5.159486314860283e-06,0.04748267366399946
705,0.7057086486486487,5.203615030963616e-06,0.04785144859341019
706,0.7067096396396396,5.2480578245094565e-06,0.04822217620414991
707,0.7077106306306307,5.292816481265415e-06,0.04859452138072785
708,0.7087116216216216,5.33789279460334e-06,0.04896814764469798
709,0.7097126126126126,5.383288565520955e-06,0.04934272099226366
710,0.7107136036036036,5.429005602663378e-06,0.04971791375868835
711,0.7117145945945946,5.475045722344783e-06,0.050093408466502294
712,0.7127155855855856,5.521410748570023e-06,0.05046890161407007
713,0.7137165765765766,5.568102513056325e-06,0.050844107361147216
714,0.7147175675675675,5.615122855254991e-06,0.05121876106860345
715,0.7157185585585586,5.662473622373139e-06,0.05159262265053155
716,0.7167195495495495,5.71015666939547e-06,0.05196547969848565
717,0.7177205405405406,5.7581738591060955e-06,0.0523371503395948
718,0.7187215315315315,5.806527062110307e-06,0.052707485792753916
719,0.7197225225225226,5.855218156856521e-06,0.05307637258999343
720,0.7207235135135135,5.904249029658087e-06,0.05344373443343324
721,0.7217245045045045,5.953621574715292e-06,0.05380953366191427
722,0.7227254954954955,6.0033376941372315e-06,0.05417377230542767
723,0.7237264864864865,6.053399297963872e-06,0.054536492709793924
724,0.7247274774774775,6.103808304188009e-06,0.054897777718629866
725,0.7257284684684685,6.154566638777335e-06,0.05525775040444027
726,0.7267294594594594,6.205676235696513e-06,0.055616573345623595
727,0.7277304504504505,6.257139036929281e-06,0.05597444745124162
728,0.7287314414414414,6.3089569925005845e-06,0.05633161034050873
729,0.7297324324324325,6.361132060498769e-06,0.056688334289057195
730,0.7307334234234234,6.413666207097716e-06,0.05704492375906602
731,0.7317344144144144,6.466561406579159e-06,0.057401712535252315
732,0.7327354054054054,6.519819641354845e-06,0.05775906049345101
733,0.7337363963963964,6.573442901988927e-06,0.058117350033003994
734,0.7347373873873874,6.627433187220175e-06,0.058476982208378894
735,0.7357383783783784,6.681792503984424e-06,0.05883837259930222
736,0.7367393693693693,6.736522867436891e-06,0.059201946962159746
737,0.7377403603603604,6.791626300974609e-06,0.0595681367084576
738,0.7387413513513513,6.84710483625887e-06,0.059937374258697676
739,0.7397423423423424,6.902960513237687e-06,0.06031008832207881
740,0.7407433333333333,6.959195380168309e-06,0.06068669915394616
741,0.7417443243243244,7.015811493639745e-06,0.061067613843866095
742,0.7427453153153153,7.072810918595327e-06,0.06145322168757011
743,0.7437463063063063,7.1301957283553325e-06,0.06184388969578968
744,0.7447472972972973,7.187968004639538e-06,0.06223995829217708
745,0.7457482882882883,7.246129837589975e-06,0.0626417372510888
746,0.7467492792792793,7.304683325793508e-06,0.06304950192399311
747,0.7477502702702703,7.363630576304658e-06,0.06346348980067922
748,0.7487512612612612,7.422973704668244e-06,0.06388389744830225
749,0.7497522522522523,7.482714834942257e-06,0.06431087786763444
750,0.7507532432432432,7.542856099720596e-06,0.06474453830173175
751,0.7517542342342343,7.603399640155941e-06,0.06518493852762042
752,0.7527552252252252,7.664347605982613e-06,0.0656320896565887
753,0.7537562162162162,7.725702155539471e-06,0.06608595346330542
754,0.7547572072072072,7.787465455792853e-06,0.06654644225831646
755,0.7557581981981982,7.849639682359519e-06,0.0670134193125677
756,0.7567591891891892,7.912227019529655e-06,0.06748669983651959
757,0.7577601801801802,7.975229660289906e-06,0.06796605251023262
758,0.7587611711711711,8.038649806346376e-06,0.06845120155456814
759,0.7597621621621622,8.102489668147792e-06,0.0689418293274509
760,0.7607631531531531,8.166751464908523e-06,0.06943757942303405
761,0.7617641441441442,8.231437424631825e-06,0.06993806024567586
762,0.7627651351351351,8.296549784132907e-06,0.07044284902493822
763,0.7637661261261262,8.36209078906224e-06,0.07095149623242901
764,0.7647671171171171,8.428062693928712e-06,0.07146353035628604
765,0.7657681081081081,8.494467762122934e-06,0.0719784629845125
766,0.7667690990990991,8.561308265940525e-06,0.07249579414426853
767,0.7677700900900901,8.628586486605438e-06,0.07301501784066564
768,0.7687710810810812,8.69630471429332e-06,0.07353562773563319
769,0.7697720720720721,8.764465248154897e-06,0.07405712290508439
770,0.7707730630630631,8.83307039633939e-06,0.07457901361092631
771,0.7717740540540541,8.902122476017974e-06,0.07510082702346758
772,0.7727750450450451,8.971623813407242e-06,0.07562211282949956
773,0.7737760360360361,9.041576743792727e-06,0.0761424486617679
774,0.7747770270270271,9.111983611552432e-06,0.07666144528672551
775,0.775778018018018,9.189161785944557e-06,0.0771787514893501
776,0.7767790090090091,9.272481566222344e-06,0.07769405859641904
777,0.77778,9.356448059880446e-06,0.07820710458293026
778,0.7787809909909911,9.441065444581456e-06,0.07871767771032137
779,0.779781981981982,9.526337919549672e-06,0.07922561964972716
780,0.780782972972973,9.612269705654612e-06,0.07973082804868992
781,0.781783963963964,9.698865045494411e-06,0.08023325850544029
782,0.782784954954955,9.78612820347977e-06,0.08073292592105129
783,0.783785945945946,9.87406346591785e-06,0.08122990520635902
784,0.784786936936937,9.962675141096518e-06,0.0817243313274831
785,0.785787927927928,1.0051967559368792e-05,0.08221639868098478
786,0.786788918918919,1.0141945073237476e-05,0.08270635979710263
787,0.7877899099099099,1.0232612057440018e-05,0.08319452337701333
788,0.788790900900901,1.0323972909033609e-05,0.08368125167760775
789,0.7897918918918919,1.0416032047480453e-05,0.08416695726475215
790,0.790792882882883,1.0508793914733339e-05,0.08465209916335163
791,0.7917938738738739,1.0602262975321259e-05,0.08513717843964569
792,0.792794864864865,1.0696443716435516e-05,0.08562273325798052
793,0.7937958558558559,1.0791340648015711e-05,0.08610933346072143
794,0.7947968468468469,1.0886958302836314e-05,0.08659757472592704
795,0.7957978378378379,1.0983301236593085e-05,0.08708807236282516
796,0.7967988288288289,1.1080374027990058e-05,0.08758145480994481
797,0.7977998198198198,1.1178181278826472e-05,0.0880783569049023
798,0.7988008108108109,1.1276727614084074e-05,0.08857941299826746
799,0.7998018018018018,1.1376017682014597e-05,0.08908524998658639
800,0.8008027927927929,1.1476056154227457e-05,0.08959648034148601
801,0.8018037837837838,1.1576847725777668e-05,0.0901136952127891
802,0.8028047747747749,1.167839711525399e-05,0.0906374576837146
803,0.8038057657657658,1.1780709064867267e-05,0.09116829625550649
804,0.8048067567567568,1.1883788340539087e-05,0.09170669863723105
805,0.8058077477477478,1.1987639731990427e-05,0.09225310591400311
806,0.8068087387387388,1.2092268052830885e-05,0.09280790716357892
807,0.8078097297297298,1.2197678140647708e-05,0.09337143458709568
808,0.8088107207207208,1.2303874857095477e-05,0.0939439592147983
809,0.8098117117117117,1.2410863087985578e-05,0.09452568724190803
810,0.8108127027027028,1.2518647743376322e-05,0.09511675704341313
811,0.8118136936936937,1.2627233757662928e-05,0.0957172369095616
812,0.8128146846846848,1.2736626089667952e-05,0.09632712353628461
813,0.8138156756756757,1.2846829722731853e-05,0.09694634129674426
814,0.8148166666666667,1.2957849664803806e-05,0.0975747423117803
815,0.8158176576576577,1.3069690948532718e-05,0.09821210732830225
816,0.8168186486486487,1.3182358631358495e-05,0.09885814740574049
817,0.8178196396396397,1.32958577956035e-05,0.099512506401624
818,0.8188206306306307,1.3410193548564327e-05,0.10017476423830039
819,0.8198216216216216,1.3525371022603577e-05,0.10084444092384483
820,0.8208226126126127,1.3641395375242219e-05,0.10152100129143936
821,0.8218236036036036,1.3758271789251747e-05,0.10220386041301958
822,0.8228245945945947,1.3876005472746992e-05,0.10289238963490742
823,0.8238255855855856,1.3994601659278803e-05,0.10358592317554348
824,0.8248265765765767,1.4114065607927173e-05,0.10428376521841957
825,0.8258275675675676,1.4234402603394507e-05,0.10498519742695313
826,0.8268285585585586,1.4355617956099137e-05,0.1056894868024388
827,0.8278295495495496,1.4477717002269056e-05,0.10639589380141275
828,0.8288305405405406,1.4600705104035888e-05,0.10710368062485565
829,0.8298315315315316,1.4724587649529064e-05,0.10781211958867463
830,0.8308325225225226,1.4849370052970322e-05,0.10852050148290433
831,0.8318335135135135,1.4975057754768187e-05,0.10922814382607661
832,0.8328345045045046,1.5101656221613075e-05,0.10993439892125578
833,0.8338354954954955,1.5229170946572173e-05,0.11063866162132786
834,0.8348364864864866,1.5357607449184993e-05,0.11134037671328104
835,0.8358374774774775,1.548697127555872e-05,0.11203904583438547
836,0.8368384684684685,1.5617267998464224e-05,0.11273423383738279
837,0.8378394594594595,1.5748503217431916e-05,0.11342557452695932
838,0.8388404504504505,1.5880682558848086e-05,0.11411277569588683
839,0.8398414414414415,1.601381167605138e-05,0.11479562339618918
840,0.8408424324324325,1.61478962494295e-05,0.11547398538848173
841,0.8418434234234234,1.6282941986516165e-05,0.1161478137211435
842,0.8428444144144145,1.64189546220883e-05,0.11681714640014183
843,0.8438454054054054,1.655593991826341e-05,0.11748210812003085
844,0.8448463963963965,1.669390366459732e-05,0.11814291003679996
845,0.8458473873873874,1.6832851678181868e-05,0.11879984857372926
846,0.8468483783783785,1.697278980374326e-05,0.11945330326212489
847,0.8478493693693694,1.711372391374014e-05,0.12010373362961634
848,0.8488503603603604,1.725565990846245e-05,0.1207516751595033
849,0.8498513513513514,1.7398603716129932e-05,0.12139773435530134
850,0.8508523423423424,1.7542561292991465e-05,0.12204258295504654
851,0.8518533333333334,1.768753862342413e-05,0.12268695134994814
852,0.8528543243243244,1.7833541720032805e-05,0.12333162127151992
853,0.8538553153153153,1.7980576623749895e-05,0.12397741782025005
854,0.8548563063063064,1.812864940393531e-05,0.124625200917092
855,0.8558572972972973,1.8277766158476676e-05,0.12527585626645996
856,0.8568582882882884,1.8427933013889786e-05,0.12593028592591818
857,0.8578592792792793,1.8579156125419274e-05,0.12658939858325566
858,0.8588602702702703,1.8731441677139595e-05,0.12725409964609255
859,0.8598612612612613,1.8884795882056027e-05,0.12792528125248107
860,0.8608622522522523,1.9039224982206288e-05,0.1286038123131142
861,0.8618632432432433,1.919473524876191e-05,0.1292905286966872
862,0.8628642342342343,1.9351332982130372e-05,0.12998622366965606
863,0.8638652252252252,1.9509024512056965e-05,0.13069163870008219
864,0.8648662162162163,1.9667816197727287e-05,0.13140745473245916
865,0.8658672072072072,1.9827714427869743e-05,0.1321342840363876
866,0.8668681981981983,1.9988725620858402e-05,0.13287266272674617
867,0.8678691891891892,2.0150856224816026e-05,0.13362304404662403
868,0.8688701801801803,2.0314112717717378e-05,0.1343857924968178
869,0.8698711711711712,2.0478501607492728e-05,0.13516117888719406
870,0.8708721621621622,2.064402943213171e-05,0.1359493763757887
871,0.8718731531531532,2.081070275978715e-05,0.13675045755123424
872,0.8728741441441442,2.0978528188879574e-05,0.1375643926030856
873,0.8738751351351352,2.1147512348201397e-05,0.13839104861296936
874,0.8748761261261262,2.131766189702197e-05,0.13923018998734107
875,0.8758771171171171,2.1488983525192236e-05,0.1400814800401088
876,0.8768781081081082,2.166148395325023e-05,0.14094448372063784
877,0.8778790990990991,2.1835169932526326e-05,0.1418186714697951
878,0.8788800900900902,2.201004824524901e-05,0.14270342417389834
879,0.8798810810810811,2.2186125704650808e-05,0.14359803917381964
880,0.8808820720720721,2.2363409155074475e-05,0.14450173727422294
881,0.8818830630630631,2.2541905472079385e-05,0.14541367068611405
882,0.8828840540540541,2.2721621562548204e-05,0.14633293182469817
883,0.8838850450450451,2.2902564364793802e-05,0.1472585628740967
884,0.8848860360360361,2.3084740848666442e-05,0.1481895660209138
885,0.885887027027027,2.3268158015661016e-05,0.14912491425005106
886,0.8868880180180181,2.345282289902492e-05,0.15006356258869533
887,0.887889009009009,2.3638742563865658e-05,0.15100445967809892
888,0.8888900000000001,2.382592410725925e-05,0.15194655954775943
889,0.889890990990991,2.4014374658358297e-05,0.15288883346292706
890,0.890891981981982,2.4204101378500888e-05,0.15383028171409885
891,0.891892972972973,2.439511146131923e-05,0.15476994521632548
892,0.892893963963964,2.4587412132848855e-05,0.1557069167868003
893,0.893894954954955,2.478101065163794e-05,0.1566403519713099
894,0.894895945945946,2.4975914308856907e-05,0.15756947929372034
895,0.895896936936937,2.5172130428408253e-05,0.1584936098076986
896,0.896897927927928,2.536966636703663e-05,0.15941214583631655
897,0.8978989189189189,2.5568529514439176e-05,0.16032458879296832
898,0.89889990990991,2.5768727293376177e-05,0.1612305459861065
899,0.8999009009009009,2.5970267159781657e-05,0.16212973632055555
900,0.900901891891892,2.617315660287479e-05,0.1630219948195146
901,0.9019028828828829,2.637740314527085e-05,0.16390727590367987
902,0.9029038738738739,2.6583014343093156e-05,0.1647856553770901
903,0.9039048648648649,2.67899977860845e-05,0.16565733108317374
904,0.9049058558558559,2.6998361097719574e-05,0.16652262220892167
905,0.9059068468468469,2.7208111935317028e-05,0.1673819672299517
906,0.9069078378378379,2.7419257990152143e-05,0.1682359205043278
907,0.9079088288288288,2.7631806987569606e-05,0.16908514753816353
908,0.9089098198198199,2.7845766687096597e-05,0.1699304189611224
909,0.9099108108108108,2.8061144882556084e-05,0.17077260326474872
910,0.9109118018018019,2.827794940218038e-05,0.17161265837095283
911,0.9119127927927928,2.849618810872495e-05,0.1724516221117748
912,0.9129137837837838,2.871586889958257e-05,0.17329060171459462
913,0.9139147747747748,2.8936999706897375e-05,0.17413076239908695
914,0.9149157657657658,2.915958849767982e-05,0.17497331520330459
915,0.9159167567567568,2.9383643273921055e-05,0.17581950416615755
916,0.9169177477477478,2.960917207270841e-05,0.1766705930021348
917,0.9179187387387387,2.9836182966340402e-05,0.17752785141126498
918,0.9189197297297298,3.0064684062442456e-05,0.17839254117294528
919,0.9199207207207207,3.0294683504082693e-05,0.1792659021763003
920,0.9209217117117118,3.052618946988802e-05,0.1801491385421058
921,0.9219227027027027,3.075921017416044e-05,0.18104340499197488
922,0.9229236936936938,3.099375386699365e-05,0.18194979361944338
923,0.9239246846846847,3.122982883438986e-05,0.18286932121477809
924,0.9249256756756757,3.1467443398377e-05,0.18380291729081014
925,0.9259266666666667,3.170660591712576e-05,0.18475141295086198
926,0.9269276576576577,3.194732478506765e-05,0.18571553073197294
927,0.9279286486486487,3.218960843301236e-05,0.18669587554718556
928,0.9289296396396397,3.2433465328266336e-05,0.18769292683973168
929,0.9299306306306306,3.26789039747507e-05,0.18870703204965106
930,0.9309316216216217,3.2925932913120284e-05,0.18973840147982274
931,0.9319326126126126,3.317456072088222e-05,0.1907871046337073
932,0.9329336036036037,3.342479601251518e-05,0.19185306808146627
933,0.9339345945945946,3.367664743958876e-05,0.19293607489467543
934,0.9349355855855856,3.3930123690883133e-05,0.19403576567279182
935,0.9359365765765766,3.418523349250894e-05,0.19515164116701816
936,0.9369375675675676,3.444198560802744e-05,0.19628306648945965
937,0.9379385585585586,3.4700388838570917e-05,0.1974292768776466
938,0.9389395495495496,3.496045202296351e-05,0.19858938496683787
939,0.9399405405405405,3.5222184037841806e-05,0.1997623895051856
940,0.9409415315315316,3.548559379777648e-05,0.2009471854300649
941,0.9419425225225225,3.575069025539327e-05,0.20214257520781276
942,0.9429435135135136,3.601748240149518e-05,0.20334728132399743
943,0.9439445045045045,3.6285979265183946e-05,0.20455995979730068
944,0.9449454954954956,3.655618991398275e-05,0.20577921457733864
945,0.9459464864864865,3.682812345395832e-05,0.20700361267540004
946,0.9469474774774775,3.7101789029843926e-05,0.20823169986731638
947,0.9479484684684685,3.7377195825162236e-05,0.2094620167995851
948,0.9489494594594595,3.765435306234871e-05,0.21069311532359525
949,0.9499504504504505,3.793327000287502e-05,0.21192357487840077
950,0.9509514414414415,3.821395594737293e-05,0.2131520187400599
951,0.9519524324324324,3.849642023575827e-05,0.21437712995511915
952,0.9529534234234235,3.8780672247355416e-05,0.21559766677743092
953,0.9539544144144144,3.906672140102153e-05,0.21681247743111812
954,0.9549554054054055,3.9354577155271874e-05,0.21802051402816133
955,0.9559563963963964,3.964424900840438e-05,0.21922084547669896
956,0.9569573873873874,3.993574649862557e-05,0.22041266922567251
957,0.9579583783783784,4.0229079204175645e-05,0.22159532170279717
958,0.9589593693693694,4.052425674345483e-05,0.222768287315917
959,0.9599603603603604,4.082128877514923e-05,0.22393120590245263
960,0.9609613513513514,4.112018499835738e-05,0.22508387852775305
961,0.9619623423423423,4.14209551527169e-05,0.2262262715505283
962,0.9629633333333334,4.1723609018531434e-05,0.22735851889201117
963,0.9639643243243243,4.2028156416897844e-05,0.22848092246485052
964,0.9649653153153154,4.233460720983386e-05,0.22959395073780547
965,0.9659663063063063,4.264297130040542e-05,0.23069823543283044
966,0.9669672972972974,4.2953258632855225e-05,0.23179456637193105
967,0.9679682882882883,4.326547919273044e-05,0.23288388451196698
968,0.9689692792792793,4.3579643007011796e-05,0.23396727322617625
969,0.9699702702702703,4.389576014424185e-05,0.23504594791134104
970,0.9709712612612613,4.421384071465455e-05,0.23612124401899287
971,0.9719722522522523,4.453389487030422e-05,0.23719460362763667
972,0.9729732432432433,4.4855932805195353e-05,0.23826756069044083
973,0.9739742342342342,4.517996475541242e-05,0.23934172510898147
974,0.9749752252252253,4.550600099925002e-05,0.24041876579827234
975,0.9759762162162162,4.583405185734329e-05,0.2415003929212414
976,0.9769772072072073,4.616412769279861e-05,0.24258833948190967
977,0.9779781981981982,4.6496238911324484e-05,0.2436843424756104
978,0.9789791891891892,4.683039596136295e-05,0.244790123801562
979,0.9799801801801802,4.716660933422066e-05,0.24590737114785255
980,0.9809811711711712,4.750488956420121e-05,0.2470377190613572
981,0.9819821621621622,4.784524722873653e-05,0.24818273041521513
982,0.9829831531531532,4.8187692948519784e-05,0.24934387848424017
983,0.9839841441441441,4.853223738763739e-05,0.2505225298340053
984,0.9849851351351352,4.887889125370235e-05,0.2517199282223779
985,0.9859861261261261,4.9227665297987e-05,0.2529371797030204
986,0.9869871171171172,4.95785703155565e-05,0.25417523910891193
987,0.9879881081081081,4.993161714540254e-05,0.25543489808037606
988,0.9889890990990992,5.028681667057719e-05,0.2567167747865643
989,0.9899900900900901,5.0644179818327124e-05,0.25802130547198815
990,0.9909910810810811,5.1003717560228066e-05,0.2593487379406966
991,0.9919920720720721,5.1365440912319506e-05,0.2606991270702413
992,0.9929930630630631,5.172936093523991e-05,0.26207233242590355
993,0.993994054054054,5.209548873436154e-05,0.2634680180229597
994,0.9949950450450451,5.2463835459926645e-05,0.2648856542613284
995,0.995996036036036,5.283441230718261e-05,0.26632452203297613
996,0.9969970270270271,5.3207230516518736e-05,0.26778371897827274
997,0.997998018018018,5.358230137360194e-05,0.2692621678433001
998,0.9989990090090091,5.395963620951407e-05,0.27075862686624413
999,1.0,5.4339246400888316e-05,0.27227170209766854
