,ms,theta,u,muhs,mu3,yt,lamh,lams,lammix,muh2,mus2,Pih,Pis,lamh_tilde,Lam_CP,th_bool,isEWSB,edm_Bool,h_low_0,s_low_0,h_high_0,s_high_0,Tnuc_0,dT_0,alpha_0,vwf_0,xi_J_0,v_calculable_0,num_FOPT,alpha_max,dT_max,tran_type,vw,Lh,dh,h0,Ls,ds,shigh,slow,Type,alpha_p,vm,vp,xi_s,Tp/TN,vel_converged,Tc,LT,h_low_1,s_low_1,h_high_1,s_high_1,Tnuc_1,dT_1,alpha_1,vwf_1,xi_J_1,v_calculable_1,h_low_2,s_low_2,h_high_2,s_high_2,Tnuc_2,dT_2,alpha_2,vwf_2,xi_J_2,v_calculable_2,eta_BAU
0,309.60488270119527,0.0010041416615938256,-89.89684091322835,160.20959323411682,-283.21909346184924,0.9709496332010848,0.1290747631538792,4.1640843903674565,1.7857882797803937,637.3303801436632,8301.591701418438,0.4591325060331965,1.3386524775552628,-0.06238628093411078,364.777093922845,True,True,True,26.17819053370871,-77.8904676421121,8.353128642242123e-05,-77.50511046598825,156.23418156843684,0.06664189662598119,7.69509562598761e-05,0.0160740407703798,0.584468153497541,True,1.0,7.69509562598761e-05,0.06664189662598119,h-SNR,0.07347950822733572,0.4727748298484919,0.0,25.82465529178369,0.4274960514777336,0.5331416409094245,-77.50502176842836,-77.88967450502798,Deflagration,7.695017527944131e-05,0.07347950822733572,0.07346235927863898,0.5773502849337449,1.0000025372829224,True,156.24476310495137,82.17141440130355,,,,,,,,,,,,,,,,,,,,,2.2376605032419826e-05
29,378.4214240825097,0.00038749098579258015,111.46806853845379,-409.3706235679289,394.6354839157045,0.9768563133710956,0.12907425402534758,3.053795685825956,3.670736125372577,-15003.301765220738,-6100.030124602215,0.5405480117251833,1.375238275685252,-0.97400410225235,509.0698090747602,True,True,True,86.80095997932509,103.77921755256612,2.3204192867065546e-05,95.52619833335231,145.8011474793012,2.2493747828135042,0.001058407418240566,0.08354760815488411,0.6032960392945926,True,1.0,0.001058407418240566,2.2493747828135042,noneSNR,0.20111101522260752,0.15971075425768194,0.0,85.24227462033174,0.1597091318885926,0.1957474617345692,95.52186648641823,103.72551843467369,Deflagration,0.0010574864359819284,0.20111101522260752,0.20041439189390908,0.5773501941389809,1.0002176580221454,True,146.0897837764205,21.714227162155048,,,,,,,,,,,,,,,,,,,,,0.00791729664186106
27,369.76206213335035,2.594365462121941e-05,104.20760952426895,-339.04008929569,8.497994026944298,0.9807727649429177,0.12907409671270853,1.7959297735897086,3.2533836276240304,-9842.189299826548,18613.140791554004,0.5250749855328762,0.9912130480014324,-1.344327756765081,523.711469336425,True,True,True,48.24465498265279,95.21091604078056,-0.00032541687839798914,93.35747187183478,149.33335563875582,0.34132430453470874,0.0003070210282543408,0.03099137636739759,0.5914786325395928,True,1.0,0.0003070210282543408,0.34132430453470874,noneSNR,0.0993026897308449,0.3451250904782244,0.0,47.466288451821534,0.3043996465305809,0.4857576704029405,93.35715580602249,95.20123939205202,Deflagration,0.00030700143027607513,0.0993026897308449,0.09920937372483296,0.5773502696492494,1.0000159588093072,True,149.3726640110474,54.672774945489905,,,,,,,,,,,,,,,,,,,,,0.00025686675610241366
6,275.91397206250684,-0.0010197264756148252,-112.31647580323715,259.1818333663514,-0.7163800149706958,0.9850649458644428,0.12907461481686305,0.2485886654018819,2.3053726327401303,-6745.477417077917,2987.887050568228,0.4876842192440765,0.4463759384738255,-5.215842225211882,642.5657483654034,True,True,True,1.03757297387752e-05,-77.32886866712043,0.00016672377813088793,-74.82713271029283,426.7149466522236,0.6663679843325667,1.413723197679539e-07,0.007035577649750241,0.5776571862759694,True,2.0,0.00041794014490732166,0.6934987180807468,noneSNR,0.1200171100372473,0.2536045264934647,0.0,55.70339409267004,0.2698124368236394,0.0,-98.72196903515768,-103.78789791711701,Deflagration,0.00041788754798665896,0.1200171100372473,0.1198621219873628,0.5773502719145136,1.0000314644684796,True,148.15589613708357,39.95392700247489,56.67864873222079,-103.80742050564406,-1.616853930665675e-05,-98.72252451506054,148.0803756595936,0.6934987180807468,0.00041794014490732166,0.04362360213061792,0.5937994447733402,True,,,,,,,,,,,2.7869742409028216e-05
9,533.3739896202335,-0.0005734767534681444,-106.67816871717329,648.3245579310174,77.67854960029831,0.9906852966232356,0.12907482536342202,4.042641869245098,6.071517281908126,-26790.641655751606,54114.899672259286,0.6473831205763269,2.0225800142959622,-2.150580613877397,776.113879411668,True,True,True,90.53676758972937,-102.3238292389427,-0.0001499185740813324,-98.2203519647245,144.17342729794572,1.7796529971149937,0.0011425993808105953,0.07829906278449912,0.6042829665333882,True,1.0,0.0011425993808105953,1.7796529971149937,noneSNR,0.1671570209799337,0.1891116891247988,0.0,88.83772084329371,0.1618326730182643,0.3575223656231754,-98.21957450184028,-102.29750815052948,Deflagration,0.0011418494273912835,0.1671570209799337,0.1665495653005684,0.5773502709223355,1.0001641566658892,True,144.43575772425825,25.254328268349862,,,,,,,,,,,,,,,,,,,,,0.004296748344367061
13,274.8264083730168,0.00017838569422269597,-128.39276455685774,246.3527913993237,-188.1857359437704,0.9784537252977358,0.12907411175896286,1.2599395564646634,1.9190815007895667,-7988.417623241789,-3381.717024006386,0.4683431901283778,0.6348318059144269,-0.6016898736592589,608.4596686297946,True,True,True,40.46705371521144,-114.82342776134108,5.082690936971734e-06,-112.75362012283878,151.814752045575,0.2463164019619057,0.000202613898380642,0.025852843781471613,0.5888549421603055,True,1.0,0.000202613898380642,0.2463164019619057,noneSNR,0.08821268797548146,0.36704569944108056,0.0,39.91379927558208,0.32204444413790145,0.4937889391517049,-112.75336473853876,-114.8159040643044,Deflagration,0.0002026075084060972,0.08821268797548146,0.08815821619862696,0.5773502591931593,1.0000078845781952,True,151.84193862154387,59.85753294819699,,,,,,,,,,,,,,,,,,,,,0.00016951371954487333
23,239.24946826401265,-0.0016175376300488812,62.537158124681355,-135.2076855786682,556.0396420908652,0.9948512257118188,0.12907499371825326,3.3864348342273365,2.166407212507639,3604.6008588987397,-21396.71245439838,0.4867381862840988,1.2076765773081073,-0.21740444853830848,613.8879352725079,True,True,True,77.81502986535834,53.44702797758298,0.00019171191860139242,35.17962596741254,148.47425620640675,3.362195176124488,0.0006826520277200064,0.0901555362668516,0.5982858722450586,True,1.0,0.0006826520277200064,3.362195176124488,hs-SNR,0.2596225487471819,0.16262003459672544,0.0,76.31876946892844,0.16261808855898907,0.13001404838495445,35.198306554931854,53.354906181092154,Deflagration,0.0006819919248510929,0.2596225487471819,0.2590017718221068,0.5773502782171491,1.0002418882784463,True,148.80114992674126,20.82340518393735,,,,,,,,,,,,,,,,,,,,,0.006462198810540428
9,156.60825641341168,0.0006917631474203056,79.3611418028358,-38.30336478181829,442.82584727162634,0.9844742896450148,0.12907413108781848,3.5757600038536177,0.4823319961149853,6302.866887450492,-12631.872946492276,0.41143312070379134,0.9743286669825686,0.11280876692568625,445.10636837821966,True,True,True,26.85237657344541,41.58534059321961,-0.0008691352189370737,40.54321388171377,157.20839856397208,0.09766959679043907,7.10185001185143e-05,0.017457954136407963,0.5841899661392305,True,1.0,7.10185001185143e-05,0.09766959679043907,noneSNR,0.08799512384507834,0.4592643641574789,0.0,26.49939288054856,0.41383263005721627,0.5384354922476066,40.54321388171377,41.583285729457934,Deflagration,7.101762860404149e-05,0.08799512384507834,0.08797607902821357,0.5773502683827096,1.0000030679370715,True,157.22072297019923,80.46624288984495,,,,,,,,,,,,,,,,,,,,,5.564664725230276e-05
12,269.58133818928644,-0.0007719538483395303,201.75875087531773,-369.5437642704062,295.65057935146643,0.9000275124590962,0.12907437636035948,0.9434968477284212,1.8324983081012185,-29437.535322688964,-21216.689612783404,0.4279051470589678,0.5412905966156417,-0.7607139831022941,416.6467243383104,True,True,True,32.98633421650593,187.4918426425457,-5.938687121578727e-06,186.3211759576369,152.51648938788657,0.18460296839785428,0.0001307593105816719,0.02144879640910295,0.5866111213768358,True,1.0,0.0001307593105816719,0.18460296839785428,noneSNR,0.09489655103705197,0.3970033461506064,0.0,32.39342231471707,0.35793356670332066,0.5099497574093587,186.32096050885133,187.4864648919588,Deflagration,0.00013075611852557948,0.09489655103705197,0.09485863720544364,0.5773502683935721,1.0000061030162617,True,152.5352654604619,65.49744787611981,,,,,,,,,,,,,,,,,,,,,0.00010311257469735996
21,191.0479520270023,-0.000815711364309495,-113.70678262191952,163.6835576047364,-243.19242540194224,0.9306387246373502,0.12907421048912102,0.7937047525042076,1.4389156698524097,-1486.1321561054938,-17409.049192305367,0.4255155156824795,0.4382454664347868,-0.5230821166634723,289.1734721002119,True,True,True,185.16841310428944,-108.34814620656485,1.6372055381833846e-05,-10.748512397177553,121.1699158438084,143.84508906743469,0.007022699667142036,0.5160229908997238,0.6416274359833408,True,1.0,0.007022699667142036,143.84508906743469,hs-SNR,0.6025407020017376,0.03901924604164488,0.0,162.72644673308804,0.0390191970870136,-0.01656022276222495,-13.02252267783654,-106.182139278634,Hybrid,0.005262452977818184,0.5773502691896258,0.5151749489637382,0.6121955177915686,1.0748032398297267,True,133.35849899443994,4.491183188829108,,,,,,,,,,,,,,,,,,,,,1.1483401108765634
2,227.70660780523684,-0.001412991170413609,-78.8279117425065,102.37054484811337,40.99507864506496,0.9802495119724336,0.12907469227150375,0.7451060347490139,1.2960227892413083,3780.7728261914745,7781.6420339556435,0.4432620540300984,0.4022803068941382,-0.4344944481927165,390.7219262030146,True,True,True,41.88899687544581,-60.755300216242844,7.977999766620926e-06,-57.45567643055743,153.29455603029294,0.3094324344920665,0.00021049452078883082,0.0279481381360495,0.5890742252160295,True,1.0,0.00021049452078883082,0.3094324344920665,nonesym,0.10267730453327273,0.34008053696948304,0.0,41.31619843079935,0.2961947010484981,0.4534782616999435,-57.455018902522106,-60.741561129701786,Deflagration,0.00021048449958595432,0.10267730453327273,0.10261105734284448,0.5773502902985351,1.000011902330082,True,153.32627860597722,55.78889561358152,,,,,,,,,,,,,,,,,,,,,0.00047588761401297
7,353.75794972078376,0.00048585147402488513,-164.73540723683217,493.42779369403024,-307.80260394169983,0.981735454999096,0.12907430924865626,1.5674141384667613,2.9965863674856656,-32800.9491268248,-8130.133686492685,0.5148475277488782,0.8912845958643012,-1.3031460652888418,850.0689651356862,True,True,True,38.95762712417713,-155.9669081976885,-6.490769173570167e-05,-154.88314300965237,150.32792708667918,0.20152672823417106,0.0001950094655562595,0.02394372464207364,0.5886391774599664,True,1.0,0.0001950094655562595,0.20152672823417106,noneSNR,0.09122380475778707,0.3927703516281347,0.0,38.286910352888185,0.34998456432882524,0.5174854926077048,-154.88301007238442,-155.96238950576858,Deflagration,0.0001950038806141712,0.09122380475778707,0.09116952709568048,0.5773502250259573,1.0000071599627776,True,150.35134281366663,62.727571520332276,,,,,,,,,,,,,,,,,,,,,6.260777778531714e-05
15,261.61505790297736,-0.0010627555947686986,109.82971988056778,-237.35179943027225,164.35187115932956,0.9502891651213892,0.12907458791323406,0.8703163464247665,2.163163995810001,-5197.842065109795,-7489.583034468262,0.4649329833642205,0.5781064192411919,-1.2150569143821752,335.1973843324053,True,True,True,88.18538339455796,100.06061863447687,4.413751218357934e-05,77.78241737076853,146.3782429811165,6.402753381550982,0.0010228586549888882,0.11407420153411645,0.6028669720175167,True,1.0,0.0010228586549888882,6.402753381550982,hs-SNR,0.2993667361915427,0.10554526215483996,0.0,86.23461205885637,0.10554415512654852,-0.14255119779413505,77.78019570691178,99.9460061595512,Deflagration,0.0010208262088576617,0.2993667361915427,0.2982259183931328,0.5773502514529613,1.00049737418881,True,146.9058332093683,15.474382561851804,,,,,,,,,,,,,,,,,,,,,0.011950909572130849
22,261.2937692810457,0.0005351913070295989,90.21917682887009,-132.36595561620172,331.3199300223992,0.974988158580986,0.12907422038308836,3.2987464897548087,1.4658918369897918,1847.6272377020325,-3079.695247970165,0.4477678959881477,1.0690019286036674,-0.0337784635399665,395.77022707712007,True,True,True,35.362696770336704,71.72627402271863,-0.0005034746082355102,69.9875886349226,154.47900042973882,0.20308481185830374,0.00014719381531276836,0.022393798062260654,0.5871709536628495,True,1.0,0.00014719381531276836,0.20308481185830374,noneSNR,0.09397953509353857,0.3825838603848572,0.0,34.857012594413426,0.3382735680792172,0.5112244800701677,69.98726825716703,71.71832253779527,Deflagration,0.00014718977400788872,0.09397953509353857,0.09393728379899158,0.5773502739343195,1.0000068640353883,True,154.49990249402947,63.12728021549863,,,,,,,,,,,,,,,,,,,,,0.0001801581415525391
16,458.4488403296184,-0.0007177065275208124,-62.90535500438103,255.38168656228527,-137.32257616085428,0.9943150690808864,0.12907492259093692,12.10146539708532,4.0507618408768895,-226.4697012115548,38974.974453602306,0.5649863007277477,3.7004933227508103,-0.20990616261417414,587.4246376642092,True,True,True,37.81944246363938,-55.552836467277146,0.000738048437534153,-54.58267277767203,155.34637101365809,0.2228839309034072,0.00017051657622264952,0.023340473011004385,0.5879133589706311,True,1.0,0.00017051657622264952,0.2228839309034072,h-sym,0.09229624331931036,0.3747103804583574,0.0,37.26553853984178,0.3292230740092202,0.5050149159678412,-54.58258168300903,-55.54858587105557,Deflagration,0.0001705110167897991,0.09229624331931036,0.09224820550138356,0.5773502976906651,1.0000081510347292,True,155.37105856334952,62.11698939989925,,,,,,,,,,,,,,,,,,,,,7.281498221731303e-05
7,369.9477228952797,-0.0014457708756301431,97.35634829220696,-377.68078252433236,53.64873372011385,0.9787389842102264,0.12907618603260276,1.2930302040040875,3.886676084821582,-10526.280651561065,7254.217022811556,0.5504669115991606,0.9710368984712856,-2.791631107104276,464.56330502117316,True,True,True,91.36543607664207,91.79638528788969,1.5767377371221037e-05,83.26606390673584,142.78376701318192,2.5350277940081583,0.0012198958124405286,0.09112459981499847,0.6051559033869571,True,1.0,0.0012198958124405286,2.5350277940081583,noneSNR,0.20413709222211074,0.146826028721711,0.0,89.48365290519466,0.1468242705295417,0.1355394645002886,83.26179965919269,91.74813046865972,Deflagration,0.0012186956937175724,0.20413709222211074,0.20331984207880693,0.5773495662576145,1.0002460983080526,True,143.1163860863359,20.332069859067236,,,,,,,,,,,,,,,,,,,,,0.014360237379174303
16,560.814250459455,-0.0003662856857383139,-78.83030682616591,543.2359409291064,188.0914743503689,0.9905469666890412,0.12907442679745318,7.308398817206899,6.885566278521744,-13605.479348104403,60072.340407733514,0.6812331135534245,2.974694084055349,-1.4927248264223918,569.2414033094244,True,True,True,134.46423174920636,-76.44554416572475,-1.5031984466969959e-05,-64.12975576861011,138.9760486746079,17.800258389381426,0.002763465383910648,0.18829083417046125,0.6186516569329044,True,1.0,0.002763465383910648,17.800258389381426,hs-sym,0.3604114273703193,0.07702963757873695,0.0,131.28627076736126,0.07702937771494504,-0.07790397952386709,-64.14998101716878,-76.35556056783867,Deflagration,0.002739799508764384,0.3604114273703193,0.35620478154984153,0.5773502458320948,1.0021524933691377,True,140.6593429002148,10.431955278397467,,,,,,,,,,,,,,,,,,,,,0.052153604695214587
21,445.91691129801694,0.0017367642187244947,110.39197924626889,-623.431167000807,92.58244311769728,0.9872697141207994,0.12907865417724498,1.5551670814356406,5.635725249345253,-26658.19978649393,8376.720934530313,0.6275380664951261,1.3280793119164525,-4.976706998253637,685.2134030638806,True,True,True,136.47052676515204,107.9582790632304,-5.091515412307137e-05,94.37271478410808,133.8377027094736,10.106008199868242,0.003119859445048123,0.18669041656081767,0.6211250247672921,True,1.0,0.003119859445048123,10.106008199868242,hs-SNR,0.331516123482616,0.08195285749310327,0.0,132.98434214148054,0.08195246100792766,-0.10310304004531662,94.35817064929181,107.86694607718368,Deflagration,0.0030957352323466142,0.331516123482616,0.3274399426556209,0.5773509671960592,1.0019425138252545,True,135.23429106342275,10.732821233600543,,,,,,,,,,,,,,,,,,,,,0.05539739704276729
24,477.175389867336,0.00015587820195349023,-81.1640385800603,361.8095652031952,16.787877890339132,0.9882102502553579,0.12907413854162247,6.92448963970806,4.459411180033271,-6853.757754416738,47028.480018881004,0.5789872250283804,2.474357606599227,-0.5888974776829401,523.8772696529021,True,True,True,48.74938102588617,-74.29256849087129,2.933787499848113e-05,-72.81494285554582,152.1030809629202,0.37882023183922797,0.00030028180497764065,0.03110540612059473,0.5913246675291031,True,1.0,0.00030028180497764065,0.37882023183922797,nonesym,0.10078474696287047,0.33680970826530543,0.0,48.03374878800611,0.2949936384596613,0.4849892553297998,-72.81478313954185,-74.28580638589604,Deflagration,0.000300263401933159,0.10078474696287047,0.10069205968466166,0.5773502371982173,1.0000153220650685,True,152.1458976861851,54.34169329369491,,,,,,,,,,,,,,,,,,,,,0.0002034671994264564
0,76.15702693560151,0.00016239488306131573,-146.52240772219338,71.88486656935204,-192.47785702868407,0.868545103906798,0.12907409389823385,0.4456065165998497,0.490562311562226,2556.9061846945488,-18637.01830857784,0.3580712745564041,0.19316201441033345,-0.005939293788248923,256.7770748466177,True,True,True,7.056028816985614e-05,-43.82994642913325,2.0393679262140187e-05,-44.32203858484091,240.207522415998,0.007613444737273767,1.082483574845869e-06,0.0019852480833262207,0.5781991472057382,True,2.0,0.003886798693825431,5.5594157345443165,hs-SNR,0.2039461138599412,0.3740470145868576,0.0,169.23138044902143,0.3123227110548374,0.6505774966732376,-6.343056868480213,-77.00066916349512,Deflagration,0.003874191493930005,0.2039461138599412,0.20135229041557126,0.5773499401391953,1.0008125465925952,True,121.3815029212946,15.164604662170474,170.4789087899896,-77.48302706263655,-8.681842116574217e-05,-6.329400599486568,119.53014262269394,5.5594157345443165,0.003886798693825431,0.23442082052866803,0.625969249099272,True,,,,,,,,,,,0.014280639905336063
1,285.2778376397908,0.0005429411309112632,-71.73938178427056,147.92024227432145,-782.2119119480799,0.9973704740423848,0.12907425588664076,7.287229943165497,2.063932041626432,2523.1102731901433,-18550.1436939668,0.4837227438793814,2.1657961593957795,-0.017065481217696882,987.2930801891624,True,True,True,82.94337664509275,-57.810086348744115,2.8188998544786193e-05,-43.445666159305134,150.34163846422518,2.680450992595894,0.000850700954573638,0.08621448295829016,0.6006690436608483,True,1.0,0.000850700954573638,2.680450992595894,hs-SNR,0.22816056403344104,0.15407317711882107,0.0,81.65526923168069,0.15407186263158726,0.18501692068571296,-43.44378510037985,-57.722941469574366,Deflagration,0.0008499241696567503,0.22816056403344104,0.2275071682610633,0.5773502661834594,1.0002284082683828,True,150.65218340185768,20.86686035092733,,,,,,,,,,,,,,,,,,,,,0.0018265022386932293
29,330.79517084992295,0.0010443533211988124,89.22117845557541,-297.50170164225887,326.0461279873664,0.9750499397689484,0.12907493974296605,2.352783506080924,3.3299706569692464,-5465.666903385125,-10496.203671320704,0.5254683254181359,1.1431909860151053,-1.0491788761751484,391.89522793073616,True,True,True,117.86364232803398,83.35465755539596,-5.160090208394968e-05,57.88314944659909,140.77352386590326,14.153349740472946,0.002055798673303555,0.17435665688867802,0.6131674597130023,True,1.0,0.002055798673303555,14.153349740472946,hs-SNR,0.3786327653781513,0.07822038240765564,0.0,114.68085829650282,0.07822004061297633,-0.1864642325992189,57.885622481548594,83.16264275615738,Deflagration,0.002040554221244031,0.3786327653781513,0.3751621423370775,0.5773500626616108,1.0018624755606655,True,142.02252762159628,10.637854535618489,,,,,,,,,,,,,,,,,,,,,0.09116891156991028
6,254.59176183062087,0.0001037066981416038,-86.47537513419184,208.0771881584976,-351.01480525332846,0.976855434823049,0.12907410040265493,1.4874196217810165,2.4064411337944493,-1172.1266142672796,-19223.968304015187,0.4878685478240051,0.7729284277443291,-0.8442489023361246,394.92150487979853,True,True,True,145.99060568711243,-83.74816905454853,3.4223836776771863e-05,-20.91491939215329,134.87023949407035,116.25474872684204,0.003143757579435703,0.33630877389613834,0.6212852412409795,True,1.0,0.003143757579435703,116.25474872684204,hs-SNR,0.5525121914496599,0.053941876346777634,0.0,132.53638133219874,0.053941748239732745,-0.2635847154645177,-22.119438622106713,-83.19895393297854,Deflagration,0.002889898632417261,0.5525121914496599,0.5255966679248109,0.5800279274478287,1.0212724347670303,True,139.80071421632843,6.1358058409384,,,,,,,,,,,,,,,,,,,,,0.2004709277296793
11,304.6204103265464,0.0007628444273795695,164.9824970100216,-389.77128341671477,100.70035434055092,0.9658996715794276,0.12907446636262165,0.6944818311237914,2.3610519623965587,-24348.66160659648,2245.550186076784,0.4806564240825557,0.5671291181803743,-1.8776613902529613,615.4743167009699,True,True,True,31.508096075520715,155.62108912249354,-0.0006452331878944053,154.91867884075475,151.23471121010203,0.14399066984526598,0.0001229170425048801,0.020199201907519858,0.5863313644636979,True,1.0,0.0001229170425048801,0.14399066984526598,h-SNR,0.09545735620999908,0.4116917700645744,0.0,30.853288742522963,0.37439121794697583,0.5341121484634245,154.91857542137916,155.61776729998456,Deflagration,0.0001229142631583769,0.09545735620999908,0.0954214976226364,0.5773502630957699,1.0000056529707466,True,151.25118156915178,68.45953228750786,,,,,,,,,,,,,,,,,,,,,4.362413185717092e-05
6,266.2947546777025,-0.0011417092850581204,206.0960968634965,-381.3559692384122,291.23712493425097,0.9491425710148368,0.12907469027518334,0.8811623836165128,1.8516229000005768,-31447.788823179315,-22557.24532002708,0.4514076862445229,0.528894412570891,-0.8436482231040414,621.3012332845385,True,True,True,46.28714679778914,192.0834209707024,2.3157863309639073e-05,188.83085162682988,151.3069325260097,0.3730676827860577,0.00026845144426019315,0.031267661255475754,0.5905723007779539,True,1.0,0.00026845144426019315,0.3730676827860577,noneSNR,0.1070408163524569,0.3259243657714254,0.0,45.604280540128755,0.2842039898295832,0.4485527779432775,188.830178566119,192.0679791989421,Deflagration,0.00026843352001940064,0.1070408163524569,0.10695257159774574,0.5773502964380113,1.0000166929524903,True,151.34645357454397,52.485381969569644,,,,,,,,,,,,,,,,,,,,,0.0003580486437762436
13,286.40645741934935,3.823367093556636e-06,-96.26415670764736,223.47892109631118,-136.36461908590394,0.9753065606922072,0.1290740960484859,1.3379470701382274,2.3215281742115845,-2932.7012723690605,-728.2288333622855,0.4835745923607847,0.7214081299031543,-0.8779711720242951,425.10646704316,True,True,True,70.89547421934877,-84.84567604052546,-1.306743780078171e-05,-76.21912243143578,148.2617000457829,1.4138013233950346,0.0006601772965234329,0.06360108532571958,0.5979448985654012,True,1.0,0.0006601772965234329,1.4138013233950346,noneSNR,0.1554928324665441,0.17686231927497392,0.0,69.83765879507163,0.1506919867581622,0.2794889334644093,-76.21685455898795,-84.80920837847253,Deflagration,0.0006599677917772384,0.1554928324665441,0.15516893985980618,0.5773500913527779,1.0000793522856088,True,148.42461335962264,27.66599243904052,,,,,,,,,,,,,,,,,,,,,0.008696769802490319
18,94.10421162217982,-0.000200641798635194,126.07461518119658,-70.30142844435335,258.9104740912312,0.966176809360317,0.12907409378505666,0.7737683941172571,0.557573729251817,3391.792226974029,-20344.468455043803,0.40564517425985147,0.2863710534046171,0.028627866620902637,472.3519242885121,True,True,True,1.353972823838423e-07,49.6190199427754,1.7600669080546776e-06,49.9140482421863,233.86055255354248,0.0007694734206040723,6.643967358206894e-07,0.0033375906781566416,0.5780154162231879,True,2.0,0.0041896578429196606,5.340998010862193,hs-SNR,0.20575363142635475,0.33223000329566,0.0,174.07488027498212,0.3322299164750481,0.999999999999996,8.090213526719072,96.52864231349658,Deflagration,0.004174677538431668,0.20575363142635475,0.2029290780054712,0.5773502720567968,1.0008958888645216,True,127.13093850843754,13.86719414149709,175.23154165261948,96.86387810609926,1.712414006916656e-05,8.070362719979865,125.21922165912558,5.340998010862193,0.0041896578429196606,0.2364984269268445,0.6277359140481371,True,,,,,,,,,,,0.01580462883782741
22,208.84166087715005,-0.0004017890611136843,-49.39641837279822,59.639183550928145,-178.90452431909438,0.9882338299999356,0.12907413328317874,3.2500735954290287,1.206434472280883,6349.648010150238,-935.0466366523759,0.4434581772544551,1.013590810904071,0.01711635039214851,319.15664291651325,True,True,True,32.790226089143054,-26.86618576534793,-0.00015095896677393378,-25.17395977605547,154.48349295623566,0.18796976984197045,0.00011685047307022632,0.021687569234047518,0.5861086711138459,True,1.0,0.00011685047307022632,0.18796976984197045,noneSNR,0.09061542818520404,0.3955234656913657,0.0,32.34408437637609,0.3503547140403647,0.5237837375205708,-25.1739141613136,-26.86030912575035,Deflagration,0.00011684822610686579,0.09061542818520404,0.09058312870391894,0.5773502633877253,1.0000048074053676,True,154.5027919074233,65.91185028590255,,,,,,,,,,,,,,,,,,,,,0.00019446958391283392
3,386.7533786656836,-0.00022722181012537382,-97.86866254919785,337.22518593743683,20.65678677441292,0.975002918585423,0.1290741530797522,2.2513028807431983,3.4444281802191434,-8684.18006624181,23546.972863405448,0.5302140721069405,1.1368970835556569,-1.1883946768774152,429.45834476434163,True,True,True,49.89119337017864,-88.95634913751712,-1.4225721752964825e-05,-87.03938687738312,149.43863077836892,0.3710575395591036,0.0003286337061111073,0.032249239108668955,0.5919610385878847,True,1.0,0.0003286337061111073,0.3710575395591036,noneSNR,0.10086869722818974,0.33582658322574005,0.0,49.7388812336265,0.27843560319090793,0.4729244660194021,-87.03904758533955,-88.94627699002692,Deflagration,0.00032861049811951223,0.10086869722818974,0.10076717160454328,0.5773502736060657,1.000017655687438,True,149.48153628430774,53.17960395334115,,,,,,,,,,,,,,,,,,,,,0.0002842875102819973
14,541.7270489446294,0.0008304704987850107,-86.94174193234926,524.6140429569641,-358.5757819081141,0.9927680341498256,0.12907567658527191,9.377517261290803,6.044865938850558,-14940.841591454619,40034.874704784714,0.6473058267309134,3.351856971797794,-0.8450735358483263,718.9845612767202,True,True,True,81.87105383694825,-82.4856902470355,-0.00015172043566157408,-78.43337503942017,148.75338173740326,1.7895119583838834,0.0008777450446314377,0.06999635154495558,0.6010287886241943,True,1.0,0.0008777450446314377,1.7895119583838834,noneSNR,0.151930946013281,0.1719364755514316,0.0,80.6065658483934,0.17193404412120933,0.27718247943274343,-78.43349471925269,-82.4671595062018,Deflagration,0.0008773703004986077,0.151930946013281,0.15151124312795794,0.5773503460351346,1.000106763394123,True,148.98364199864332,26.76356261041864,,,,,,,,,,,,,,,,,,,,,0.0019450191770645177
4,310.0564250054752,0.002291479240237049,103.5473865129864,-330.76061968040705,220.4125595578529,0.9595463965594234,0.12907758224871094,1.0328046294151918,3.1870576855765416,-9339.518502897065,-11968.611123314608,0.5120166650563318,0.7893774382832215,-2.3296005650752223,352.8976277892433,True,True,True,143.9645623315251,100.20059647473495,1.425538102206297e-05,39.01555650294653,134.40951951562968,142.11151653782827,0.003325540500289989,0.3124779478042438,0.6224827856638301,True,1.0,0.003325540500289989,142.11151653782827,hs-SNR,0.5607916860286347,0.05747599771064923,0.0,124.66457814955123,0.0574758053919601,-0.9999999999999816,41.50905449871025,99.12023737549977,Deflagration,0.0029984705593458275,0.5607916860286347,0.5281538584450619,0.5826522704474896,1.026220327723699,True,138.63255982282874,6.878136723593276,,,,,,,,,,,,,,,,,,,,,0.03521332638789852
5,239.9296651609469,5.8082074123766624e-05,174.13143562812226,-254.9109237948397,177.9197939613751,0.9290249713939516,0.1290740972069857,0.7285354344844797,1.4638427211641498,-14371.109450587566,-8892.676030015225,0.42580382659912575,0.4261076454818116,-0.6062489258322296,437.2027200522954,True,True,True,28.56756177304706,159.24030903273197,1.9772687100395223e-05,158.42227423180103,153.88089331770058,0.12903955126165556,9.39338384121925e-05,0.01883918216568338,0.5852092973816007,True,1.0,9.39338384121925e-05,0.12903955126165556,h-SNR,0.09289787512590296,0.4213989478523679,0.0,28.119875418274145,0.3813033110721472,0.5234380976956529,158.42216091936052,159.2383890245714,Deflagration,9.393261223031256e-05,0.09289787512590296,0.0928712329263155,0.5773502181479573,1.0000032634455929,True,153.89516515250338,72.17070678132781,,,,,,,,,,,,,,,,,,,,,5.473229657839107e-05
16,226.63877743699268,0.00011869760370117395,-72.46812115642734,101.69783302144668,-209.6142618520257,0.9890351983080432,0.12907410019155482,2.287288272687857,1.4035834175257462,4139.4528145837185,-3171.161541922498,0.452068830277818,0.8057526377595886,-0.08625144856822134,485.3299855157209,True,True,True,60.03203236823671,-53.17212266070944,0.00021316445590464035,-45.09564471593188,151.7469438273649,0.8252938131699068,0.0004275742283528071,0.047714479060720974,0.593985118364522,True,1.0,0.0004275742283528071,0.8252938131699068,noneSNR,0.1302151516225362,0.2346074442672116,0.0,59.28869881745944,0.2008827226311672,0.392585001432072,-45.09483834296661,-53.139004518735334,Deflagration,0.0004275104032644357,0.1302151516225362,0.1300421840217525,0.5773502674451539,1.0000373216153993,True,151.83952667229462,37.54222284090472,,,,,,,,,,,,,,,,,,,,,0.005440681255979549
0,98.24974715197344,0.0007406346160471144,-165.99084068263244,25.654183801950296,-247.74462275732586,0.9112782810286004,0.12907406891643602,0.8364313698415762,0.15444316492576066,5693.075979806335,-18080.47134215856,0.3630806746108118,0.2348483699480209,0.1219447657684672,367.3315301936137,True,True,True,23.815021869172906,-14.733157556734623,-0.00012470043385835812,-14.23677678824857,151.70036386057325,0.0610552891045586,4.96799551702959e-05,0.016499898905308064,0.5830765116330093,True,2.0,0.001936738040114632,11.886754140420791,hs-SNR,0.691728990260155,0.05905433612298715,0.0,210.93121768574053,0.06324695201951648,1.331005551333674,-4.973158586414021,-143.57405216870168,Detonation,0.001936738040114632,0.686835707400398,0.691728990260155,0.0,1.0,True,107.42712680764484,2.0757870958576627,212.55566510409574,-143.57405216870168,194.16821534220568,-49.813673237445286,105.45138081992529,11.886754140420791,0.001936738040114632,0.2651669334571356,0.6121495489027919,True,,,,,,,,,,,0.0015933005153744668
3,269.3052370891988,0.0006305247865298196,106.78487627580687,-204.2655309556997,227.31121688006152,0.9510172482183358,0.12907428256717296,1.7023984342561156,1.9115053792162784,-3090.2468071429266,-4902.27629912625,0.4547931322652022,0.7441838384334085,-0.4074999912997677,328.50803635468907,True,True,True,56.59432650402334,90.8862086670373,-0.00015805333771586996,85.24586209980895,150.8882759095786,0.697068756806317,0.0003998629502544032,0.04321141651320081,0.5934450021108788,True,1.0,0.0003998629502544032,0.697068756806317,noneSNR,0.12451980317968847,0.25003731010885444,0.0,55.82345517072463,0.2153311385985109,0.38265625441462825,85.24465890732782,90.86216291285984,Deflagration,0.00039981144596888836,0.12451980317968847,0.12436559570907656,0.577350269904985,1.0000322038039118,True,150.9642512573198,40.06129595667699,,,,,,,,,,,,,,,,,,,,,0.002190376309114761
9,124.3570250988263,0.0005674829301477843,-271.32633582815316,52.519812375896656,-226.4976685244372,0.8450267162841766,0.1290740955547828,0.4825789533206002,0.19356540078996234,698.6927219889328,-25928.341566922983,0.335621292530888,0.15290563846181046,0.10966402590443522,428.7781462657489,True,True,True,13.184427714297,-1.418355345852199,0.00035959811369109065,-1.2423695921749744,76.12524862148058,0.08634301106380349,5.780750185806134e-05,0.02053606621392301,0.5835247313675529,True,1.0,5.780750185806134e-05,0.08634301106380349,h-SNR,0.09817936697855836,0.9593357126567492,0.0,13.060165028783347,0.8316960432757405,0.5637574908291243,-1.2423861795985762,-1.4179545802929714,Deflagration,5.780637150165067e-05,0.09817936697855836,0.0981620028197976,0.5773503414094262,1.0000048885100927,True,76.133568902827,80.24049706515207,,,,,,,,,,,,,,,,,,,,,2.1053970818196205e-05
6,178.82412890126045,0.001870937696789868,60.50712855238857,-51.8142944289433,199.35478174773385,0.9794731264405204,0.12907456757463565,2.4701921039725856,0.8542827231111932,6252.461081103266,-3080.893944961729,0.42447578051715296,0.7599284798450121,0.05521401945849863,294.01051284010146,True,True,True,28.213527813323463,33.993776829793674,-1.3317108376147904e-05,32.82001821967583,156.0664727216654,0.12798770720084462,8.252154388194917e-05,0.018944869648207404,0.5847196430141502,True,1.0,8.252154388194917e-05,0.12798770720084462,noneSNR,0.09120092006760176,0.4272868497139025,0.0,27.83969490714489,0.3733227171986805,0.5523613832677765,32.819980660145696,33.990434629205104,Deflagration,8.252006529794438e-05,0.09120092006760176,0.0911779572039979,0.5773503018007555,1.0000044794380152,True,156.0809992203339,73.5976456165904,,,,,,,,,,,,,,,,,,,,,0.00010890699976266491
23,233.494488285004,0.0011599180582377445,-38.360888403673016,24.02894719858358,91.36768381538631,0.996730044398534,0.129074527447389,10.883189244109843,0.6311659050387542,7366.406979971088,19664.875953489867,0.4237050203640619,2.82599162853392,0.11992347827540585,473.1900473728546,True,True,True,100.17652131702452,-19.05794977100476,-1.0117712645170513e-05,26.003043379352576,151.80783172961176,7.648758043236767,0.0010598007786731406,0.17343089945765489,0.6033127017308215,True,1.0,0.0010598007786731406,7.648758043236767,hs-sym,0.4949721301728318,0.13518251164741274,0.0,96.18121731096012,0.1351819372978041,0.14167788974677525,25.704549581527147,-18.451055449858803,Deflagration,0.0010469125919134762,0.4949721301728318,0.4906239643860155,0.5773504271466015,1.0030635585663117,True,153.08765320371833,10.434088635607411,,,,,,,,,,,,,,,,,,,,,0.013604496540670571
14,534.8735532657262,-0.0005125493974354463,47.77900412839847,-397.36858534995065,415.63898588805495,0.9980609838616326,0.12907468209740308,11.803155770094204,8.328587218351629,-1655.697853005915,7442.953361671709,0.7450947222688087,4.338886812248823,-1.3401375863164808,766.1240402827483,True,True,True,200.9027706819909,47.58092307130008,-1.791513519380703e-05,18.306875872440678,113.7905684511682,135.9595822495376,0.010252549747005036,0.486403549666551,0.653953132490551,True,1.0,0.010252549747005036,135.9595822495376,hs-SNR,0.5935040083258886,0.03748162727408723,0.0,182.54061990385887,0.03748157352519346,-0.3606501546337828,19.13865487850716,47.321286191316176,Hybrid,0.007636689740621522,0.5773502691896258,0.5017588553365151,0.609301660079553,1.0764198171667376,True,127.09688610049349,4.878874503762064,,,,,,,,,,,,,,,,,,,,,0.15915256935440494
1,412.91698959856683,0.0010490633325791106,164.60839697792642,-745.9132959423082,302.0778795789902,0.9782498238877384,0.12907550181800853,1.5295554143886112,4.527432856016491,-53622.26357323047,-8401.323897652823,0.5769254479725326,1.1369609962665679,-3.221186945837556,776.3003951354538,True,True,True,93.00270878389408,159.39117114448112,-9.581374844446422e-06,152.80250171154074,142.15759542536384,2.156687653366589,0.001272850686364516,0.08738663525537631,0.6057372271490244,True,1.0,0.001272850686364516,2.156687653366589,noneSNR,0.18563075675718368,0.16093525122851013,0.0,91.11712607775377,0.16093337968202304,0.2126884101303037,152.79985135953967,159.3494811390688,Deflagration,0.0012717134001869652,0.18563075675718368,0.18486825213335295,0.5773502219826439,1.0002234986624106,True,142.46453299140396,21.872240365600074,,,,,,,,,,,,,,,,,,,,,0.007868536094382357
23,150.62360073472456,-2.3108080112273677e-05,126.409179254903,-83.37375759824585,357.9982035589702,0.9472807803056325,0.12907409607149076,1.5004574534004442,0.6595598425147475,2554.191680472031,-21277.86998922982,0.40085540923671537,0.4850410037692357,0.05659300291016736,373.73051724642914,True,True,True,173.7925985879647,111.8085845847451,5.608412124562846e-07,11.034727667624306,128.44310852640686,26.62510260533618,0.0047080976937538405,0.4101395956600333,0.6306031916514655,True,1.0,0.0047080976937538405,26.62510260533618,hs-SNR,0.5562865652293765,0.07360302590229982,0.0,163.3612798768416,0.07360296424545665,0.32105111347949755,12.038597267397867,109.1846786707584,Deflagration,0.004183914683321775,0.5562865652293765,0.5184186850062333,0.5830365393685418,1.0299488605908065,True,135.459422957603,5.973731999406287,,,,,,,,,,,,,,,,,,,,,0.3828081139673721
15,66.00733722284126,-0.0005643381526657513,-159.22543329847858,84.93772994802363,-225.35359505346332,0.9004662051822829,0.12907406637937271,0.4747379548525539,0.5336057706922229,1063.6892100757896,-23841.190481339483,0.3739819355494512,0.20761878382850896,-0.02086924213725697,329.65866905162363,True,True,True,4.889200443557948e-06,-43.85335528342424,-8.036084293006896e-06,-45.00806929181101,256.404072740941,0.0019438035371308613,2.663964316744463e-06,0.003031648678172513,0.5786813878402784,True,2.0,0.015090111693740915,16.726049921541758,hs-SNR,0.4429208211685179,0.2325902031779745,0.0,220.74926295517628,0.2325901739994935,0.9999999999999996,-2.5634494993585903,-135.99458482376681,Deflagration,0.013915702906291431,0.4429208211685179,0.4091821210866802,0.5773570233022418,1.0204619752281614,True,98.6194032751686,7.033189351925709,223.36608722054245,-138.671394212719,4.605874154945006e-05,-2.426501524017413,90.7156353426978,16.726049921541758,0.015090111693740915,0.5091043921477219,0.6686884098114085,True,,,,,,,,,,,0.016719425285199388
3,407.0541659560041,0.0002509433659036908,-52.88262978006479,273.8746369737989,-205.99577692314847,0.9917425943096004,0.12907417398194554,3.50932630236292,5.181806852608644,586.1970973903835,-991.8644745971832,0.6108355311037272,1.7409660510255045,-1.7837660654439476,408.95318355935416,True,True,True,138.8601216115643,-50.56367103293029,6.349204897861221e-06,-30.568321526529232,134.38685482467886,17.82807311023039,0.003161224947732207,0.21002409265394248,0.6214019255735329,True,1.0,0.003161224947732207,17.82807311023039,hs-SNR,0.3879020552530724,0.07165193464563709,0.0,134.77464180920478,0.07165164789951131,-0.2205813299857709,-30.578198299727546,-50.4346909591708,Deflagration,0.0031227662476874256,0.3879020552530724,0.382312385956184,0.5773502479959695,1.0030647786895512,True,136.22668530070493,9.474415932200156,,,,,,,,,,,,,,,,,,,,,0.11588786029435895
29,78.28632896845656,-0.0007392064307687598,155.72420409748855,-26.48938108186559,170.06980250963704,0.8551574202113217,0.12907405313570705,0.5661301968726008,0.16992092862497793,5759.007279876287,-12760.873872986762,0.3389421005082585,0.16985270398897984,0.11632384031175115,256.89974828804384,True,True,True,25.678547121491555,19.210108472362887,-0.0002974403577329342,18.395491028143688,158.62568844679288,0.10639131057695296,4.82150706518931e-05,0.018226968452106064,0.5829918784532401,True,1.0,4.82150706518931e-05,0.10639131057695296,h-SNR,0.09399618143464752,0.504073769967635,0.0,25.34911160735939,0.452371289617957,0.5558962687750114,18.395645409248203,19.20888362626791,Deflagration,4.821447277394498e-05,0.09399618143464752,0.09398233873572924,0.5773502974946533,1.0000031000814358,True,158.63913450286375,88.90826995783024,,,,,,,,,,,,,,,,,,,,,6.375030752394144e-05
0,26.970931844195395,-0.0005864441761381117,-189.91058205791438,53.22004921249607,-141.018161350826,0.8835907100200516,0.12907405371340472,0.26361455730791034,0.28042454503875497,2773.600873010054,-17267.639175160904,0.35590600052049537,0.11264106350010344,0.05449743865156932,358.3547916274915,True,True,True,1.7667776145744557e-06,-30.759510237361216,1.7002865549743435e-05,-32.50029981981616,235.1652747769629,0.016293950412801902,3.6570879833303236e-06,0.006130356600732757,0.5789095847513591,True,2.0,0.0001766226171126897,0.2914799435279889,noneSNR,0.08592378359929992,0.5379158467392164,0.0,35.14433086276186,0.4653464831519294,0.5622610598494402,-4.831364888086163,-6.823576926866277,Deflagration,0.0001766171345887228,0.08592378359929992,0.08587756948894909,0.5773503130601034,1.0000077603741002,True,116.98191707224063,64.30706458338169,35.42693424128669,-6.830187239758992,-6.6721167064383525e-06,-4.831268592239628,116.94971973852421,0.2914799435279889,0.0001766226171126897,0.03218799583285819,0.5880990289379578,True,,,,,,,,,,,3.9507426060501725e-05
10,234.1985846149471,-0.0014798396825959554,-65.15166061993637,136.28071654933177,-327.12156270696084,0.9845652011886418,0.129074804190497,1.5037912264951248,2.0881292430433684,3376.6636742614182,-15038.921633509904,0.47838642798204,0.7239693471310092,-0.5958070242890042,366.5108190934349,True,True,True,146.9900380523523,-64.13001064710892,-3.193073016964792e-06,-132.2243199801677,135.2216103139121,66.60081326039429,0.003159647311267345,0.3510271983224708,0.6213914012112742,True,1.0,0.003159647311267345,66.60081326039429,hs-SNR,0.5480255413176477,0.04996345870983599,0.0,135.26559109555166,0.049963339090716805,-0.22946650484957865,-131.1597706785161,-64.2548004642223,Deflagration,0.0029244671415929965,0.5480255413176477,0.5230815895933061,0.5791700861057252,1.0195252014869935,True,140.6732757314527,5.811132606246543,,,,,,,,,,,,,,,,,,,,,0.2780485890467205
16,400.0098829808813,0.00041328769383352007,127.74405101587831,-555.730650211944,240.50018181917838,0.9815823210938972,0.1290742994385863,1.804189815810668,4.348447640860413,-27687.354182615738,-1338.2125651753156,0.5710999132715746,1.1757887274294028,-2.491076407488031,656.362717083809,True,True,True,98.75237118703207,122.53152406692766,0.00017069932680559868,113.85566944433027,141.93608407147215,3.0409245694666813,0.0014444424388845832,0.10168711931416168,0.6075379379624598,True,1.0,0.0014444424388845832,3.0409245694666813,noneSNR,0.21700876324235707,0.1371099860234509,0.0,96.7406117214164,0.13710875456334795,0.14245448161999133,113.85098144982322,122.4768788654936,Deflagration,0.001442494166069605,0.21700876324235707,0.2159669893463461,0.5773497717313053,1.0003374860823833,True,142.35356320550918,18.524756431455494,,,,,,,,,,,,,,,,,,,,,0.015585368212680141
18,67.05295495255379,0.00042369001047288813,-187.00235484378203,0.6903088022169186,-10.689174100567355,0.8131178953549818,0.12907407952770553,0.09126602591020372,0.00358882188451706,7757.414014111655,1189.5511072339661,0.3144782338577466,0.02341464345830377,0.12903879903206014,261.21836950703045,True,True,True,49.403153998184976,-164.54729784900385,5.440041132552442e-05,-171.19947152745732,163.5363677159309,0.4461754661387829,0.0001952391868876337,0.03306330122324494,0.5886457577243681,True,1.0,0.0001952391868876337,0.4461754661387829,noneSNR,0.09751141651336358,0.34188226064184324,0.0,48.81188720416751,0.3024860565341824,0.568820023186854,-171.19898580355385,-164.57765188256462,Deflagration,0.0001952293412357724,0.09751141651336358,0.09745318762517496,0.5773504119444997,1.0000126075640148,True,163.5835966853249,58.595363249987926,,,,,,,,,,,,,,,,,,,,,0.0014356367931676716
1,383.148411600057,7.258760368784638e-05,-148.68012469059602,506.5220126785366,-748.4559213870308,0.9836246620173604,0.12907410174086842,3.502090485806201,3.407050420916504,-29828.248970428023,-33856.197423444704,0.532878335919557,1.4433643582709674,-0.6995732888472632,811.4419196863378,True,True,True,66.7822088964855,-139.75277727936682,0.00011989887457575022,-135.31714575093713,148.9770787470793,0.9034286257521272,0.0006011714992463558,0.05128008489312095,0.5970198976463947,True,1.0,0.0006011714992463558,0.9034286257521272,noneSNR,0.2074457015555464,0.2295571274129924,0.0,65.27392420550856,0.19962440504616208,0.3900720924827012,-135.3140808493834,-139.6965391046993,Deflagration,0.0006008546316691037,0.2074457015555464,0.207034860515274,0.5773502242866626,1.000131814300797,True,149.0869541559915,34.5561664847117,,,,,,,,,,,,,,,,,,,,,0.0033200284925679023
3,304.92727986757683,0.00020534738105680992,-99.52068081269148,243.95420830400624,14.066729940001323,0.9614899100198372,0.129074122939589,0.8727907844405809,2.451939710970252,-4312.279174416084,10064.012455907328,0.4823184097731205,0.6268543146051873,-1.5929904466600733,348.1591099941444,True,True,True,44.438742797563904,-88.20718754682716,4.1061735279220504e-05,-86.05939651665994,149.91486001424013,0.30817463818900137,0.0002531524494972496,0.02889035585102312,0.5901944117304232,True,1.0,0.0002531524494972496,0.30817463818900137,noneSNR,0.093218680658032,0.3502788035822181,0.0,43.744354715526974,0.3079281863648029,0.476615661209873,-86.05907643337895,-88.197708970163,Deflagration,0.00025313993408693355,0.093218680658032,0.09314662580099542,0.5773503034710002,1.0000123599406876,True,149.94851549505225,56.40610125646107,,,,,,,,,,,,,,,,,,,,,0.0003710791490246364
16,472.20578641454216,0.0016433352988919994,102.0750862081152,-537.0634761468099,449.9778652672247,0.992744481544289,0.12907871463356216,5.252222079174126,5.247897477482035,-19656.99659029843,8382.178260836079,0.6140886355331024,2.1877050993738707,-1.181815394517133,842.7469779480409,True,True,True,105.06613562653234,97.2747784873991,-9.213104084783552e-06,88.7949930775563,143.51465652436312,4.083860173078051,0.001588014222240679,0.11297578976901025,0.6089592663874833,True,1.0,0.001588014222240679,4.083860173078051,noneSNR,0.24447568368023234,0.1317714878874469,0.0,103.02423618957785,0.131770718240585,0.1462850164930963,88.79169473296291,97.2142994580446,Deflagration,0.0015849079652261366,0.24447568368023234,0.2431446241264941,0.5773502688020464,1.0004896146511029,True,144.068324195844,16.731826816643487,,,,,,,,,,,,,,,,,,,,,0.013077143582176572
17,39.19842047362995,-0.0013212487439115351,-201.52710244316003,42.00044918780452,-95.56526937791651,0.8537504375905215,0.12907389284203988,0.17825715032003986,0.2087866900792204,3599.2578912508784,-12008.014852169663,0.3399603261745661,0.07936206925988001,0.06793766089289745,330.43913680968546,True,True,True,-1.1516614244902435e-05,-25.92801742887334,-5.1538902984200264e-05,-26.475636276484884,214.54345929154445,0.01761498518328608,1.0273442734535578e-06,0.0048295570306424035,0.5781772603871097,True,2.0,0.00012774247089613908,0.2798618144734064,noneSNR,0.08629637292875995,0.4897995180299277,0.0,34.33175035426353,0.4263632956099815,0.5609193444185961,-7.534814125123467,-9.710734891639472,Deflagration,0.00012773999902986703,0.08629637292875995,0.08626279872354403,0.5773502666141747,1.0000048376553037,True,131.22239459580553,66.22565588331952,34.621669093272004,-9.71585069397771,7.305487923615679e-05,-7.534725561688343,131.19300373088478,0.2798618144734064,0.00012774247089613908,0.02910402387989097,0.5865045385904569,True,,,,,,,,,,,6.440591414468049e-05
19,253.2544919304329,0.0007191513687452144,-111.74676832019958,180.18317736033225,-191.8766486372387,0.9735083164518556,0.12907430290670727,1.4699414265782458,1.6136915680433397,-2235.7633683756103,-3047.521906990813,0.4532053925841346,0.6364339513184514,-0.3138005677668487,475.7736422301389,True,True,True,40.80964631730174,-95.46395652130221,-2.5817043767096288e-05,-92.93345597340851,152.70320403859233,0.2647070225757773,0.0002016230750212873,0.026452234134800648,0.5888270659591479,True,1.0,0.0002016230750212873,0.2647070225757773,noneSNR,0.09738363486094892,0.3607980506428642,0.0,40.24073190331908,0.3149428907737881,0.4864668115386036,-92.93304163633934,-95.4529280131608,Deflagration,0.00020161480205706608,0.09738363486094892,0.09732358337194458,0.5773502925247886,1.000010258221171,True,152.73176673529943,58.69084285142239,,,,,,,,,,,,,,,,,,,,,0.0002765520566959901
25,330.98491016878575,0.00029164689311669644,-94.06380732352312,271.93976134655566,-212.2114845676492,0.9772279764143638,0.12907416192606486,2.367418265240859,2.8921963351248787,-4960.854904219275,1021.3368016083404,0.5082903729770407,1.0738872888310278,-0.7542509103398148,433.200808992078,True,True,True,75.2304125559488,-84.06818011125301,1.820002191823446e-05,-76.44703266984405,147.66249169360594,1.5016293627905668,0.0007657536516898924,0.06686566281572708,0.5994984744996095,True,1.0,0.0007657536516898924,1.5016293627905668,noneSNR,0.1575860742950367,0.17135645314766262,0.0,74.08947263719183,0.17135360991775025,0.2368998276743365,-76.44441171454422,-84.03094593484589,Deflagration,0.000765451269269166,0.1575860742950367,0.15720480838626527,0.5773502477370442,1.0000987449000571,True,147.84515331113673,26.57259470847876,,,,,,,,,,,,,,,,,,,,,0.0004934924949832572
15,92.63359902653141,-0.00035439241527176834,103.69462319190859,-60.09523740968757,220.3375552683952,0.9859748059948359,0.1290740887195121,0.6447079878639007,0.5794424402870111,4707.449721020465,-15918.521834553281,0.4162185407979303,0.25775073701381035,-0.0011218867942288382,612.6052996089168,True,True,True,4.831955583354157e-07,193.83236624896614,-7.603501763672185e-06,193.4851146626928,232.88070664082963,0.0063036451935261075,8.77094853270092e-07,0.003073933976919141,0.5781144389696319,True,2.0,0.008316264433960925,27.0601236287725,hs-SNR,0.40791413067461424,0.1510225043454795,0.0,198.6350508686726,0.151022450006361,0.9999999999999986,232.2599769220181,101.82730266603504,Deflagration,0.008021491837964547,0.40791413067461424,0.3919477080336337,0.5773503235920787,1.0090630097117428,True,120.91717057322788,5.678247153865812,200.93788354227127,101.88042571792583,3.714338553968264e-06,232.39931220873345,112.79604675756607,27.0601236287725,0.008316264433960925,0.4688668168673726,0.6468927413660973,True,,,,,,,,,,,0.035114398467882925
1,191.24513135156184,-0.0023479254986050434,-265.75333821885374,128.0442051039671,-160.0621937029123,0.7353490727098617,0.12907504768049824,0.4567029620039413,0.4810650025858084,-9216.794570067126,-10305.250192289139,0.30426794554388137,0.19435324093195336,0.0023933990124923032,288.3647320186007,True,True,True,40.993582446838964,-256.38582989396906,-8.943310972248986e-06,-256.90500756335905,158.8184682132364,0.2982982397482488,0.00014568953402354867,0.03451195445466562,0.5871210790606244,True,1.0,0.00014568953402354867,0.2982982397482488,h-SNR,0.11690251719496515,0.2520649032756242,0.0,40.18431565969153,0.2722245961390146,0.0,-256.9047650479705,-256.3868286767414,Deflagration,0.00014568366773230388,0.11690251719496515,0.11684996900996315,0.57735026974383,1.0000100666786398,True,158.86830583441844,43.23429336876521,,,,,,,,,,,,,,,,,,,,,8.176844271317864e-05
27,372.0600659133322,-0.0011452251690345805,104.41222500403057,-401.4363044407863,489.6528476425171,0.9808215054131266,0.12907542437452887,3.3494739241531737,3.8501950658252473,-13103.777876719034,-14444.29207541089,0.5499666948789446,1.4790676586758345,-0.9773671379938986,525.4258092800058,True,True,True,112.56379476495742,98.93027813214078,-8.629165905525336e-06,81.19194606946999,142.1175627845893,8.360466826874415,0.0018890399229179648,0.14803302951896485,0.6117323864983321,True,1.0,0.0018890399229179648,8.360466826874415,hs-SNR,0.3212815602510368,0.0904400455437221,0.0,110.02582644659068,0.09043958766457692,-0.07601039557607597,81.17472548764678,98.80632770476065,Deflagration,0.0018808480423246367,0.3212815602510368,0.3189303512184977,0.5773503242808082,1.0010870807542658,True,143.03441715697858,12.25533737930784,,,,,,,,,,,,,,,,,,,,,0.05019526648188282
0,419.6978675423164,0.0017261033610037914,89.9771278055431,-333.5015913249853,490.609714869716,0.9868927353617764,0.1290780406029666,6.667295981263491,3.6940092197964134,-7230.387960889757,9454.977382511657,0.546446870815873,2.282492198615275,-0.38258756394977145,550.2484564156755,True,True,True,52.271829638347036,81.07963603010654,-2.288490609345362e-06,78.8245898224446,151.836925812549,0.4636628597994843,0.00034824187698756856,0.034701523808325765,0.5923847936829137,True,1.0,0.00034824187698756856,0.4636628597994843,noneSNR,0.10703800457223796,0.30803766630891644,0.0,51.54764884943161,0.26770416884169385,0.4633285644933482,78.8242590613026,81.06871867284944,Deflagration,0.0003482125994702341,0.10703800457223796,0.10692353676697144,0.5773502751855512,1.0000210191951056,True,151.88937202455972,49.57082256777726,,,,,,,,,,,,,,,,,,,,,0.000359942816084344
2,176.1636669931095,-0.0013441174438427214,114.14189531093322,-58.41780493751219,517.8969006562015,0.9873332195566538,0.12907432533700108,2.8643682959149737,0.5125357743084823,4494.6024066626505,-21773.373543164984,0.4141010234534577,0.8015147030301573,0.1061466766543373,710.2976234675115,True,True,True,108.41747342649995,89.94405240858839,-1.0607713015840947e-05,30.254727344617024,149.20545863239695,10.97305252756425,0.001307729335960252,0.1868785650771884,0.6061131732978589,True,1.0,0.001307729335960252,10.97305252756425,hs-SNR,0.4853165579076542,0.11152920074070914,0.0,104.3217094766782,0.11152882977316264,0.05309240755088231,30.70510419777039,88.97053285378931,Deflagration,0.0012905727591869226,0.4853165579076542,0.4805058538210207,0.5773501696562066,1.0033070017856585,True,150.68098119023813,11.419860116332725,,,,,,,,,,,,,,,,,,,,,0.013642345779203476
14,249.77445757112721,0.0002668274548086846,-49.23851730899339,45.37947707815852,-11.843145253056493,0.9871995958352916,0.1290741234904284,7.2261280163540675,0.9226543637722152,6707.793737885778,16967.293673577442,0.4311232359854741,1.9603077313838864,0.09962228313203447,304.7736030875406,True,True,True,41.78236233882339,-25.889827773525663,0.00012583122002118158,-21.576992043213238,156.79336343131732,0.3619856726299133,0.00020598519445347288,0.028675567337202282,0.5889492740161953,True,1.0,0.00020598519445347288,0.3619856726299133,nonesym,0.10507405504365236,0.3065154337440512,0.0,41.26107315980421,0.26568518295165866,0.3863815833562692,-21.575516641974325,-25.874414435047086,Deflagration,0.0002059746925521672,0.10507405504365236,0.1050076449656756,0.5773503143206681,1.0000127463480906,True,156.82819031164308,51.75837257820762,,,,,,,,,,,,,,,,,,,,,0.0007778299672236105
11,342.61284658235735,-0.0006104178443556365,104.18155271122178,-315.5055443606551,106.20374403274258,0.9672001767455672,0.12907440873710085,1.6890400015557714,3.0308416043155058,-8598.016368955214,7341.403097356466,0.5091927986012708,0.9274002677748604,-1.2305737970467443,396.68626532379966,True,True,True,58.42823435145459,94.36575986942628,-1.750469549359719e-05,90.80451723279528,148.37252999653842,0.6046761267975,0.00045550432572223984,0.04181370023917733,0.5945115357582867,True,1.0,0.00045550432572223984,0.6046761267975,noneSNR,0.1164981130399363,0.27035396024109737,0.0,57.50796227219689,0.2346621965197936,0.4227009043367218,90.80377682044336,94.3478346819353,Deflagration,0.0004554454438565371,0.1164981130399363,0.11633443688845604,0.5773502726811407,1.0000323194643992,True,148.44358008737169,42.43917642890785,,,,,,,,,,,,,,,,,,,,,0.002155762027418468
23,313.18789836172414,-0.0006737346791661228,130.76206938705707,-367.85480812400107,219.97090192604682,0.98363803137624,0.1290744047181134,1.2162130746534603,2.8148866664861547,-16212.205415425144,-7915.8774068329785,0.5082115729004879,0.7732010464110576,-1.4996671189288078,713.9505064633943,True,True,True,81.92031769320924,122.5505543700288,-2.4399980400266384e-05,112.30255283206048,145.97658233083592,2.2216682413312867,0.0009277115566429726,0.0813050915305272,0.6016785275566207,True,1.0,0.0009277115566429726,2.2216682413312867,hs-SNR,0.2055803144799964,0.15648134739927774,0.0,80.37986219628544,0.15647933491836888,0.14692433705661584,112.29725405657702,122.4891279932432,Deflagration,0.0009269599370664649,0.2055803144799964,0.20495338957563047,0.5773503035847289,1.000202649303456,True,146.24179822639312,21.899565690463362,,,,,,,,,,,,,,,,,,,,,0.002792635992047317
4,104.88536263357356,-1.529473342427623e-05,107.96926192783155,-39.36739438995039,234.39053697139613,0.9687437792624402,0.1290740960315152,1.0833238050835767,0.3646140116852051,5698.5042081138745,-12678.357066700602,0.3988469078796368,0.3315999532184284,0.09839458523028194,421.64429370306937,True,True,True,46.002217610886795,29.493510654750906,1.6333263472135284e-05,24.09715920980999,150.9189817383744,0.31378317808565725,0.00019461613572213115,0.030973611747366733,0.5886279015137673,True,1.0,0.00019461613572213115,0.31378317808565725,noneSNR,0.08573016603429184,0.4114402772815721,0.0,45.5803450365921,0.3588009452892392,0.5803612435291796,24.09763721132019,29.47558099195591,Deflagration,0.0001946106796369267,0.08573016603429184,0.08567936193113224,0.5773502538401278,1.0000070089008646,True,150.95746770765038,64.18329972917805,,,,,,,,,,,,,,,,,,,,,0.0007018785408914975
5,416.00134900853857,0.0008416644086771471,81.16073032552809,-377.2249617039679,10.689609210521326,0.9918976622513861,0.1290750158607699,2.5094947023020624,4.641245053936835,-7505.954138469948,15461.678816252637,0.5883894435181044,1.400914517898321,-2.0168904279925832,633.68602667092,True,True,True,118.01447684354414,76.90937387485286,-1.4174620204418286e-05,63.08469258602896,139.76044347529228,7.225364549413911,0.002157481388294685,0.14944971180739813,0.6140120689174638,True,1.0,0.002157481388294685,7.225364549413911,hs-SNR,0.3021769100647417,0.09535087189709188,0.0,115.35582515777935,0.09535039331606568,-0.0198528561060731,63.06843072956264,76.81007945730518,Deflagration,0.0021482795494819295,0.3021769100647417,0.2997430610981631,0.5773502464235563,1.0010691223958024,True,140.67912953558047,12.541717300991412,,,,,,,,,,,,,,,,,,,,,0.04187209914970487
12,327.2184799025893,-0.0011806791535558065,80.41902100493724,-239.68661496135041,62.43646553889244,0.9950054507068196,0.12907514732370948,1.682568253084194,2.985923571709667,-1796.2344129653104,6025.689399325391,0.5209614994625713,0.9182959918893264,-1.1956466819020315,801.6116984827161,True,True,True,84.92634579899487,72.53975578036304,-0.0001487389007084619,62.21371476684719,145.87951316621238,2.4186204296027256,0.0010069521323365614,0.08534426027246486,0.6026724518702923,True,1.0,0.0010069521323365614,2.4186204296027256,hs-SNR,0.21063400331253607,0.1506705515974037,0.0,83.35808854707328,0.15066888091352376,0.14681466860565792,62.20765404166997,72.47618394205364,Deflagration,0.00100602989509365,0.21063400331253607,0.209933363071004,0.5773502663604874,1.0002290986537627,True,146.17376334489646,20.892350754078645,,,,,,,,,,,,,,,,,,,,,0.004683637489460304
26,195.79371085940429,0.0005189673510379979,131.09593817030873,-135.44520687046818,149.18498959492467,0.9583869267223166,0.12907414644434428,0.7732978522354396,1.0328114296488913,-1057.5358638973976,-6278.593167409581,0.42169874003101454,0.3654597013336751,-0.2157798597221625,440.1147973933143,True,True,True,46.958818896174485,109.08094141399808,7.447491279842672e-05,103.103359847153,153.76868139422882,0.4878836632855439,0.0002540668942241649,0.03464618941598899,0.5902173218239339,True,1.0,0.0002540668942241649,0.4878836632855439,noneSNR,0.11114797912643026,0.2860088592927401,0.0,46.36650290318979,0.2478702948630349,0.3899090761637272,103.10245523851174,109.061199625849,Deflagration,0.00025405027276281355,0.11114797912643026,0.11106109493124584,0.5773502711981774,1.000016356067427,True,153.8174666111603,47.41653987317847,,,,,,,,,,,,,,,,,,,,,0.0010366677212563557
23,295.2849232990619,-0.0009334203612475553,88.30481440598524,-182.696033476078,130.99667996875127,0.9837940085107671,0.12907461024006905,2.312041464886315,2.071996712143145,-230.70803364412862,6554.157929766028,0.4773346461668299,0.9233431515787696,-0.3351439645923573,484.50968756868826,True,True,True,44.20461165774758,74.5374152839083,-2.324863211113817e-05,72.06850130022008,152.05340715679242,0.3096837609024305,0.0002447524246922687,0.028605365487595062,0.589981948374457,True,1.0,0.0002447524246922687,0.3096837609024305,noneSNR,0.10074381773835696,0.34767602742070874,0.0,43.5899285216808,0.3037301912684075,0.4774317378935129,72.06801202939599,74.52547534598114,Deflagration,0.00024473910070966977,0.10074381773835696,0.10066830190356192,0.5773502937981994,1.0000136101163974,True,152.0870106894413,56.004843405615425,,,,,,,,,,,,,,,,,,,,,0.00031271348441957986
9,38.624985486719225,-0.0005940009455002923,203.80468504398343,-32.179730827041595,54.15210672952139,0.7960290529639165,0.12907405484050374,0.0932074025996867,0.15772737462003822,4541.081337153135,-7170.036576907166,0.3140260465654877,0.04958974641992804,0.06234672414935352,268.0416279518613,True,True,True,35.929612609946595,15.174698010406384,-5.401128605051887e-05,12.212771940308844,149.16228480086457,0.3473750880109492,9.793687683086648e-05,0.028489916698071008,0.5853738331960682,True,1.0,9.793687683086648e-05,0.3473750880109492,noneSNR,0.08953015599626975,0.4277413350380497,0.0,35.62091568067358,0.3739954364852712,0.559518418720811,12.212823187139342,15.172086420495749,Deflagration,9.793619983993192e-05,0.08953015599626975,0.08950341924485539,0.5773501760625953,1.0000017281382694,True,149.19427452591674,66.09359119124487,,,,,,,,,,,,,,,,,,,,,0.00046173381670338876
