,ms,theta,u,muhs,mu3,yt,lamh,lams,lammix,muh2,mus2,Pih,Pis,lamh_tilde,th_bool,h_low_0,s_low_0,h_high_0,s_high_0,Tnuc_0,dT_0,alpha_0,vwf_0,xi_J_0,v_calculable_0,num_FOPT,alpha_max,dT_max,tran_type
0,126.55691971203129,-0.017985548352263868,118.84593990998584,-125.93053635672639,466.281280373761,0.9848202912712045,0.12907508094109527,1.3918611842941782,1.059838457222506,342.2493880869606,-35749.61670536238,0.44319895810022886,0.5246050389439622,-0.07267951356923888,True,225.20779288806725,118.29445818029834,-1.2204818705230888e-05,3.1075772941716124,90.65455058843297,55.596903038299246,0.02182287947170292,0.6839592302777655,0.6849778700528264,True,1,0.02182287947170292,55.596903038299246,hs-SNR
1,135.35388662429148,-0.020691516342087168,114.42762003345392,-130.0880565687514,597.9914602917951,0.9842391994547401,0.1290835354010855,1.996812074591811,1.1388216826898585,394.3429777019319,-42221.63389469489,0.44649415305803036,0.6890066324295958,-0.03328963449644687,True,226.6649771224446,113.3752192300733,-9.282754792346692e-06,3.104296303248086,88.9760309152391,52.5143469396656,0.02302498923170157,0.6882234088190066,0.687536194911754,False,1,0.02302498923170157,52.5143469396656,hs-SNR
2,137.49728101972974,-0.01941191712967025,116.17169863090963,-129.19174111747293,498.9097557323194,0.9816042964543882,0.1290842217745712,1.5989914516799957,1.114286511671818,335.07316669040574,-36312.42446823032,0.4454721974523549,0.5854622815319686,-0.06504352493558369,True,222.98076137016795,115.36275019462815,9.61599878843635e-07,3.200807431393507,93.4679839383212,58.37954063933448,0.019983300582673967,0.677199891330321,0.6808829270841749,True,1,0.019983300582673967,58.37954063933448,hs-SNR
3,137.21459678988052,-0.02095517436811304,107.81849852104288,-134.52034815933888,646.2858499935647,0.9805736272640249,0.12908561427989612,2.180464313529831,1.2501654484539824,587.1498071084025,-44257.977977428935,0.45113451607094085,0.7534769864581216,-0.05010943592228234,True,222.4596346743009,106.97056224239304,8.087451249072177e-06,3.601820613747889,93.82727718205838,48.744000883267645,0.018235815914804436,0.648419284130191,0.6767664557833756,True,1,0.018235815914804436,48.744000883267645,hs-SNR
4,131.78167442496334,-0.021898008272767083,118.2308609097878,-122.11658003138842,527.021363631228,0.9800579351685289,0.1290808940964912,1.7302416667587543,1.0341582237828355,614.2269460973521,-38084.765140745294,0.4421318549512739,0.6049201206534945,-0.025447119585713412,True,223.70968755072033,116.82632380380959,-2.1391758457263372e-06,3.304793319898606,92.75020877353181,49.18762086120023,0.01956800561813829,0.6631096477519144,0.6799257777275783,True,1,0.01956800561813829,49.18762086120023,hs-SNR
5,123.59243339327642,-0.02137776558212957,117.75637395714381,-124.46663199314898,443.1984558187023,0.9798897987688702,0.12907269231034393,1.2775497169138026,1.0567097154219904,493.3959433118098,-34482.53891038423,0.4430673995431651,0.4955057151321157,-0.08943845600032574,True,222.41974098408747,117.53326494592275,1.4162781527357327e-06,3.3597416832937665,93.880813901755,53.37009866983517,0.018718354136679063,0.6593364672416526,0.6779270010854965,True,1,0.018718354136679063,53.37009866983517,hs-SNR
6,158.5753994992385,-0.01662695530115212,116.60844631178406,-135.45132011342943,460.38961592899017,0.9797298378091036,0.12909575517977057,1.604124302856113,1.1670911604891263,-34.922694123364636,-31706.49487690416,0.4476781578556757,0.5955462691288826,-0.08318545246521353,True,216.83487470809573,115.58084551843895,1.5293133500513898e-05,3.7807143146102846,100.22106382058887,75.97785478106465,0.016581308998596368,0.6661649807508065,0.6726355514554024,True,1,0.016581308998596368,75.97785478106465,hs-SNR
7,126.1113312097743,-0.023039394507269176,113.45230337933133,-129.24340245510106,567.6524676228088,0.9794116152351342,0.12907521921624918,1.7783507488019175,1.139398663316488,493.702726486762,-41505.160064185045,0.4465140358250551,0.634487464419894,-0.053429457496432825,True,225.44318809057427,112.75620029219141,-4.320167814349002e-06,3.4021495617161728,90.33209041934758,48.9036319464487,0.020819131750897103,0.6675855628589802,0.6827719058279179,True,1,0.020819131750897103,48.9036319464487,hs-SNR
8,132.64514254632974,-0.02197613391046813,108.46194313620798,-130.94429444267908,595.9136795887089,0.9793788070704151,0.12908185213118617,1.9397473164651116,1.2088853159989084,732.4108266618287,-41766.22941987256,0.44941262947762445,0.686417715116096,-0.05926790028669088,True,220.0481935292103,107.79180699864183,3.346333130792502e-06,3.814624442281948,96.36767432497959,46.335920054744676,0.016226147290932094,0.6272595323883995,0.671715903995234,True,1,0.016226147290932094,46.335920054744676,hs-SNR
9,127.98607557550794,-0.02368891249030425,117.10763923112572,-125.59169420696828,479.7453498887645,0.9793026875584762,0.12907748810339137,1.4604933522398826,1.073048603717656,474.2139756235465,-36134.104795865685,0.4437505844520082,0.5439647720129134,-0.06801914779955848,True,223.1685441439265,116.46072574582078,-8.246964443609282e-06,3.3252245846912802,93.16312963574366,53.165262590707485,0.019391404740692047,0.6655853335983677,0.6795148828532888,True,1,0.019391404740692047,53.165262590707485,hs-SNR
10,155.79235900754813,-0.016844320085230933,113.0805904898082,-137.12766460101423,498.5920446982066,0.9792563023237263,0.12909427765994902,1.7164682711086199,1.2178709493540012,105.09190931794637,-34274.12345578348,0.44979324363180145,0.6320955593361551,-0.08693209379206326,True,217.67240544344645,112.21128193555585,1.4987837921371893e-06,3.600150797385151,99.26086129221147,70.50164692561384,0.016704074152361716,0.6621426135584324,0.6729506091386428,True,1,0.016704074152361716,70.50164692561384,hs-SNR
11,134.01580449790484,-0.02351594781632736,109.00415524960276,-127.83621684865645,519.4972699678666,0.9792469886312961,0.1290846438757546,1.6429638178256847,1.1747904175875248,869.0891477245214,-37044.42339524032,0.44799340458276765,0.6065393573876753,-0.08092188674309256,True,214.98191574924385,108.66614801925397,3.843177246600631e-06,4.113011055362629,101.33148460313906,47.344312200512434,0.013574744020842307,0.6029573665395918,0.6644251087363733,True,1,0.013574744020842307,47.344312200512434,hs-SNR
12,148.54098054339354,-0.01631317500862736,111.43577262606443,-136.6772910455954,481.2183932531063,0.9788668732767146,0.1290881810986801,1.5508015913787783,1.2303266374528643,232.92418432851446,-34251.578793006556,0.4503091823552863,0.592754837420172,-0.11493137034507944,True,217.21322934727567,111.01393193856762,-2.7015030838067876e-07,3.6628331793350295,99.47150021252827,66.35519775384549,0.0160560600232465,0.6514101875444344,0.6712710923944728,True,1,0.0160560600232465,66.35519775384549,hs-SNR
13,140.7478305154506,-0.019032193504485442,114.61376941184172,-129.4979095433869,518.5252367779216,0.9781491002914886,0.12908653166298978,1.7126398060354615,1.1326702297004914,421.8213937443479,-36847.288471926884,0.4462393406477589,0.6169383231256139,-0.05818896034773366,True,221.24017839363617,113.63903765425415,-3.6525743077704456e-06,3.3667066627365214,95.50746914563206,57.06473151737967,0.018280275450135094,0.6639271015590337,0.6768741809107183,True,1,0.018280275450135094,57.06473151737967,hs-SNR
14,143.06387655360413,-0.01897593975448492,122.30425660612957,-119.80885207109112,507.4102501740197,0.9781068422199863,0.12908841047508302,1.7660765790834438,0.9826334018164722,520.7670524535979,-35548.84254860635,0.43998874555863804,0.6052913784069397,-0.007594281232787603,True,222.68863164756343,120.61469388267105,3.0655561195417425e-06,3.192076605778411,94.32234451521295,55.87114498632471,0.019720539929615984,0.6782660842668539,0.6802788037854502,True,1,0.019720539929615984,55.87114498632471,hs-SNR
15,131.24954252397993,-0.020398965985248492,115.89518508018257,-121.80740158714754,501.7124779139256,0.9778389741037589,0.12907951497667575,1.6199948234592108,1.0521419697737484,773.2156164069047,-36352.5844165182,0.44288048814098757,0.5803557008270941,-0.04175478469651331,True,219.530256319842,114.60206131966284,3.065452024419079e-06,3.696640309543859,97.26951336101506,47.29669123935703,0.016145601293684805,0.6321598986078483,0.6715056197071487,True,1,0.016145601293684805,47.29669123935703,hs-SNR
16,160.02616670825688,-0.01464675651325611,120.62044074279726,-132.30283186893308,395.47185829314947,0.9770673426181623,0.1290917215982571,1.3768945137446253,1.1017646022888206,-118.65672363697377,-27520.279077986925,0.44495420113990625,0.5278510621509598,-0.09131100837474213,True,212.74297171525006,119.37835415641317,-5.880511185811283e-06,4.573569285336529,104.18648895327526,80.66437841301585,0.014460516034142269,0.6503117714364668,0.6669502228602151,True,1,0.014460516034142269,80.66437841301585,hs-SNR
17,148.66113447821542,-0.017810641980394382,109.27673310530287,-136.7750359151543,514.2735420060543,0.9769263620307791,0.12909097880431564,1.690023835892163,1.2559099286456181,377.11246692249824,-35887.43870318857,0.4513765516744688,0.6318242804139771,-0.10423557484721618,True,216.340489038437,108.814262448064,4.7742746966964575e-06,3.7618709453260646,100.31830749644979,62.30530253143115,0.015220736949749186,0.640173620135088,0.6690434715439121,True,1,0.015220736949749186,62.30530253143115,hs-SNR
18,135.41889528386656,-0.02128329542384147,119.40124874751056,-120.2933527618557,554.74266693057,0.9767022517471615,0.12908414873554921,1.8952676405457276,1.0094190235470835,656.6578535799681,-39157.75957382329,0.44110268226097993,0.6420534140609458,-0.005319924771102769,True,224.29909847223712,117.68542574372343,7.531156851059558e-06,3.2327658220563364,92.29113651137997,48.58989152857724,0.019995072268255424,0.6675098249162089,0.6809098743179671,True,1,0.019995072268255424,48.58989152857724,hs-SNR
19,145.9346064423733,-0.017603472363494303,113.7835904281127,-127.93202635780928,481.24116546138345,0.9760913361949264,0.12908853540746967,1.621135637559481,1.1278944404612372,569.3225444823684,-33661.412495971366,0.4460413513016966,0.5932663161334097,-0.06709274630479098,True,215.13549780890796,112.63272813712415,-9.927521746212622e-06,3.979534990797587,101.72629891174766,56.78291938293883,0.014414410401744696,0.6301072842803361,0.6668211392692629,True,1,0.014414410401744696,56.78291938293883,hs-SNR
20,152.21775594246918,-0.0205189257415612,120.22850590692028,-121.2236649129644,552.191481557785,0.9760298021811795,0.12910021874163197,2.0407675375186884,1.013490534686882,575.7462881328047,-36732.07834897707,0.4412803635615129,0.6791069734941525,0.003269735232863419,True,220.54119326987,118.34082471101641,-2.7380848143436703e-06,3.3572520960852588,96.8622723915596,56.67551556831134,0.018070313656967003,0.6688374482772502,0.6763639991581308,True,1,0.018070313656967003,56.67551556831134,hs-SNR
21,153.6458084402467,-0.02066258788441264,118.75024814616184,-123.04830327321214,606.6247378362264,0.9756970538701613,0.1291021238238712,2.277621527213352,1.0418178194190957,559.0966374619329,-39748.24147534705,0.44246161963314146,0.7430416850398539,0.009966398694516973,True,222.7635232657859,116.94924829063609,6.932588254667773e-06,3.1273047516893464,94.42874868680528,55.77597444390662,0.019755620899493776,0.6802717263094583,0.6803597520046731,True,1,0.019755620899493776,55.77597444390662,hs-SNR
22,143.70169679641904,-0.021397215856949682,115.33381682433209,-127.99644600785912,463.57802819777146,0.9756561606104216,0.1290929865634148,1.521566837384888,1.1135597375478632,468.80461115222533,-33112.293496865655,0.4454462975916119,0.5659849989375325,-0.07464687859079625,True,216.68168500012635,114.37952377498901,-2.051827384720166e-06,3.819109121347971,100.265059277469,60.006858751075214,0.015383988188495628,0.6424690645061958,0.6694846079383662,True,1,0.015383988188495628,60.006858751075214,hs-SNR
23,126.49258415729773,-0.02099248067412636,103.16108284317221,-113.78117074605677,481.1726355571605,0.9754222253909951,0.1290753785693147,1.5133729130616613,1.1032382193877026,1956.4888695741865,-33523.82260907415,0.4450074303378885,0.5622162648300324,-0.07198784884358359,True,216.10961065903973,103.60537602571445,-8.622955366089736e-06,210.72641480284597,100.39053829417934,44.11080695442409,0.013755677508778158,0.6002257232262068,0.6649488366574574,True,1,0.013755677508778158,44.11080695442409,hs-SNR
24,142.8427743594341,-0.018726248187845303,110.95142838286242,-129.05231219403765,482.57073234964406,0.9752699158158918,0.1290878534531868,1.571567815983718,1.166402434310332,685.3845464617743,-34096.765171673156,0.44764551006826736,0.5872923597143183,-0.08733529814868521,True,213.48453983028693,110.2436520040696,1.8988516342243168e-06,4.1581270350760295,103.03995097735886,54.02106294623364,0.013338445554241185,0.6135121909933691,0.6637347357931386,True,1,0.013338445554241185,54.02106294623364,hs-SNR
25,137.39736640531356,-0.021402740962482552,115.6033188595082,-125.46879945289741,566.9333765722523,0.9750712919047524,0.12908630110048677,1.9276352700780486,1.0877676549277921,588.4169464847246,-39704.61327746471,0.4443682847509782,0.6632034266741442,-0.024370954205284817,True,223.1592909482875,114.18525027017589,-1.8273408415795684e-06,3.332533616723505,93.52185527487772,50.68280440415013,0.019094565020245455,0.663250466769655,0.6788189000126748,True,1,0.019094565020245455,50.68280440415013,hs-SNR
26,146.3269207942485,-0.01719682133910654,121.77181179772028,-119.60589595411535,499.7520823096265,0.9749046577915471,0.12908815573615712,1.7701679232521348,0.9855189682662979,566.8016145055926,-34506.81933263545,0.4401088501245845,0.60679514219075,-0.00808070040099143,True,220.24275373882494,119.9297449700675,1.3818520417033385e-05,3.440056465171657,97.12086015800915,56.45504372117702,0.017757785064125342,0.6655959449016077,0.6755977071276972,True,1,0.017757785064125342,56.45504372117702,hs-SNR
27,151.16892702773734,-0.01840424850520865,117.22548327184342,-123.45428984711904,501.2121088795252,0.9745265972369794,0.12909422341323515,1.807870285482507,1.057728466914977,620.5391596323097,-33772.20729410731,0.44312061307348516,0.6282556491897896,-0.025616753185358415,True,215.40988512846826,115.38653675771089,-1.280685713317349e-06,3.968778260960846,101.84555893058551,56.75931967366766,0.014675231747590296,0.6366887913824426,0.6675480972868919,True,1,0.014675231747590296,56.75931967366766,hs-SNR
28,136.11403518687288,-0.01880571117515441,112.36969374157265,-129.70969462158493,523.4610711475211,0.9743985009850127,0.12908249533298802,1.677490960976311,1.1562689862351108,548.8987314528777,-37580.26052963835,0.4472206040050338,0.6120842379499295,-0.07016715781433094,True,220.09156993219761,111.65790701533913,2.9351990201427608e-06,3.572132414234812,96.63333418959249,53.32414530931523,0.016872616296519663,0.6469993227190597,0.6733808260788833,True,1,0.016872616296519663,53.32414530931523,hs-SNR
29,152.55999647440174,-0.01978402674017707,117.0499980917836,-124.57301167482716,566.2672734330937,0.9742969270489736,0.1290987180163316,2.0910618749554093,1.0695065727554625,570.4711671287059,-37473.91601608184,0.4436136147850536,0.7010165641980961,-0.007655282769934851,True,219.65288659299216,115.25050552304879,9.580608142114145e-07,3.457716699239585,97.72839431708742,56.38150594305597,0.017235029002009787,0.6605932264026987,0.6742969939426025,True,1,0.017235029002009787,56.38150594305597,hs-SNR
30,146.9651121048493,-0.020006371488909918,116.70712610032005,-122.35871400111422,528.8890728323561,0.9742722179297749,0.1290937422965091,1.8922369096067975,1.0525679996788098,713.0902939965408,-35826.2590316226,0.44290535304694845,0.6484872273481677,-0.017280555277317144,True,217.45080987707857,114.84145370868458,1.0519727387533048e-06,3.752074503148612,99.84024509327146,52.80326718272303,0.015470846697331543,0.6391673838262458,0.669718149972815,True,1,0.015470846697331543,52.80326718272303,hs-SNR
31,140.41822994496692,-0.02011464255146398,119.25118206320408,-121.77108200926577,450.4115968216755,0.9742411415045922,0.1290876769847664,1.4935859040981716,1.0239185240739381,583.7247971951847,-32387.58127313854,0.44170859224087416,0.5440495633701993,-0.046397566459396605,True,217.48843020932134,117.83104904860802,5.037768974304137e-06,3.787539240462438,99.68383825318054,55.89440553544574,0.015695058837255537,0.6441419761361155,0.6703173158030388,True,1,0.015695058837255537,55.89440553544574,hs-SNR
32,144.12626417205678,-0.021424114728112485,110.83789258429012,-131.1104298790878,495.62526859808776,0.9741967540611526,0.12909349668898326,1.622038045033066,1.1869249077253279,583.6353197905291,-34885.35520250796,0.44850343474512383,0.6033303292124879,-0.0880393167016637,True,214.91608371065365,110.18234721845447,-3.4414708505369066e-06,3.9874692808953593,101.77778864502993,56.190330126615805,0.014113387529142136,0.6249751660053166,0.6659721275252102,True,1,0.014113387529142136,56.190330126615805,hs-SNR
33,148.14102030598218,-0.022854158160188442,111.8485888215728,-129.5501372167749,586.7836604064696,0.9740896866843674,0.12910122723453438,2.0970904329894373,1.163488845862312,613.0834364058883,-39237.73312161694,0.44753079744027374,0.718187415891078,-0.03227787606387275,True,218.85572793567005,110.40386355358174,-1.2103000978733491e-06,3.6064125091658026,98.24660503777196,53.57570114915414,0.01622758904798417,0.6446810087388846,0.6717196621836902,True,1,0.01622758904798417,53.57570114915414,hs-SNR
34,139.96696825673064,-0.018489188513977985,94.18664933625824,-119.55028620816893,565.5448153690368,0.9739854764531618,0.12908521422256444,1.9381695063522948,1.2724345784716968,2208.350131985817,-35977.76068970645,0.45206219645967977,0.6966148063333565,-0.07975742714393172,True,213.6092038004883,94.85779450183267,3.6123546948848e-07,193.8301786915783,102.6470745081356,45.39362693372624,0.012668353027062318,0.5897674747846461,0.6617359941854374,True,1,0.012668353027062318,45.39362693372624,hs-SNR
35,133.12637522646722,-0.0237716800776917,123.07817239263856,-116.34675424037569,488.5318057155905,0.9739613958086626,0.12908376713973052,1.6239319397638567,0.9469350958966657,676.7927831790175,-35478.577348248655,0.43849899447763646,0.5638055009237418,-0.008958667688421601,True,222.96059659588906,121.30691994776089,5.412552255566325e-07,3.297722527824779,93.97842169708295,49.93043478772944,0.019002638842711254,0.6643837921134703,0.6786019905739517,True,1,0.019002638842711254,49.93043478772944,hs-SNR
36,146.8054557816515,-0.020053592177647614,107.15579265654115,-132.58658413732752,534.125665389908,0.9737003491809116,0.1290936795690223,1.7977236232045024,1.2418122654839894,746.9907395503797,-36456.557836439824,0.45079049942508753,0.6563996167151238,-0.08535776374538961,True,212.37167320913738,106.48628863512965,1.2964778013797923e-06,4.245083024891814,103.99337822223572,52.743863877333666,0.01269788168495698,0.6041638961297202,0.6618253918478594,True,1,0.01269788168495698,52.743863877333666,hs-SNR
37,140.4502338766846,-0.016366374417333768,119.18221459151978,-121.32697724356905,449.46426289088134,0.9736971067710775,0.12908310735726145,1.493928034161443,1.0202702527645626,610.4459577773523,-32278.857878798237,0.44155429612256436,0.5435270506677878,-0.04511393642145062,True,217.11701143796205,117.69300749416408,3.373543846429494e-06,3.8331407023077846,100.06734186118724,55.31574665714547,0.015422676844160066,0.6410471358482418,0.6695887320108226,True,1,0.015422676844160066,55.31574665714547,hs-SNR
38,140.77495014475232,-0.018390643846186255,125.23892384233083,-114.61081841525005,460.42383866500603,0.97368974463824,0.1290857288078159,1.585736859039285,0.9176240191002516,667.0927270421043,-32715.675879860893,0.43727868044516194,0.5493715512765298,-0.0036654643724704783,True,220.03017997594412,123.2422541860712,2.9054378439591165e-06,3.5199934039409144,97.40778706482394,54.05217124154315,0.01738881024137891,0.6605582541458463,0.674682142166515,True,1,0.01738881024137891,54.05217124154315,hs-SNR
39,136.71205374007414,-0.015973465835991928,117.17289424418041,-120.08157976778273,422.3114300796457,0.9734427784530483,0.12908049944904823,1.3515908787153832,1.026508357637444,800.5525927153603,-30875.75101655689,0.4418129132048278,0.5089824459517531,-0.06582304438461323,True,213.3247573676933,115.9277082746698,-1.014675314382365e-06,4.290553949619245,103.45630628199517,51.50654984290455,0.013170971579171705,0.6110319590968833,0.6632409649899428,True,1,0.013170971579171705,51.50654984290455,hs-SNR
40,147.566400099246,-0.016538074952302275,115.1929895490736,-126.21054474486857,492.16286829422967,0.9732058260684946,0.12908792108934283,1.7054976259132877,1.099217329417342,579.0129542692912,-33954.45160834079,0.44484616451580417,0.6095772947145456,-0.04802735584403378,True,215.74948077509842,113.719694286968,-3.7879623547738984e-06,3.9247442287807615,101.36939419433595,56.749856782195735,0.014709562322183995,0.6351986919219131,0.6676431959164283,True,1,0.014709562322183995,56.749856782195735,hs-SNR
41,148.87604665354527,-0.019943631320767367,113.48907270792064,-126.69853274028,575.2328398742146,0.9731264171263321,0.12909547387987458,2.081144570055955,1.1210442532279952,665.5467216156958,-38337.046169957306,0.44575939606984727,0.7071268513853213,-0.021871959591328705,True,218.32707965622072,111.79326713279352,2.60149351004013e-06,3.6508137469420183,98.91099290217011,52.985614151235325,0.015889200790319975,0.6422508742765185,0.6708318992189007,True,1,0.015889200790319975,52.985614151235325,hs-SNR
42,146.56910554808348,-0.01699405481380083,119.9038590418606,-121.06307672322264,461.27440588323464,0.9730879049713385,0.12908799513751804,1.6063636228447675,1.013026294746167,590.773255072344,-32112.211466900244,0.44125490842859283,0.5704286215022197,-0.0306240182654271,True,216.14655727012962,118.13107364780781,1.245740817533635e-06,3.936020917578738,101.18342993491463,57.27667854280635,0.015089326873948658,0.6420647131620222,0.6686862708755287,True,1,0.015089326873948658,57.27667854280635,hs-SNR
43,148.53851439881032,-0.019594231292375718,121.22634043925413,-115.4764447664048,616.6153218736472,0.9729937620603887,0.12909441359679186,2.311592826439482,0.9567801522970434,856.5359169752628,-40651.62325724784,0.4389145283895163,0.7373615653260444,0.030090357891231406,True,222.8383120941047,118.95808373159802,-2.8200359441017075e-06,3.224790551718098,94.4763617240363,47.73135494138495,0.018808088400983677,0.6632317702036746,0.6781407501873828,True,1,0.018808088400983677,47.73135494138495,hs-SNR
44,150.56686950231824,-0.018801557505644242,109.77479886017048,-128.6523744096196,563.3178354228933,0.972689242215718,0.1290945720474844,2.032568465248229,1.1768508369364117,793.0309772969813,-37196.58855009416,0.44808421947483623,0.7042839224681259,-0.041253674035925,True,213.5598375200097,108.17291933931966,-2.176386528541538e-06,4.140180019634364,103.30301932030473,51.450534396988104,0.013215337404232788,0.6114433300058352,0.6633721371499701,True,1,0.013215337404232788,51.450534396988104,hs-SNR
45,143.36352051486338,-0.020428607737655858,109.14677871430113,-126.85850415000117,613.2243751724961,0.9724272041311258,0.12909098109080833,2.1932815973934208,1.166002671447261,923.886613946027,-40689.86490822186,0.4476304171011169,0.7426541779228987,-0.02587797403993103,True,216.37793149480336,107.41310758928324,-5.1812103078980775e-06,4.001692016954507,100.60313416473832,45.329078498420614,0.01403523388024077,0.609758382022728,0.6657499085853071,True,1,0.01403523388024077,45.329078498420614,hs-SNR
46,146.5793297645706,-0.01829556211990173,107.94004807949716,-131.87878415987072,493.68604570626405,0.9723993949584586,0.12909021364319126,1.619739495714425,1.2257963686160636,730.6385358319994,-34295.03990445485,0.45012143742600846,0.6092342686979502,-0.10282620583165472,True,210.70837969308712,107.48020337780736,3.081851187598114e-06,4.429180878417741,105.4351147574767,54.3531471466914,0.012086718674091234,0.5989689299836731,0.6599490404891313,True,1,0.012086718674091234,54.3531471466914,hs-SNR
47,135.95478617039834,-0.018401458960049227,132.92835118877954,-106.73551966910911,446.18297890947747,0.9718450462253673,0.12908201714254072,1.5126749044006242,0.8045496206085596,744.2319366677721,-32533.16256967615,0.4325653913420372,0.512260329534916,0.022102637412918555,True,223.58047998104968,130.7383734588624,3.417065348141511e-06,3.153461885132674,93.69669313256645,51.55484908842722,0.020101950737026673,0.6806822413384285,0.6811540791957683,True,1,0.020101950737026673,51.55484908842722,hs-SNR
48,145.59721994600318,-0.018779646624117817,112.33480905490192,-126.06325676018629,533.8427723324677,0.9717940860251745,0.12909024305458222,1.8683826809979223,1.125978499048217,767.863803993132,-36277.59073666306,0.44596237423304363,0.6547587534241834,-0.04055214247129352,True,215.2040189263164,110.77212294712236,-1.991512282667846e-06,4.004598588671014,101.82986256657959,51.30855385702483,0.013961762804293084,0.619947679314025,0.6655403191279392,True,1,0.013961762804293084,51.30855385702483,hs-SNR
49,150.51466080947003,-0.020223826097529655,112.36995131255432,-127.38804657400787,513.8614433615894,0.971567307061612,0.12909773362348356,1.8229437464136586,1.1387696010120132,700.2235059098775,-34569.062836459845,0.44649908209931916,0.6455308701054169,-0.04874596105172138,True,212.98214893522885,110.83799401661747,-2.7123995590199098e-06,4.2241706472695295,103.9176180252045,54.72640823831827,0.013170926817174243,0.61638711303041,0.6632408325122282,True,1,0.013170926817174243,54.72640823831827,hs-SNR
50,144.0677480767324,-0.02033614832317987,119.15054924536207,-117.28552631869228,577.6978993148056,0.9714628952641636,0.12909151904312083,2.1044661385868353,0.9878874481949902,862.6218878304508,-38848.93396700274,0.4402092184417618,0.6907644426792072,0.01315693682212249,True,220.69765188127153,116.8979856013647,2.6581258468198283e-06,3.487858308386183,96.70470714481198,47.339042766920954,0.016971997218834096,0.6461997851378646,0.6736332598996778,True,1,0.016971997218834096,47.339042766920954,hs-SNR
51,140.6870440455952,-0.019702409725713767,115.3962564306302,-122.16244047913864,435.55537681751235,0.971434970868127,0.1290873680342463,1.425637855373822,1.061508347396625,795.1498959962428,-31190.141297702008,0.4432746804040594,0.533327521742893,-0.06850839012855359,True,211.86952105337696,114.15679574629961,-6.770674435369387e-06,4.442405750164395,104.7977392731008,52.51395153889979,0.012554676653400782,0.6057552874825642,0.6613906690819682,True,1,0.012554676653400782,52.51395153889979,hs-SNR
52,138.18037241961432,-0.02238887840331328,109.60045425949428,-129.69968103267522,558.9209772756057,0.970963016542622,0.12908834358446206,1.8516470827455058,1.1862448625507052,734.2143019818268,-38928.893902651864,0.44847252297725393,0.6606192477781606,-0.06090154258778141,True,217.56443610363573,108.72112736190215,1.4297998194231401e-06,3.867768514011157,99.27313894516816,49.47078032636729,0.0148754197119828,0.623877103043631,0.6681007412943156,True,1,0.0148754197119828,49.47078032636729,hs-SNR
53,140.04523577973117,-0.016302987600450174,106.432961903758,-135.85899452487686,535.8806181389143,0.9709218279932851,0.12908278865736722,1.6755232777991782,1.2789413392119504,608.3137608327424,-37980.321247881126,0.45233209870792507,0.6320377093184529,-0.11497394436721939,True,219.1570241070265,106.5932244456384,-9.488247428452799e-07,210.22235535751463,97.43867313291686,57.526088462960146,0.016310128674937956,0.6449997922368337,0.6719344741939604,True,1,0.016310128674937956,57.526088462960146,hs-SNR
54,146.17152369265145,-0.02052620826724661,110.2641085455502,-127.41483891459153,503.7326422502469,0.9708622045111551,0.12909396799429787,1.722547453333089,1.1598649718631704,826.5948085335222,-34469.590809512774,0.4473761730701912,0.623947691977134,-0.06615272177788442,True,211.33801449462482,109.0674315652959,1.03053781365243e-06,4.417541010671799,105.1750682819991,51.5572630232183,0.012217280538310511,0.599438151389494,0.6603545676047338,True,1,0.012217280538310511,51.5572630232183,hs-SNR
55,143.85458599023784,-0.018865374915651868,121.17757696900014,-114.20463706110131,466.5859516445775,0.9706677347961408,0.1290889101331921,1.657206380806087,0.9456473107040541,928.5557952415184,-32108.633921556957,0.4384479082580085,0.5719094803188641,-0.005814148200259911,True,214.0336764699619,118.76584623226543,1.261443738010717e-06,4.229465934571799,103.33595862152151,49.92922905622666,0.013503122561325015,0.6182034413344479,0.6642166295902033,True,1,0.013503122561325015,49.92922905622666,hs-SNR
56,141.71196992414113,-0.02532007238506527,111.79663124090142,-127.2680722043013,554.3589588222621,0.9702468930110537,0.1290975438623095,1.9023700396452203,1.142467028200888,736.5881006574145,-38075.12824805943,0.4466530466849353,0.6660036812781197,-0.04242940453958838,True,217.47238240255663,110.46756063507351,-6.110690443502478e-07,3.825498863696433,99.60009162729276,50.37300858366606,0.014974154295433079,0.6284776261991472,0.6683716420974586,True,1,0.014974154295433079,50.37300858366606,hs-SNR
57,147.91476160336168,-0.020716694744610367,110.11466859712057,-126.66880975249869,516.7438008085489,0.9699955517751024,0.1290961531795625,1.8108385437423318,1.1550958324917386,879.9042583843757,-34799.946835241186,0.4471785515223472,0.6452256080175394,-0.0551066829665014,True,210.69588596336584,108.65391082444528,-3.739545262619055e-07,4.49468083546398,105.81862258664296,50.606965604894796,0.011910437336081143,0.5949709983141327,0.6593973375771042,True,1,0.011910437336081143,50.606965604894796,hs-SNR
58,127.96535968967156,-0.02102582172164394,126.84384179856113,-110.10200913132893,405.2251841653044,0.9699544775628456,0.12907674907917016,1.2886805913201709,0.8685020057502765,844.9738379290729,-30651.42994492255,0.43522744002459013,0.46692048212175546,-0.017254261698978812,True,218.99651493425142,124.85625984527192,4.755737327178989e-06,3.7473402573131462,98.4128616232965,48.27705926871627,0.015920394653301976,0.638292681332032,0.6709142197125206,True,1,0.015920394653301976,48.27705926871627,hs-SNR
59,137.79030311303552,-0.020175467941747655,115.93221283943925,-121.48357938463629,467.41667942005034,0.969516193130546,0.12908530471725918,1.5407043678551624,1.050243904409684,798.3582837528038,-33409.65074001508,0.4428042969544433,0.5602167426987379,-0.04989326537098193,True,215.1801621165388,114.51704934249057,-2.2347815539230987e-05,4.073320870490376,101.89157555863288,50.55324227560715,0.01384294337081047,0.6182598056250367,0.6651999472405541,True,1,0.01384294337081047,50.55324227560715,hs-SNR
60,141.15812648307934,-0.02092375100462601,110.31134375652172,-127.19832401907787,525.489982144587,0.9691583475204152,0.1290895436547443,1.7645614224382902,1.156379718877317,829.0291749904836,-36395.41455611774,0.4472287420260039,0.6338703087557921,-0.06036462286316105,True,214.22680659349837,109.20273805301952,1.7427626770265624e-06,4.145825007684379,102.59712738622342,49.53869088238649,0.013225585008148308,0.6082001962094545,0.6634023975415123,True,1,0.013225585008148308,49.53869088238649,hs-SNR
61,154.83924615865118,-0.015397216497937509,116.12053893163305,-123.31999487082899,427.82749807623367,0.9690098504754999,0.12909038030916511,1.5376215309645167,1.0664842121216331,694.9825059809737,-28810.39378499461,0.4434835142383941,0.562152751428068,-0.05583623391287321,True,206.26798444755423,114.15508258454513,-6.408491431263472e-07,5.319665865867915,109.76700091122935,59.194485082880746,0.010825858539153715,0.5926750007783508,0.6558910206581154,True,1,0.010825858539153715,59.194485082880746,hs-SNR
62,144.7109518302851,-0.02011079698301093,109.81672951207668,-127.83741226308578,521.4024781748317,0.9688542372783017,0.12909175468930456,1.7793649835728178,1.1680343720277302,829.2181766493541,-35680.77514465995,0.4477154580912179,0.6395136412311595,-0.06259240044940168,True,212.59661607581364,108.63673186953332,-4.481552173464419e-06,4.287605865079151,104.11131418903783,50.678910420180074,0.012604568150911297,0.6031647227916745,0.661542458847196,True,1,0.012604568150911297,50.678910420180074,hs-SNR
63,140.87225208696864,-0.01823825094018472,112.6956600792614,-121.38432886613244,483.7472987420038,0.9686101427945458,0.129085612025851,1.642320097296628,1.0798570700644743,1002.225765162103,-33574.63989695456,0.4440383325110221,0.590556202668236,-0.0484210892694229,True,211.02668371363245,111.07053568244135,7.810554737388327e-06,4.529609247478671,105.59552128783756,47.225523000061216,0.011821912882007036,0.5894507493437282,0.6591184476107491,True,1,0.011821912882007036,47.225523000061216,hs-SNR
64,139.1835268156465,-0.017738972819603217,117.63300716866213,-114.52758752391104,431.0713263554895,0.9684762826677599,0.12908376274929248,1.4660124363863574,0.9758816127563296,1104.0082700111434,-30353.107897524358,0.43970509715157013,0.5291500445559776,-0.033320200968671304,True,209.27294560338208,115.43856283534944,-7.08745903544803e-07,4.837425617058188,107.29633663681633,46.4424816120834,0.011235460669403771,0.5828840813408321,0.6572386958001751,True,1,0.011235460669403771,46.4424816120834,hs-SNR
65,140.4014592197609,-0.01808750756078038,112.18904710276682,-120.85906021197727,459.7362900952001,0.9684533284696831,0.12908506514396118,1.534962218188077,1.0799418033475905,1061.6363309959588,-32177.094930672756,0.4440415896235404,0.563730855104951,-0.06086656441379376,True,208.66077774986263,110.75370276283667,-2.11001016248162e-06,4.811992780729497,107.51809991938836,46.880520255226244,0.010960397463172938,0.5771855026794148,0.6563369587935024,True,1,0.010960397463172938,46.880520255226244,hs-SNR
66,144.52637930393644,-0.01538878844280147,120.99431455924365,-112.49225237318713,478.55975519123945,0.9678540724517473,0.12908433203679753,1.7285983098721924,0.9324384487570716,1038.7257491109558,-32514.946605483634,0.4378952499620203,0.5875559855942267,0.003340621691393736,True,213.19660135541255,118.2767839108008,-1.3577346348881896e-06,4.334876022007499,104.22659556807598,47.76576944204683,0.01292395438964482,0.6096870749442014,0.6625057268264812,True,1,0.01292395438964482,47.76576944204683,hs-SNR
67,130.23073781127354,-0.017583918975017213,123.16996043826178,-110.35193644611523,406.86823862507765,0.9671404115569301,0.12907744332045568,1.315694166589582,0.8966931531094349,1033.7070954684723,-30130.6985971646,0.4364024182851978,0.478372400498968,-0.02370475927103735,True,214.33323127631775,121.00915526110887,5.7728952514056535e-06,4.284565282610266,102.97731986380586,45.721952054823504,0.013154572869325908,0.606242317449278,0.6631924131786562,True,1,0.013154572869325908,45.721952054823504,hs-SNR
68,140.82523282964146,-0.020565508803379345,107.1204635592052,-126.04803137952288,513.8527337411772,0.9667769321755707,0.1290886918432659,1.7086053958225131,1.17995614687148,1092.1919022626898,-35339.38895149302,0.4482106672866881,0.6238107067675416,-0.07462957334890652,True,208.64574597556907,106.32332434163962,-1.742133030562084e-05,4.7538460840583046,107.32073834960035,45.61470470829734,0.010760672955868045,0.5705032426840936,0.6556737804851043,True,1,0.010760672955868045,45.61470470829734,hs-SNR
69,144.11848596994244,-0.019475677134924152,106.07811056333763,-127.78415361827601,561.2044670744451,0.9662399542044564,0.129090121744201,1.9458195578466417,1.2084423134842814,1068.6620306056284,-37520.30086693841,0.4493983058460224,0.6878619417090407,-0.058534267569077925,True,209.88781480184758,104.86145125369782,-2.7670592240439174e-06,4.615725275492748,106.38858462323178,45.29154113611672,0.011150285625329612,0.5757501698994217,0.6569608787375236,True,1,0.011150285625329612,45.29154113611672,hs-SNR
70,142.05826988372704,-0.019278746437611627,114.90586088942028,-117.81353891271013,478.34199271934966,0.9660240897028352,0.12908799197034523,1.6688568698875588,1.0283932523453665,1076.2517858438232,-32836.185417050336,0.4418951967449731,0.5886130928627841,-0.02934271298590685,True,210.35897504525022,112.74486165142017,-9.801728617585384e-07,4.6488787590744405,106.4268299401388,46.39655711034062,0.011525007190550622,0.5867967079042966,0.6581738819353604,True,1,0.011525007190550622,46.39655711034062,hs-SNR
71,135.2110996944023,-0.02256236643742555,111.13894476325912,-121.4998855194451,537.5229667799697,0.9658817756659593,0.1290851570104761,1.8170463205386713,1.0953967476763582,1086.1518369836276,-37230.008195323084,0.4446855915704965,0.6368277047473943,-0.036003374478394995,True,213.79549662936154,109.48597833512383,1.0470512723942807e-05,4.326877111432626,103.11925685112418,42.45883616488038,0.01245759788265408,0.5881003922835257,0.661094277873164,True,1,0.01245759788265408,42.45883616488038,hs-SNR
72,133.7125647923106,-0.02375149765862776,114.74238811709299,-118.25115191938735,535.4554986868394,0.9646472003867481,0.12908447847689894,1.826063647516299,1.0324550067591178,1052.5199397920915,-37340.98366177127,0.4420626797654896,0.6285917463389277,-0.016852841729851326,True,216.42822734982082,112.6690056120489,-4.622062479712287e-06,4.084533138374374,100.8509220866717,42.18160972948529,0.013623244991815359,0.6024627954029124,0.6645659107605648,True,1,0.013623244991815359,42.18160972948529,hs-SNR
73,129.9191266687206,-0.019018561257479312,106.407265160157,-127.75091324110042,636.1267544312839,0.9635118264359324,0.12907776988848785,2.127650160916358,1.201478295023952,1032.224088057471,-43571.087911833485,0.44910196248231876,0.7321589227330815,-0.04054011653978895,True,217.07524895080414,105.28290508155297,-4.692863351836076e-06,4.353272819982544,99.75019587312073,39.05307234241242,0.013411242931703654,0.5882444059653433,0.6639482024932858,True,1,0.013411242931703654,39.05307234241242,hs-SNR
74,126.9004953139591,-0.020484514016456828,115.86551056962,-119.69600304620356,565.1170205135272,0.9623966044412766,0.1290756749820412,1.8723512958964854,1.033387340424231,891.7289803161802,-40331.673117877675,0.44209712525410705,0.6403190473781599,-0.013511001686152907,True,221.71554615391375,114.00321866286964,1.669458920684504e-07,3.7687467265595336,95.32421892964126,41.252155587323514,0.0163608637154093,0.625581928826279,0.6720661817546758,True,1,0.0163608637154093,41.252155587323514,hs-SNR
75,137.7676060828717,-0.021911310606990784,117.35860189898558,-115.2919787390488,570.8877371895749,0.9619438874994659,0.12908729132976743,2.0403399909629765,0.9849168223683796,1076.6985446494446,-38820.334434396296,0.44008332850897636,0.6742378014688074,0.010227058319485172,True,218.3096934077316,114.76004825752273,1.6412509131221737e-06,3.879153919164432,99.30982389683547,41.66023078060087,0.01453986900918478,0.6138379699930897,0.667171805700559,True,1,0.01453986900918478,41.66023078060087,hs-SNR
76,136.25642763763037,-0.02220824779561609,113.12942949222669,-117.26704426644899,548.3193897308938,0.9603920389200021,0.12908596689329405,1.9213441250314887,1.038900323210254,1206.1820649217843,-37370.683764655376,0.44233197882581776,0.6534860851262478,-0.011351379481172014,True,213.57248670622047,110.7010163626708,-2.3761598352291988e-05,4.387129070579446,103.68849466670214,40.13171508697697,0.012109908102537072,0.5822782503230957,0.6600212575914107,True,1,0.012109908102537072,40.13171508697697,hs-SNR
77,141.45946060766806,-0.02153767524452908,110.5806480594281,-119.22346417155624,573.9514443334582,0.9591991104116597,0.12909078912450392,2.0772146023878952,1.0816092050299693,1253.9597552908353,-37962.99522542638,0.44411392668391086,0.699571851435302,-0.011708152768730135,True,211.3707735374671,108.06157302969058,1.1483090772671306e-06,4.582252880737194,105.69321421268155,40.41509085822143,0.011278605807565881,0.5728440166792031,0.6573789468269897,True,1,0.011278605807565881,40.41509085822143,hs-SNR
78,141.33295675561786,-0.021141839135572348,117.07887407441343,-112.91530682717259,549.8898582651475,0.9571521046476591,0.12909004937454738,2.010734029758543,0.9676110269011825,1236.4701193796272,-36722.25586843076,0.43936363272023315,0.6639520119231661,0.012680931420096672,True,213.981220397507,114.07046968101355,5.024703674056878e-06,4.2942137258647195,103.73473077855849,41.15921513252947,0.01238772198996818,0.5922574549226386,0.6608800828147462,True,1,0.01238772198996818,41.15921513252947,hs-SNR
79,139.49203025452428,-0.022630101582759528,115.942335938826,-114.190483139222,575.9621038094725,0.9553753602780092,0.12909019051639062,2.0972532792183425,0.9879102070038003,1225.2716035983112,-38494.277119066806,0.44020950246209717,0.6889650209718856,0.01275152665862811,True,215.364881361616,112.9982567321253,-7.465759013507399e-07,4.197842446654511,102.41976158291003,39.83154800369586,0.012770810678424704,0.593061266230457,0.6620456504872858,True,1,0.012770810678424704,39.83154800369586,hs-SNR
80,139.82065562113576,-0.01957710850359927,110.19828400774055,-117.90500322415501,569.8970715509473,0.9549767174810765,0.12908643154802238,2.055526761674864,1.0727501355663864,1345.130148825575,-37754.739213723675,0.4437426200013541,0.6926733796797804,-0.010876822009915105,True,210.16595993151222,107.50917699683953,1.9997855436083523e-06,4.75440610665877,106.84092618373079,38.56479966543712,0.010641257760057848,0.5610141705602593,0.6552737877074124,True,1,0.010641257760057848,38.56479966543712,hs-SNR
81,128.65673073001156,-0.0198746360165874,113.78035880305004,-112.04100045663569,492.748161781551,0.9533406183940176,0.1290770445726526,1.651994610626104,0.9853549661486688,1454.0554808875459,-34658.93421925467,0.4400964611212643,0.5772244803479708,-0.017855094774016506,True,209.72138831950883,111.18549596903688,-7.232484383112438e-06,4.894214014796812,107.2012643279558,35.59603010738738,0.010257935927176188,0.5480913740982319,0.6539716318872877,True,1,0.010257935927176188,35.59603010738738,hs-SNR
82,127.57560101527432,-0.01941367346012115,116.94358291205702,-123.97582017432043,641.1078286155763,0.9407077285117249,0.12907604827651148,2.1614470481172874,1.0605569500582008,577.6789869758095,-45401.0946264989,0.44322937896942427,0.7171212537056887,-0.0010197879014422484,True,228.2287582474824,115.27227446798821,5.620766695801253e-06,3.4216711770917527,87.83150146254137,44.918329429142744,0.021756886856483793,0.6772348437440334,0.6848348439991307,True,1,0.021756886856483793,44.918329429142744,hs-SNR
83,130.47411839058654,-0.022095494937953417,113.07338246522764,-112.5381233081908,554.1706904051537,0.9338313427338834,0.1290796364922389,1.9365952333281338,0.996358030518834,1468.5361697329918,-37868.35381727762,0.44055621809648104,0.6502084800851724,0.0009256851792797394,True,211.27272652064522,109.80364254036431,-2.891344982141273e-06,4.858040129758216,106.61836343995621,33.999990178716615,0.010181683890656271,0.5482512325424568,0.6537092022803997,True,1,0.010181683890656271,33.999990178716615,hs-SNR
