,ms,theta,u,muhs,mu3,yt,lamh,lams,lammix,muh2,mus2,Pih,Pis,lamh_tilde,Lam_CP,th_bool,isEWSB,edm_Bool,h_low_0,s_low_0,h_high_0,s_high_0,Tnuc_0,dT_0,alpha_0,vwf_0,xi_J_0,v_calculable_0,num_FOPT,alpha_max,dT_max,tran_type,h_low_1,s_low_1,h_high_1,s_high_1,Tnuc_1,dT_1,alpha_1,vwf_1,xi_J_1,v_calculable_1,h_low_2,s_low_2,h_high_2,s_high_2,Tnuc_2,dT_2,alpha_2,vwf_2,xi_J_2,v_calculable_2
0,283.6036004777519,-0.003509596727172173,473.6064787831045,-982.5507184505107,68.24271810099572,0.7400568767470831,0.12908067823821828,0.11117681813640884,2.076564083838162,-224628.3556674104,-7323.7927804373385,0.3724863697296046,0.3738882185071292,-9.56745153631899,521.1489232816948,True,False,True,28.70836694937553,470.6676514850854,-5.725693612531993e-07,470.6846039310467,151.93505957948113,0.13104709955592853,9.581267178382531e-05,0.01938247130111997,0.5852869564230353,True,1.0,9.581267178382531e-05,0.13104709955592853,h-SNR,,,,,,,,,,,,,,,,,,,,
1,500.54607848417123,-0.005485679261160212,808.9289610741303,-21.12982610387928,611.7831764258024,0.7350542864772435,0.12913240446388938,0.5689757087777582,0.03259074241258859,1397.8980232763697,-122374.64653468318,0.2855018327616885,0.14767571759653764,0.12866570769871227,876.9903530832057,True,False,True,1.394486827040757e-05,688.9868688180161,-7.664331817166845e-05,681.1473535265429,823.1601507440432,0.10581183985425467,5.453967663857028e-06,0.004278865922456361,0.5792539419343113,True,1.0,5.453967663857028e-06,0.10581183985425467,noneSNR,,,,,,,,,,,,,,,,,,,,
2,198.43230232516427,-0.001729958251058622,-241.86120752614647,-88.86942597637733,-238.20809211932635,0.9630353153096424,0.1290746818055674,0.9241924472471036,-0.3681291171437444,18550.660520031022,-3571.8479184066887,0.3655593642339233,0.1696932589544852,0.09241590816683452,864.6709548193531,True,False,True,3.3102137994654576e-06,-188.4714524988316,2.7535625800423102e-05,-188.1288166430036,323.60636930477904,0.008719651960973351,7.923346424393181e-07,0.003223132205168141,0.5780766011723417,True,1.0,7.923346424393181e-07,0.008719651960973351,noneSNR,,,,,,,,,,,,,,,,,,,,
3,335.42857869651,-0.0020437063861590554,391.0221766227678,-234.7911615705509,311.69749292797405,0.8541814297223854,0.12907743334930838,0.7069875254865112,0.6025111832222464,-37923.114050420256,-13721.08943067519,0.3565513099416359,0.2771654119086689,0.0007089286652757765,642.3459391170022,True,False,True,7.06601177248585e-06,304.8475784525082,0.00017825832459583623,299.92806017026334,557.3620883013353,0.5457832910874458,3.6726894467000787e-06,0.004257095298660227,0.578912902786556,True,1.0,3.6726894467000787e-06,0.5457832910874458,noneSNR,,,,,,,,,,,,,,,,,,,,
4,307.37348471613177,-0.003213131975535785,-197.5659685618413,414.3880765561828,-570.7849019128413,0.8489287644445808,0.1290808094989489,1.840487019598864,2.0922594698933765,-33211.958585135115,-41087.030786958065,0.4163893763491259,0.8088316665486122,-0.4655375772029313,317.34554577946733,True,False,True,32.799478173760946,-182.8971384827335,0.00015594227241071302,-181.9254603157362,152.95249897070906,0.17194606332151352,0.00012927161813419487,0.021073587870503417,0.5865587202828186,True,1.0,0.00012927161813419487,0.17194606332151352,h-SNR,,,,,,,,,,,,,,,,,,,,
5,466.6634753393977,-0.004415541143981655,641.0537476588282,-338.91118785838415,165.7353125224727,0.7621162150531929,0.1291066035659958,0.37473342532501946,0.5343331180878579,-99642.48992854687,47922.80587123516,0.31652394492715336,0.1827388760125645,-0.0613700538324323,754.5985244312242,True,False,True,1.88845385953376e-05,536.9835468013455,-2.2694090781840416e-06,528.4039803331871,862.6746457355983,0.7886330537944559,3.84585684410623e-06,0.006006874760197302,0.5789492669631155,True,1.0,3.84585684410623e-06,0.7886330537944559,noneSNR,,,,,,,,,,,,,,,,,,,,
6,437.85197641626,-0.0031426188537195393,428.77444747382515,256.710672436916,652.4895866097098,0.7872832926916817,0.1290884394858362,1.3316160913177917,-0.5934665282326743,63341.923475676806,-34797.68387411978,0.2792716753831642,0.2339929347906688,0.06296530489229175,547.4726554485221,True,False,True,-2.0471823316549384e-05,303.1831917443625,-1.2997960723444134e-05,299.71934310312844,617.7542934983879,0.03468858722067125,4.233919800518201e-06,0.0009964715094510598,0.57902788641821,True,1.0,4.233919800518201e-06,0.03468858722067125,noneSNR,,,,,,,,,,,,,,,,,,,,
7,262.41796892720777,0.001339210589938064,735.8008233119417,-36.06031359820224,161.80922040805538,0.7578298915919202,0.12907488332376882,0.17217968846100934,0.04861484912380205,-5549.297691170733,-25852.70628395596,0.2946410784350084,0.05114739696921935,0.1256432887256272,854.6401864702287,True,False,True,9.126435591638467e-06,693.8495869173275,3.976191015519619e-06,692.9496077918598,486.2719363950342,0.045275237416092295,6.766448991687103e-07,0.002272296600236757,0.5780215156680327,True,1.0,6.766448991687103e-07,0.045275237416092295,noneSNR,,,,,,,,,,,,,,,,,,,,
8,373.4231687410524,-0.0030724497299394467,455.51453005803705,-3.680235344213088,545.7868504342032,0.8094725482925437,0.12908373596154418,0.9345177034827854,0.011470881327868894,7338.0042784751095,-54604.71402641794,0.3133327548913163,0.2355412394253412,0.12904853568712785,627.9854491904628,True,False,True,-1.039786386520261e-05,354.2121036298947,5.91342236799888e-06,349.6925669221342,573.4134864285479,0.005164461719004976,4.779648151615619e-06,0.002652912987684892,0.5791325655492432,True,1.0,4.779648151615619e-06,0.005164461719004976,noneSNR,,,,,,,,,,,,,,,,,,,,
9,377.103627996728,-0.0062514502151348045,-72.03275321275454,324.59391296848185,-161.750592015895,0.9965453233415212,0.12911489461862666,1.6654577312092338,4.461587416359028,-3980.207762741462,-4361.8006557050985,0.5832340502714806,1.1599623355288131,-2.8589168489670107,864.3383452889236,True,False,True,143.71628150479043,-69.28148372557332,1.5499642190143357e-06,-40.834165540957535,133.19131875866458,33.94053368564997,0.0034833617982900932,0.2416959353783161,0.6234937850681321,True,1.0,0.0034833617982900932,33.94053368564997,hs-SNR,,,,,,,,,,,,,,,,,,,,
10,129.24821520595543,0.06904795230343562,102.8805827559788,-123.42944868286554,812.3476140852881,0.9938782547173416,0.12911562239454713,3.019261372434132,1.1968612566730363,1461.8152419905728,-51704.78158826079,0.4458770084373909,0.9542922192207056,0.010504090381827149,925.5068941345728,True,False,True,215.83080241203538,98.78244930421322,5.144218336312122e-06,5.110010310489551,99.85579615444631,23.209756716047412,0.012148518655378542,0.5053072447019252,0.6601413165772847,True,1.0,0.012148518655378542,23.209756716047412,hs-SNR,,,,,,,,,,,,,,,,,,,,
11,118.09248411007549,-0.054347382556300936,-178.26917758553475,48.911282433624365,-143.09587942565122,0.9690295367138466,0.12903267702883814,0.4900129091488723,0.27647055703554096,3494.9726488279266,-9873.2881906694,0.3952919877256065,0.16858165345980825,0.09003576109028269,699.5412188179233,True,False,True,157.04658729969663,-164.5512958469401,-5.518149290053527e-06,-16.92087209947951,137.08341120613588,31.07853391615774,0.003716151810281889,0.4445673076391112,0.6249402627491485,True,1.0,0.003716151810281889,31.07853391615774,hs-SNR,,,,,,,,,,,,,,,,,,,,
12,477.7729940511141,0.0027974390367948854,312.8275112107625,-422.7186518148445,23.94738265633191,0.9541225761012164,0.12908782119306547,0.9953046716270212,1.3435608036505713,-58672.30111585843,89676.10865913916,0.4326145652172221,0.4727529685151838,-0.3243300327981369,996.8589187343588,True,False,True,-2.562320106714891e-05,175.27781899209316,-2.4875871821777123e-05,153.0048691840947,783.1498927774713,31.201744714074486,8.753667620913697e-06,0.0259635798575482,0.5797609455993088,True,1.0,8.753667620913697e-06,31.201744714074486,s-SNR,,,,,,,,,,,,,,,,,,,,
13,227.70429054567688,-0.003016591863915591,-162.13512824209522,-130.47098228744414,-52.644114727129704,0.9622168671327784,0.1290768134500201,1.612397256884906,-0.8074409701391358,18364.924918566867,33768.00270157597,0.34686183972999424,0.2685258191980372,0.027991160166474724,572.9643487566567,True,False,True,-2.8165294236097207e-06,-100.25059830219374,-2.728221080877182e-07,-24.33092531162705,312.39548903416045,31.86339139525223,0.00017103551608814042,0.11062834514606523,0.5879292690676802,True,1.0,0.00017103551608814042,31.86339139525223,s-sym,,,,,,,,,,,,,,,,,,,,
14,855.2425044651378,-0.00040743026130314613,-390.8524893831318,-410.72792766547246,-172.35346391374023,0.9221527725238302,0.12907507617893893,2.718715530987234,-1.0538821818998536,87859.33845134679,347869.7636943909,0.3177186963907325,0.5040318524301662,0.02694342240099801,931.7517832420584,True,False,True,2.692750563146805e-06,-253.76771345726246,0.00012534584403012342,-17.592254248233644,809.4103668066721,105.70228679860828,0.00021125909820659291,0.14277319053057627,0.5890952752843941,True,1.0,0.00021125909820659291,105.70228679860828,s-SNR,,,,,,,,,,,,,,,,,,,,
15,281.627228273526,-0.0010796176906252286,125.16040879543232,-257.3486642488993,514.6361015062271,0.8961053448870622,0.1290747081708585,2.5984363033156166,2.0583813328635303,-8263.669412560079,-23639.623962037516,0.43555592215061,0.9926726313061592,-0.27856792925637963,252.69590642442063,True,False,True,94.45088328645984,111.34438449831694,1.860853921033032e-05,81.4450605203717,147.91570849108066,9.62734990952262,0.0012107402972151926,0.132144758543665,0.6050540574232436,True,1.0,0.0012107402972151926,9.62734990952262,hs-SNR,,,,,,,,,,,,,,,,,,,,
16,296.1296464332897,0.005324469851291425,403.3146342512215,70.37584299590935,60.57005786488753,0.9011656626559246,0.1290909440250855,0.36089385403350027,-0.17835680066769075,21702.383796312293,34158.09455378949,0.3446403084509887,0.06049733006375994,0.1070545834796788,838.4645541965382,True,False,True,4.234334758986165e-06,352.17981985553195,9.059147612040192e-05,350.55496336923386,478.00810651976167,0.2317514955677211,2.036817536655542e-06,0.0029651277517900323,0.5785143730188234,True,1.0,2.036817536655542e-06,0.2317514955677211,noneSNR,,,,,,,,,,,,,,,,,,,,
17,257.7898478660403,-0.0002580100650538819,279.6563040068381,-267.0723287241566,141.6469777392922,0.7666059715978197,0.12907412394021964,0.4930759237762802,0.955192392324998,-29513.029239678275,-1044.3914402844277,0.33575940581808755,0.2824677129982364,-0.3335283183813841,333.8736111756712,True,False,True,1.3963427639002395e-05,209.2202045708052,1.6641507543880935e-05,206.9549366575589,465.0488810215004,0.13203431390246578,1.0610753825580869e-06,0.0021589117109530056,0.5781907173446971,True,1.0,1.0610753825580869e-06,0.13203431390246578,noneSNR,,,,,,,,,,,,,,,,,,,,
18,479.6984332457589,0.0021478603847284307,369.37763495474366,-155.2884525718683,103.36276785691577,0.8310277493362601,0.12908225731284054,0.9364866239844384,0.4153404478711367,-21201.341059779894,89440.67494788916,0.33900024260485034,0.30334506397463235,0.08303042826913416,551.8626024381218,True,False,True,-2.6471359673996417e-06,239.74412987559018,-5.747827907682341e-06,227.5862195072284,734.2962691561559,0.04612128124722403,8.839452988207582e-06,0.0123935455655036,0.5797727041597613,True,1.0,8.839452988207582e-06,0.04612128124722403,s-SNR,,,,,,,,,,,,,,,,,,,,
19,318.1105738506938,-0.000981277736431016,384.9473404140829,-455.2124080746133,235.35547176822436,0.871543932662549,0.1290747755281435,0.5262173802517851,1.1834173754915143,-79726.9812266563,-12595.382947679864,0.3882451336285204,0.3287905743115319,-0.5362760553134384,684.2476006183035,True,False,True,-0.0001368990750638572,306.33341877463045,1.978980849384053e-06,300.79281472033887,566.86673295886,1.499539314221238,2.4967586219479977e-06,0.007082855137586565,0.5786389841407273,True,1.0,2.4967586219479977e-06,1.499539314221238,noneSNR,,,,,,,,,,,,,,,,,,,,
20,355.4039919414423,8.444317470815421e-05,-440.043781411265,633.8761915228204,-353.699361969873,0.8996320284539213,0.12907410254973667,0.6153169131689705,1.4405706311082005,-131634.53245307994,-36491.52826825768,0.4113967561381495,0.39392433347694267,-0.7140864293636782,906.6266513473888,True,False,True,-3.152847431778673e-05,-341.8109159560512,8.829835955285981e-06,-332.0667937219132,670.9209907489807,0.7116191182910825,2.9530124077258117e-06,0.016433867979623155,0.5787516580080524,True,1.0,2.9530124077258117e-06,0.7116191182910825,noneSNR,,,,,,,,,,,,,,,,,,,,
21,290.58472576808737,-0.0028496690003411984,-349.9544186833672,489.6331100076832,-251.0953449675637,0.8541355489234367,0.12907870411341438,0.5303707424386884,1.3968586991228265,-77989.92497326787,-22987.38762057084,0.3896301637492536,0.3654024687968098,-0.7906619929050859,574.7683000392936,True,False,True,1.9022038399031325e-05,-272.27591319495764,-6.800468772364235e-06,-267.477796893481,522.866442831689,1.651337639482108,1.5402652629710882e-06,0.007314543353396674,0.5783627123998222,True,1.0,1.5402652629710882e-06,1.651337639482108,noneSNR,,,,,,,,,,,,,,,,,,,,
22,520.7844267316082,0.0013896037429737412,784.7508553509055,278.9600774561609,393.7766118024604,0.7492443240268735,0.12907816687642534,0.4798420015819089,-0.3573141175987821,116715.08602232365,-13569.268238634546,0.2744942413886286,0.06040814746234688,0.06255972006763631,887.7785272384931,True,False,True,-2.718630153045064e-06,678.7686924487234,-3.644996451011935e-05,673.0236741759973,833.2005525227617,0.5721307956483771,4.452430085463062e-06,0.0010016234669020542,0.5790705683219884,True,1.0,4.452430085463062e-06,0.5721307956483771,noneSNR,,,,,,,,,,,,,,,,,,,,
23,485.13842539113887,0.002677852196577305,-142.1716768677773,745.0482450883464,-945.6472960828166,0.9713394008952062,0.12908709233138976,5.218912233253043,5.257291726551047,-44967.961014203756,-28446.07919686552,0.6039739079502633,2.1809433460717687,-1.1949012726173214,580.9794326101835,True,False,True,73.99854976729857,-136.84780660380295,2.0309848820650884e-05,-133.4988391294496,147.29272759996454,1.0777176902111307,0.0007415465544671982,0.05716244743622144,0.5991526381509037,True,1.0,0.0007415465544671982,1.0777176902111307,noneSNR,,,,,,,,,,,,,,,,,,,,
24,491.6845074724269,0.0029120192338064205,537.6847135510171,-283.9136627062861,948.8315330029327,0.7746660984195672,0.12908991192651426,1.2727576586629428,0.5230562052336862,-69222.2804962603,-142362.53961112624,0.3208673374368862,0.4053654488713501,0.07535073542828097,658.6741888792507,True,False,True,0.00017613684130336142,354.4322428964881,3.403354383272612e-05,341.6182112625928,827.430910194353,7.513440392453389,4.210814912202571e-06,0.014808772827097225,0.5790233093710193,True,1.0,4.210814912202571e-06,7.513440392453389,s-SNR,,,,,,,,,,,,,,,,,,,,
25,176.21228666507838,-0.0006943324627526754,208.22396649233062,-188.1123079050797,36.08350355662447,0.8651677862661931,0.1290741572954721,0.12897812685601653,0.9036219571225544,-11756.465038977425,-1914.99441584458,0.3738183000381056,0.18284819123442986,-1.453621803054308,359.2322100498599,True,False,True,25.06221217654103,194.86974407180526,-2.099630597645794e-05,194.8070103554734,156.14133836531187,0.07562804523695378,6.522012361668185e-05,0.01533012484794181,0.5839064521318138,True,1.0,6.522012361668185e-05,0.07562804523695378,h-SNR,,,,,,,,,,,,,,,,,,,,
26,712.1165455480397,0.004895208787953936,-532.3411801710237,-329.0577372149521,-824.606056375724,0.8824827450117461,0.1291712416625455,1.70227181698481,-0.5997772268515507,98016.05254095519,43986.484432016034,0.3187903337687349,0.3256050831042774,0.07633997255199274,998.8032900648816,True,False,True,5.504099398254315e-06,-340.1418623482213,-3.227336341581638e-05,-325.9538034140158,927.3080524696077,0.7080532832040944,1.1401775121442142e-05,0.009821987828591295,0.5801007029647957,True,1.0,1.1401775121442142e-05,0.7080532832040944,s-SNR,,,,,,,,,,,,,,,,,,,,
27,316.3249006693893,0.003503218085613297,-297.657025260182,30.415355984571303,-516.1929078809567,0.8193493567015435,0.1290826416023555,1.4142935570849966,0.10621783622646948,3476.362110915399,-28220.155830389984,0.32130188797116577,0.3712763619756607,0.1270883192998685,425.4097577717853,True,False,True,-9.273236510392657e-06,-144.14532805264648,0.00020238234704502304,-145.84549993491203,714.3708999454,0.029561214452655808,-2.152324422583076e-07,,,False,1.0,-2.152324422583076e-07,0.029561214452655808,noneSNR,,,,,,,,,,,,,,,,,,,,
28,560.5284123533119,-0.004958854692703671,82.58599659907259,-722.9733835318103,982.633193807612,0.9934507071056262,0.1291346527574634,9.53173502605094,8.826998183532357,-21778.016823635007,-13934.391197934341,0.7635964761334906,3.8541001204347936,-1.9144570102276492,718.0468478258776,True,False,True,224.3377060796308,82.65251835863555,-5.35904216378841e-06,45.67018476097157,93.72871486074189,133.52603686291226,0.024621713819359226,0.6801385663793494,0.6908048915763225,True,1.0,0.024621713819359226,133.52603686291226,hs-SNR,,,,,,,,,,,,,,,,,,,,
29,465.1221525597782,-0.0037281135885256227,-556.4138069648181,502.8275332326839,-698.2371981039274,0.8085864779923038,0.1290971050698961,0.9325953860620227,0.8982317934875026,-132910.40234049127,-99946.24245143161,0.34992938227367043,0.38285414543008944,-0.08718649628874213,764.6600934426718,True,False,True,-0.00014748500657463557,-397.9335243793128,-3.1556846381525376e-06,-382.67874244017264,855.3655957158595,5.0554255864117295,4.642607112510382e-06,0.018095321747102187,0.5791068682531275,True,1.0,4.642607112510382e-06,5.0554255864117295,s-SNR,,,,,,,,,,,,,,,,,,,,
30,329.21668079207825,0.0005195267240778179,-280.81406782458447,893.7054531723297,-16.597253716459132,0.9361454578958408,0.12907430251123833,0.10519119789699354,3.183249151691264,-117631.28905173152,3655.3917429260327,0.5007660940729187,0.5568393247561257,-23.953442496246424,747.648225422441,True,False,True,43.34659838076148,-276.78470005714195,6.387515139893391e-05,-275.906863638177,146.08746858103763,0.2641578513558045,0.0002551618081453731,0.027344436133451312,0.590244697875682,True,1.0,0.0002551618081453731,0.2641578513558045,h-SNR,,,,,,,,,,,,,,,,,,,,
31,156.7018452416138,-0.0055762314375425726,149.29003687583406,-10.179647632804404,531.6323267499107,0.9860645578077412,0.1290763808460836,2.285047042403621,0.069538475453226,7079.092482936275,-28398.431316882597,0.3950179368534804,0.5828515065097762,0.12854733270411708,884.8692776778711,True,False,True,22.861879431560432,18.187594073251837,0.0009674101927406463,18.022385838333,157.17637433269385,0.05468048984650409,4.878258301396656e-05,0.012875981971512455,0.5830248183300479,True,1.0,4.878258301396656e-05,0.05468048984650409,h-SNR,,,,,,,,,,,,,,,,,,,,
32,181.0790192475856,0.00953893252196665,-325.26808831467406,13.622425246364172,-63.30277335525954,0.8354491348286475,0.12908696206548645,0.24626403169828665,0.04392238352129218,5717.073057181672,5526.0778492336485,0.32536887647969115,0.06888640517812035,0.12712851957503474,494.47029761219557,True,False,True,-6.013414818974542e-06,-291.5715456829648,-7.874248029199926e-05,-291.42288744743826,331.38683631846385,0.009832706142674395,1.8505476347080727e-07,0.002771444583808845,0.5777014027657469,True,1.0,1.8505476347080727e-07,0.009832706142674395,noneSNR,,,,,,,,,,,,,,,,,,,,
33,258.19840844788064,-0.010136244100649908,-62.09078321450591,102.16710620918684,-463.5593349675196,0.9971959806880308,0.12911733391440414,5.91074850522463,1.611620227358785,4589.351064386143,-7020.4601130586025,0.4648109476509858,1.7462904975326217,0.019261545136715588,827.3834233712631,True,False,True,65.62738891554655,-42.20579316654351,-4.984520365630281e-05,-34.04938680331532,151.34813278609468,0.9291215863720196,0.0005078795188458578,0.052120570339504416,0.5954555730825325,True,1.0,0.0005078795188458578,0.9291215863720196,noneSNR,,,,,,,,,,,,,,,,,,,,
34,523.4082409800351,-0.004061898817078163,-648.9686557922474,-266.1840811674947,-97.57080307921105,0.7549646108231886,0.12910925117127867,0.4151664560700714,-0.4167315388216856,92815.6169766371,111332.22256884574,0.2741851842789981,0.03433635754723692,0.0245336207767924,747.1395533700162,True,False,True,-1.77859402504953e-05,-548.8778996833463,-1.085353852288262e-05,-543.5340806578267,824.8925571924582,0.5662714365497551,4.3321507525993206e-06,0.0017289053588921176,0.5790472074237074,True,1.0,4.3321507525993206e-06,0.5662714365497551,noneSNR,,,,,,,,,,,,,,,,,,,,
35,282.14045386049787,0.0040774757081009074,-734.5125517934198,471.6802790582399,-80.56442466093608,0.8041011224582711,0.12908286713334682,0.11057786138470106,0.643609803378873,-165014.25915557565,525.8402260622497,0.3375046444041995,0.13491276590932078,-0.8074372776275253,993.4899492454143,True,False,True,4.4728577102299916e-06,-698.8382951878029,0.00012366673286431874,-697.4568412609793,526.2689093813643,0.07516178195260181,5.951753846053518e-07,0.004425336793119566,0.5779798330755623,True,1.0,5.951753846053518e-07,0.07516178195260181,noneSNR,,,,,,,,,,,,,,,,,,,,
36,420.7291154289409,-0.002624395492527645,-513.6498161077353,176.2781022628387,-702.1860822303349,0.8364585667182274,0.12908326377676202,0.9992728602014944,0.3398385668959254,-37890.05829705623,-97134.95548237846,0.33811878754686603,0.3064579761996945,0.10018969122276793,783.9838265463129,True,False,True,1.9888807118635768e-05,-396.9671451303499,-7.494872775675887e-06,-388.5051441290647,640.9816191330921,0.3996490485943696,6.975385699204222e-06,0.009094731345747628,0.5795026837020946,True,1.0,6.975385699204222e-06,0.3996490485943696,noneSNR,,,,,,,,,,,,,,,,,,,,
37,615.5652478699287,-0.003912646216574943,-611.6521104404468,-264.70201760712183,-594.2804122878912,0.7730681634636059,0.12911996998148875,1.009739160717294,-0.4422042244072771,87013.73510643926,13982.97690326282,0.2800448872260995,0.17873408611144392,0.08070534378616237,745.4385309129884,True,False,True,8.762156309449025e-06,-456.81132535749856,1.80738995031785e-05,-446.88284589111055,886.9450539262529,0.273591014225417,8.390282067077138e-06,0.005974318443112472,0.5797104827961456,True,1.0,8.390282067077138e-06,0.273591014225417,noneSNR,,,,,,,,,,,,,,,,,,,,
38,211.7846449937804,-0.0040479181361622605,-332.98366463419035,33.40789010311596,-44.5602562816963,0.8938799547626143,0.12907804348081486,0.25545799184877765,0.09888687831230844,2181.9072727746434,13443.160522684952,0.3529161336304338,0.08034564434757915,0.11950835392874368,663.9374865454765,True,False,True,1.5897378839905234e-05,-297.40352808925763,-0.0001009016848722028,-296.9812754958806,360.9033001314289,0.005035784655206044,5.183228384694128e-07,0.004625497897959555,0.5779378036449422,True,1.0,5.183228384694128e-07,0.005035784655206044,noneSNR,,,,,,,,,,,,,,,,,,,,
39,434.2162017248912,0.004257870476225251,416.2275356425107,-390.2593713722662,71.33982850850725,0.8389929332721728,0.1290999520576522,0.547829397762461,0.9304268599856288,-74015.30628985538,64997.580215736074,0.3637965292937987,0.2920284927715533,-0.2659564949487213,641.7658616735703,True,False,True,-2.702460441570573e-06,306.8651898763503,-1.2205637257182554e-05,295.4205305794786,768.2315570366134,2.5894759093132507,5.409101157940846e-06,0.013348031486681377,0.5792461085260197,True,1.0,5.409101157940846e-06,2.5894759093132507,s-SNR,,,,,,,,,,,,,,,,,,,,
40,609.4073520526872,-0.003790179509510772,-796.0410211637279,-351.1455252760058,-733.3886943077248,0.7553128289825225,0.12911624934733484,0.76422379006794,-0.4479942910075999,145409.7476556709,-99741.651074425,0.27301754520015625,0.11639023234905167,0.06346176194988029,917.4437491143435,True,False,True,1.1752702172506216e-05,-655.1313904186961,9.175029617002653e-05,-646.3282538481133,902.8108463096332,0.07081093248234538,7.3586902976264844e-06,0.003970389539622081,0.5795609192053284,True,1.0,7.3586902976264844e-06,0.07081093248234538,noneSNR,,,,,,,,,,,,,,,,,,,,
41,372.05958325971596,-0.0015411798164610966,654.5829407395338,-628.7923467238563,119.17224437598452,0.7386662135090716,0.1290765016810412,0.2185907846761453,0.9617741285962376,-197722.9186696784,15688.990465891433,0.325520598522398,0.21494338426840928,-0.9288471841315908,717.3102386148956,True,False,True,-2.957620497413142e-05,576.0502451123508,-3.5727341018059824e-06,570.1381600867086,782.97558284931,0.532906178471535,1.6977097678186008e-06,0.002775324814740487,0.5784131525202167,True,1.0,1.6977097678186008e-06,0.532906178471535,noneSNR,,,,,,,,,,,,,,,,,,,,
42,300.32534533153216,0.0044064539378854545,-410.9114996324749,954.9957309290378,-117.10012861818406,0.7425359058599268,0.12908603604320384,0.20099382912224945,2.327338030046672,-188110.76113249132,-14081.923525869219,0.3838568107250956,0.4381381289550077,-6.6080639672127095,455.52954630899137,True,False,True,28.819789939303778,-407.31095169617873,-5.87111381495293e-05,-407.27911660151113,151.34394530892746,0.12276592831975107,9.858518231878932e-05,0.0193330078785986,0.5854001571714244,True,1.0,9.858518231878932e-05,0.12276592831975107,h-SNR,,,,,,,,,,,,,,,,,,,,
43,295.38842909095854,0.004401730596406986,-925.8286531071736,-139.3556848176505,-42.74896906677578,0.7137449290032459,0.1290855404234428,0.07664449955181947,-0.149137170970864,72926.82230612345,26160.187017064996,0.27018815925280776,-0.005695070273855796,0.05653664293160475,943.461032528568,True,False,True,5.277938225185006e-06,-893.1020260501398,6.6373334298670475e-06,-892.3067006835097,567.029429864332,0.010641895582352843,3.897529379574992e-07,0.004117919692647623,0.5778597845323444,True,1.0,3.897529379574992e-07,0.010641895582352843,noneSNR,,,,,,,,,,,,,,,,,,,,
44,127.54460076471389,0.08537951670793956,216.18290143758716,-18.088102635076325,276.1107367771524,0.8467236861334018,0.12911129402801827,0.7854674875547536,0.08268043467292177,5847.707271031759,-23011.5624330836,0.3317373972022916,0.21014694433417536,0.12693550241792098,344.05238014060654,True,False,True,22.59454426424931,12.582792879038482,7.101415255312178e-05,12.350936887177731,158.11268000277076,0.051125718820856036,3.7828957236846894e-05,0.013626522028620613,0.5823502645614346,True,1.0,3.7828957236846894e-05,0.051125718820856036,h-SNR,,,,,,,,,,,,,,,,,,,,
45,424.5614814311414,-0.005462341161749068,662.360948386181,191.3530050135116,236.6721264675798,0.7811935967556829,0.12911460863939406,0.3940599162592048,-0.2833818236344573,72408.04368505313,16287.490639094449,0.28981706915002503,0.05128467512572498,0.07816724337022044,828.8344957204289,True,False,True,-7.866849505403395e-06,582.3507328147084,-1.259526063230587e-05,578.6748476766769,698.4825394572329,0.0008068016827564861,3.1458063718436384e-06,0.002686322852323229,0.5787966245514965,True,1.0,3.1458063718436384e-06,0.0008068016827564861,noneSNR,,,,,,,,,,,,,,,,,,,,
46,768.2445924992016,-0.005737475720772475,-430.9847045444314,-330.34646537795015,-442.33225131734514,0.9100539905759731,0.12923010889739145,2.164357960874148,-0.7975587198561752,76135.08946659921,210444.79239508414,0.32293448947424525,0.4081630369091745,0.05575567408605012,946.2703758065328,True,False,True,1.0123363263903476e-05,-229.84910049771347,-2.9257893253797754e-06,-213.83676351040032,882.6826723962396,1.6320639995219608,1.5218592055010031e-05,0.009923706588976466,0.5805267066931791,True,1.0,1.5218592055010031e-05,1.6320639995219608,s-SNR,,,,,,,,,,,,,,,,,,,,
47,346.2533886522428,-0.0009718525808835726,-164.77704418364382,527.6474775245533,-363.66291332392825,0.9154759154589652,0.12907490820724055,1.5241367604974032,3.1996931786047216,-35682.194901193376,-18616.425271277752,0.4918835230705848,0.9143163865584708,-1.5502423129501963,374.89965922997004,True,False,True,73.87565269982615,-155.2255166335631,6.5123968763313e-06,-148.94035505414774,146.38809153537545,1.2866667647989232,0.0007504918250751272,0.0629894358188413,0.5992811105992593,True,1.0,0.0007504918250751272,1.2866667647989232,noneSNR,,,,,,,,,,,,,,,,,,,,
48,478.65949119090635,0.003046038096720022,-398.6986405452731,28.517519368542253,-305.7974262135952,0.7607818566892466,0.12909043388605507,1.0973353253650688,0.07815067162230929,2666.2872145248502,52712.83030805609,0.2970002352062516,0.28735894327831873,0.12769898877947694,467.36379574674555,True,False,True,-6.030661229886735e-06,-252.5423115202018,1.366312179025326e-05,-243.69470732506082,749.1047214634151,1.4935325202321792,6.0453907813194535e-06,0.007609012288599509,0.5793543267449079,True,1.0,6.0453907813194535e-06,1.4935325202321792,noneSNR,,,,,,,,,,,,,,,,,,,,
49,257.67202710157426,-0.008433561765911785,785.3113736414878,-235.08769147407668,133.82096975216427,0.7854980003082807,0.1291038688056153,0.13167348002334678,0.3015694971912094,-83800.42076367114,-23819.172954391026,0.31587058915326177,0.08317995287103827,-0.04356598396206751,996.76232503578,True,False,True,1.26882355170716e-05,749.8885887333256,-7.53966891947935e-05,749.0009534351161,476.35169207342176,0.10629347212449147,5.469595819629906e-07,0.003047227217960496,0.5779538073762645,True,1.0,5.469595819629906e-07,0.10629347212449147,noneSNR,,,,,,,,,,,,,,,,,,,,
50,586.7292978088661,-0.001852812138395346,-647.8060774592266,99.48635967427391,-752.2896255942709,0.7088261623084054,0.12908340130480764,0.985259352416292,0.14975687273775268,-25200.611296143656,-73986.72560515633,0.2808916843551025,0.2712743168936985,0.1233927369946465,650.9679985377695,True,False,True,-7.485769237370084e-06,-464.57403150879486,-2.0461687957103227e-05,-450.77452602360773,963.1678654154583,0.8284891266761178,6.675566691946815e-06,0.010796596239367434,0.5794560034094324,True,1.0,6.675566691946815e-06,0.8284891266761178,s-SNR,,,,,,,,,,,,,,,,,,,,
51,310.46182101108155,-0.0041398721685229215,429.6949220896693,-697.3514758882892,328.0883445585164,0.8839359783402879,0.12908551032880178,0.5095857169257595,1.6260585303750474,-141708.06742793947,-46793.39222614593,0.4121323792932052,0.3984061842939478,-1.1680791551943237,812.2676462366484,True,False,True,-2.649134014634745e-06,348.07054452249224,8.556472954787378e-06,341.07339037994547,556.5478653761081,1.5843707807300689,2.061992861883768e-06,0.014095543974606566,0.5785215378636923,True,1.0,2.061992861883768e-06,1.5843707807300689,noneSNR,,,,,,,,,,,,,,,,,,,,
52,309.0826328846005,-0.004894765094778902,-479.21924028716666,250.7279135071646,-392.4518288241989,0.7683193269852869,0.12908988367364693,0.5829362172916802,0.5198867500899402,-52632.652335272614,-54298.97636701122,0.3182870187240956,0.2323818460045768,0.013175730074300174,575.2422210004983,True,False,True,1.0005411719406386e-05,-396.714241374327,-0.0001508426755066222,-393.3788999943226,517.2864873596887,0.41192399988528905,2.728157239015624e-06,0.0017905952413867585,0.5786973115361511,True,1.0,2.728157239015624e-06,0.41192399988528905,noneSNR,,,,,,,,,,,,,,,,,,,,
53,489.88924320436575,0.00406234810299641,904.5818563471672,-198.81586569277127,688.5664353917027,0.7223186417686104,0.1291046354176277,0.5231727084034792,0.21569544628271226,-83771.24285203985,-194893.0648939753,0.2884771649442829,0.1667424181479885,0.10687272002917343,944.8145710650391,True,False,True,1.1595978454956787e-05,784.4235303976781,-0.00017545145483068402,775.7613745501717,817.4387976531488,0.2249666539005375,5.625357568142497e-06,0.006137107122883131,0.5792835719039936,True,1.0,5.625357568142497e-06,0.2249666539005375,noneSNR,,,,,,,,,,,,,,,,,,,,
54,338.1110485676223,-0.00413869630718415,268.60803383449456,-949.8112238112312,208.2568938064851,0.9369996548568488,0.12908803757564713,0.437205845579816,3.5422242969114675,-119516.0961781,-24207.802473740037,0.5161302680383416,0.6996721775468653,-7.045651902709131,720.4804365955159,True,False,True,87.74047847705566,264.7592603863097,-1.3124220866234115e-05,255.4554512619043,141.99887605948342,2.5999245834173905,0.0011348207643249995,0.08865468452848208,0.6041934209457089,True,1.0,0.0011348207643249995,2.5999245834173905,noneSNR,,,,,,,,,,,,,,,,,,,,
55,460.90431674941635,-0.0006797588219825401,662.4451045959185,-366.4115984313974,742.5593807804316,0.7548455025541786,0.12907484610074305,0.7834109874576181,0.5539401233044376,-113360.02398494208,-148092.97071041857,0.3145676766150342,0.28817610074847744,0.03115381068025888,762.3749026434094,True,False,True,1.0478283883530175e-05,527.6344072022741,0.00018634830635962262,515.9831800478778,763.7204998815737,0.3314461903338497,6.736062434076577e-06,0.011863688920105165,0.5794655057143782,True,1.0,6.736062434076577e-06,0.3314461903338497,s-SNR,,,,,,,,,,,,,,,,,,,,
56,340.2161594543832,0.0007064731799476115,-367.0641909661622,85.7756946948573,-723.8373054016494,0.7970976576666429,0.12907450815433982,1.3892322897842482,0.23446289024437936,-7866.0968559655275,-78491.26987420251,0.31764919204717473,0.3863852208201252,0.11918184166040788,484.5339166542096,True,False,True,1.2078472753010035e-05,-191.113147646147,3.094634021129998e-06,-192.9928859741289,777.3592973784603,0.2883125363607633,-1.1989807796889375e-07,,,False,1.0,-1.1989807796889375e-07,0.2883125363607633,noneSNR,,,,,,,,,,,,,,,,,,,,
57,491.8691868745775,0.0037829427226169924,-681.4825763504953,-30.487670929584283,-366.2307531053457,0.7501760384619924,0.12910080841442684,0.5306289437127131,-0.03963523043377496,19398.52256795767,-2991.349401360234,0.2880914403551818,0.12605136418921578,0.12836067186978853,773.1433637616724,True,False,True,2.1736908982253365e-05,-570.4078239002332,-1.946450280728121e-05,-563.5206519094908,815.8244053629232,0.00936725442295483,4.7914908707111256e-06,0.0030066488462552644,0.5791347687894609,True,1.0,4.7914908707111256e-06,0.00936725442295483,noneSNR,,,,,,,,,,,,,,,,,,,,
58,538.5912674673225,0.0018791991652993968,332.05192479664777,-171.4270591289162,130.820049089137,0.8604883399788521,0.12908209024808764,1.441485722438646,0.5099574934682147,-20984.877090281163,115305.78886284653,0.3554008017405197,0.4453643461876973,0.08397990139247567,560.8313242714472,True,False,True,1.789021532661092e-05,160.3520332613671,-2.301098998506953e-06,142.2319180230601,797.3059608730458,17.26174643930881,9.074532216698357e-06,0.017836412320963054,0.579804635854369,True,1.0,9.074532216698357e-06,17.26174643930881,s-SNR,,,,,,,,,,,,,,,,,,,,
59,451.0123998810817,-0.003630970174584386,-579.8914083414097,-21.64508922853497,34.56994241989241,0.7301668167017068,0.12909451582973722,0.2743211226524712,-0.04210137894974222,13297.992550891855,112149.16107502196,0.2805804107571155,0.06156338417149409,0.1274791406698417,619.6937252968817,True,False,True,-6.809060474009595e-05,-495.04941359739337,5.607597599030384e-06,-490.48455682426635,768.8792527317488,0.6900527818476121,3.064259018407419e-06,0.0014923295013428818,0.5787777782592207,True,1.0,3.064259018407419e-06,0.6900527818476121,noneSNR,,,,,,,,,,,,,,,,,,,,
60,314.0648652168929,0.0009662123103080512,373.6808459354066,-380.75751827527563,416.90957291515036,0.9195129023983896,0.1290747351284589,0.800454084008728,1.0180661686003374,-63377.95525152296,-44044.23013035448,0.4028342675872646,0.3697912157689049,-0.1946348768139012,874.1782840259557,True,False,True,-8.55142980197686e-06,291.8371459876683,-7.853673139413587e-05,286.6088058317202,489.21178668088953,1.2542718835371147,3.660538927877202e-06,0.007443221421006959,0.578910319289989,True,1.0,3.660538927877202e-06,1.2542718835371147,noneSNR,,,,,,,,,,,,,,,,,,,,
61,269.7026651566199,0.008841721398888655,545.3293138822995,-10.332051602297954,15.086470230213536,0.8241491511926035,0.12911091162056867,0.13515846263086628,0.015186835330435815,4449.776373449996,31852.934675807628,0.3194951783806682,0.036320754879455866,0.12868430132391326,793.5279934620563,True,False,True,-1.0449452877625986e-05,509.2648454297999,-4.486444056792346e-05,508.3597160100619,480.9744018980091,0.014855303311151147,6.769357800790569e-07,0.0049547213945688034,0.5780216598486017,True,1.0,6.769357800790569e-07,0.014855303311151147,noneSNR,,,,,,,,,,,,,,,,,,,,
62,595.0531242339971,-0.0028790234831653355,-840.2625589996311,-483.080233715017,-873.5000259892242,0.7506836088466615,0.12909723616664845,0.7828714051158724,-0.5796258303724572,209119.54090333355,-181372.67329735626,0.2657804938776439,0.0991135462168919,0.02181074535873781,954.7566606508859,True,False,True,8.773239646460786e-06,-703.6082013862354,5.367090607070937e-06,-696.2395202387726,855.4518408694938,0.33346869073363905,7.146016571251805e-06,0.0025340516668101837,0.5795288010248438,True,1.0,7.146016571251805e-06,0.33346869073363905,noneSNR,,,,,,,,,,,,,,,,,,,,
63,481.0526473342029,-0.002064736942291548,-66.23227347751731,333.66801640783706,-362.07822927427526,0.9918094423985736,0.1290816835983425,11.706812378198881,5.010526064094209,-3285.504806225639,26545.1724815351,0.6037357355562492,3.7617907718987547,-0.407045714448117,514.3008872565545,True,False,True,85.58057834493238,-60.400490778370454,5.074345711915404e-05,-53.54175769071149,149.98192878508758,3.0751424109723478,0.0009626097234606662,0.08419886552373765,0.6021215276685467,True,1.0,0.0009626097234606662,3.0751424109723478,noneSNR,,,,,,,,,,,,,,,,,,,,
64,554.3596160241549,-0.0007240873737631438,-339.7912388763963,282.5042105181621,-105.17435383859606,0.933006674420348,0.12907535747057544,1.3764916123532374,0.8288807070860114,-40318.13518053686,123113.2519519606,0.4012012204041776,0.4822696876026446,0.004293771369072899,880.9768213570743,True,False,True,1.695174618024782e-05,-172.56657827323397,1.9909242292346507e-05,-148.48561401859922,835.6701711689595,33.80767361528308,1.0884499647319935e-05,0.02460164866400746,0.580037735932831,True,1.0,1.0884499647319935e-05,33.80767361528308,s-SNR,,,,,,,,,,,,,,,,,,,,
65,204.22331556737504,-0.001558008740842845,191.33063969443558,101.09863891669102,437.54446134223053,0.966038375088164,0.1290746178379758,1.931808440312185,-0.5275356211343106,17511.195576178972,-12971.028649532951,0.3603656754862135,0.39502950655566105,0.09305994037847183,715.3007434626259,True,False,True,6.475666365444913e-06,109.21496017265484,-7.003317755032436e-05,108.91861048612249,335.8720751400931,0.01802046008896241,3.931180371602376e-07,0.0020703834693615074,0.5778619783907344,True,1.0,3.931180371602376e-07,0.01802046008896241,noneSNR,,,,,,,,,,,,,,,,,,,,
66,653.9967648907533,0.003547923346979703,547.6894335519339,91.80546865727274,620.166345490883,0.8491512765862805,0.12911688241516026,1.287564611498181,-0.17846531692902035,31340.672859951363,46235.51680901506,0.321888340879642,0.2921469333863751,0.12293275210780505,880.5669651125694,True,False,True,5.396265306088195e-06,373.57002165085686,-4.709738018623587e-06,357.69432806447253,931.5747223366158,0.6627190163054593,1.110360467251651e-05,0.011885879977278234,0.5800645868063723,True,1.0,1.110360467251651e-05,0.6627190163054593,s-SNR,,,,,,,,,,,,,,,,,,,,
67,496.3347906076541,0.0007308223695868392,90.91050748067585,-655.2179403748994,752.0269704114286,0.9912210533029068,0.12907511244464867,5.824908593438133,7.199752202530076,-21990.410466136134,-20454.212117343937,0.6946585073675521,2.6561858487812118,-2.0956993602497125,681.5593123604791,True,False,True,196.18168708649284,90.44970745846923,1.144111791538764e-05,53.48697209761313,115.44229331015798,133.56818699781294,0.009673603400738143,0.467296456664101,0.6519303870367014,True,1.0,0.009673603400738143,133.56818699781294,hs-SNR,,,,,,,,,,,,,,,,,,,,
68,287.1510225173733,0.009458239424126186,797.0271310263607,141.76117394499852,70.84816613934458,0.7468082409681305,0.12912339427256625,0.11358335211316185,-0.18108239844774984,63297.74368839017,15588.580512560291,0.2809487163075154,-0.0017845617130011762,0.056949888169927874,895.0242611914477,True,False,True,1.0955841852667007e-05,759.9279955882454,2.477670751835236e-06,759.0691474807066,535.9346398234406,0.08271157548108476,5.37698717553374e-07,0.0036881193971692217,0.577948678813538,True,1.0,5.37698717553374e-07,0.08271157548108476,noneSNR,,,,,,,,,,,,,,,,,,,,
69,561.4101807352896,-0.0018668598842767753,883.5641462087062,-90.95704073923037,127.20233261036036,0.7476202840280278,0.12908270722323095,0.27184556813553185,0.10551391248174803,-31355.507968768597,99912.4072135314,0.2931732708163024,0.0855470441141743,0.11884418668787372,994.6456746598269,True,False,True,-3.0279680338322106e-05,782.669854079184,2.5242597218067287e-05,774.8510936419658,991.264684239395,0.6984419090626943,3.5292420145752838e-06,0.0017759233536924625,0.5788821233240218,True,1.0,3.5292420145752838e-06,0.6984419090626943,noneSNR,,,,,,,,,,,,,,,,,,,,
70,250.86096189708192,-0.00530502222715265,414.38050866492995,69.09586550727226,-59.23267949380226,0.8816247556365148,0.12908507284250692,0.1264873771292876,-0.16428628288428362,22351.501419766308,46338.68389688266,0.3365143089842713,0.004240797134941295,0.0757398629162481,774.0805268624417,True,False,True,-2.0986159518167706e-05,-831.4590543829124,-1.7922822995759946e-05,-829.2252140283601,873.0777348588077,0.058984358699490265,5.398953757930329e-07,0.0012130697408169946,0.5779498992727019,True,1.0,5.398953757930329e-07,0.058984358699490265,noneSNR,,,,,,,,,,,,,,,,,,,,
71,515.1449140603576,-0.004792825435245686,488.1653136013597,1.7396174360891337,902.0066889250107,0.8959589483403793,0.129121415405923,1.4808833648624202,0.006394944288055672,9437.817971302127,-87124.09967258284,0.3500142549048403,0.3712866652636143,0.12911451153465642,984.7776812686334,True,False,True,0.00013258196985399228,339.82170082174986,-7.182206573943791e-06,328.26021365679986,736.5476079456218,1.7917839484356364,8.839667079251014e-06,0.011359331978939407,0.5797727334332702,True,1.0,8.839667079251014e-06,1.7917839484356364,s-SNR,,,,,,,,,,,,,,,,,,,,
72,320.27696748647037,0.003881328393161465,463.0555331096968,-385.56763633083176,470.00178804520436,0.8441844761888397,0.12908489846708482,0.6878480785880666,0.8297000662888124,-81762.49741659881,-70237.94530812674,0.3617766247005429,0.3102453640284854,-0.121116498261656,729.2272625840559,True,False,True,-9.33939844706515e-06,378.50349456655715,1.8604549404956344e-05,373.6247469628029,504.60203643273974,0.013438885591199323,3.852114909813218e-06,0.0056195561604174575,0.5789505655873064,True,1.0,3.852114909813218e-06,0.013438885591199323,noneSNR,,,,,,,,,,,,,,,,,,,,
73,537.4872518963512,-0.0010581659933252274,-80.11597933873576,537.6284312837073,-356.6826943528852,0.9938380449828071,0.12907661983288932,8.887320741127807,6.695967910505015,-13759.451401901133,28023.640584448174,0.6749669696800424,3.3378248370327874,-1.1321579964397528,718.3408474003882,True,False,True,138.53382011276452,-77.80619040376922,-1.431500579354216e-06,-62.60866380757682,138.60863541575858,143.12745292537062,0.002971588091521855,0.20655983210286066,0.6201157133290003,True,1.0,0.002971588091521855,143.12745292537062,hs-SNR,,,,,,,,,,,,,,,,,,,,
74,412.04699712735237,0.0011937394990433061,-465.14938249150117,9.12809742170009,-132.19258764474716,0.8760275025107349,0.12907590785908776,0.5330764703073212,0.02123069703359281,5874.713708176236,53897.92333933221,0.3417800945068193,0.1368075670824291,0.12886452050584726,844.9439759985719,True,False,True,4.052995575951751e-06,-383.48095461511554,1.844389055574892e-05,-378.3309939948634,644.738511527341,0.0454863325826409,4.957460727946813e-06,0.002484131104208138,0.5791653634549371,True,1.0,4.957460727946813e-06,0.0454863325826409,noneSNR,,,,,,,,,,,,,,,,,,,,
75,184.64718476424324,0.013301231079355031,339.2448971269639,-341.57878096442926,51.98367721876252,0.9237889857318295,0.12910101631467552,0.09215104758203893,1.003942218427372,-50283.07324471123,-7118.825559020883,0.4042294383770824,0.1903614649667384,-2.6052682729860632,818.4619912645276,True,False,True,36.60461995337389,320.85104534858056,-0.0004837235986785537,317.6427418508725,153.86264833021357,0.26298367750848683,0.00014990120021321328,0.024653248290214445,0.5872600681573824,True,1.0,0.00014990120021321328,0.26298367750848683,noneSNR,,,,,,,,,,,,,,,,,,,,
76,372.5552570448258,0.001105269836025921,-335.0506070691933,386.8515287765245,-23.22072600109197,0.947670129814076,0.12907533701958865,0.4969961055921655,1.1562563360244948,-56890.972715787255,48062.131573100734,0.4217361664916821,0.3169584157354572,-0.5434292860316592,994.5693484332023,True,False,True,-3.0756603291528104e-05,-256.4552159000893,3.692651620297743e-05,-248.43640511823588,611.1987261590248,0.7986502045965835,4.87475807580908e-06,0.010787797052386206,0.5791501834688657,True,1.0,4.87475807580908e-06,0.7986502045965835,noneSNR,,,,,,,,,,,,,,,,,,,,
77,377.804429517796,0.002436700567374023,-58.51231633787734,296.8678088253653,-635.44915518884,0.9958266456907362,0.12908032053718835,3.819045937849028,5.095091934523892,-824.2811801188745,-23454.862676675664,0.6092548165194156,1.8039434735495723,-1.5702944869226851,638.4501552165227,True,False,True,114.21811778777521,-58.64574678773604,1.3176694123960482e-05,-58.155360305014845,135.94203435867414,3.125458188597776,0.002025573190983145,0.11386136116629825,0.6129121005305181,True,1.0,0.002025573190983145,3.125458188597776,h-SNR,,,,,,,,,,,,,,,,,,,,
78,509.05072381707055,-0.004273118679824162,-80.26314054042369,539.7324575388232,-491.3850303043658,0.9924317219897596,0.12911076964685606,7.355149883925378,6.671885833838749,-14003.9279432441,6347.322712449823,0.6732822905150093,2.950768443287803,-1.3839128016695932,648.6740495105607,True,False,True,170.6129742222387,-78.76908102103893,-1.2619819361812284e-05,-51.00230480437935,128.1292604721938,138.60748062511672,0.00550453856346675,0.3337691273279829,0.6346841877797346,True,1.0,0.00550453856346675,138.60748062511672,hs-SNR,,,,,,,,,,,,,,,,,,,,
79,413.8859961064941,0.0022508827791511143,656.5631149368057,-527.0016189816934,74.08159378438107,0.8136773946863254,0.12908060122354184,0.22689022348234114,0.8004996695511147,-165647.9290622966,49101.800083890026,0.3479136610776924,0.19013916746243767,-0.5769874160717443,919.000901552206,True,False,True,1.4074002408293252e-05,581.7710239820076,1.7038843623976756e-05,575.3783490107327,789.3377688758625,0.1941993863524658,2.411334446899741e-06,0.003561470244159868,0.5786167706789149,True,1.0,2.411334446899741e-06,0.1941993863524658,noneSNR,,,,,,,,,,,,,,,,,,,,
80,616.2192288494492,0.00025243658762766347,407.76195044405614,-80.7430422844269,44.968855583055976,0.7756330695442505,0.12907428741921975,1.1789915999651992,0.197099658185289,-8714.313572042316,177666.37306857327,0.3076527760220661,0.3275978430221813,0.12083668096428307,501.0798970537542,True,False,True,-1.1195054227669425e-05,235.07003535772736,1.261571647063066e-05,215.2291192885796,861.9270079084848,4.976413585722412,1.4355318854110306e-05,0.014234875423148784,0.5804355461754857,True,1.0,1.4355318854110306e-05,4.976413585722412,s-SNR,,,,,,,,,,,,,,,,,,,,
81,454.28148267811315,0.00725790467248362,-429.13080572662085,72.5946887129537,-445.1484992517746,0.9108401951213659,0.1291569693162505,1.0650411564994542,0.18226839724564886,-6541.181172788586,5500.927263268623,0.3640819483842862,0.2966383553324717,0.12135873343781507,946.9676453885547,True,False,True,3.9573777438862225e-06,-313.7614524467303,-7.865541209945923e-06,-304.38607016824136,684.5689107855877,0.5382383587104869,8.019882859769148e-06,0.009685069291222306,0.5796579034486294,True,1.0,8.019882859769148e-06,0.5382383587104869,noneSNR,,,,,,,,,,,,,,,,,,,,
82,273.15675145335166,-0.0014701298503886626,129.6663582351016,-426.28059089571764,293.3752049824748,0.9455129930491696,0.1290751473117036,0.387186700305334,3.290234301694035,-19790.479802317193,-31448.68412371748,0.5096308564780466,0.6451690586920059,-6.86086133004339,376.55747306539536,True,False,True,9.796065880144955e-05,271.6539741558757,-7.744624893680783e-05,246.71960951847907,677.6229906841146,4.404588768167969,7.779010533167816e-06,0.025075965412446576,0.5796230542019603,True,1.0,7.779010533167816e-06,4.404588768167969,s-SNR,,,,,,,,,,,,,,,,,,,,
83,470.9130867603403,-0.0014602693757521936,-444.8706645986329,66.60012472337962,-95.010965818753,0.8633434193027942,0.12907772149152724,0.6555737793528447,0.14695873595874018,-7262.1729704645595,87393.67146327242,0.3415040882361481,0.1883865674980012,0.12084185592048875,761.1243650384489,True,False,True,4.105898700246009e-06,-341.9830118382427,5.8623939049107534e-06,-333.6057240232425,720.9862327411004,0.002816153493881757,7.333789800343977e-06,0.0005971241018609349,0.5795571830086185,True,1.0,7.333789800343977e-06,0.002816153493881757,noneSNR,,,,,,,,,,,,,,,,,,,,
84,127.72516493049221,-0.031803083680210995,291.8689317668704,94.0346156924202,212.79555736284127,0.8622675856825861,0.12907965248355238,0.5175987869568975,-0.3218863171567326,21559.53265278132,-18006.54902893359,0.3215057256020415,0.07575197721310227,0.07903567837482214,496.924954748315,True,False,True,-5.669225729663953e-06,206.33115141452012,4.2310775625830125e-06,180.879551892269,309.4311845889592,4.8235739785480405,2.305736511470448e-05,0.040126510017199864,0.581257594963785,True,1.0,2.305736511470448e-05,4.8235739785480405,s-SNR,,,,,,,,,,,,,,,,,,,,
85,17.429782119167232,0.0021126198727573907,165.87379723787683,-54.18378098163498,135.28661443022494,0.9694759629991268,0.12907353114722972,0.233413180004286,0.3274504140207247,3340.80474688052,-15994.290592351445,0.3976529254448263,0.1129283640045256,0.01423021591501454,655.8711146869402,True,False,True,-3.2456883710925375e-05,389.99460401953553,-5.9336843301167784e-05,387.3967202925881,239.13339143883573,0.01158805304305588,6.326557419309853e-06,0.007665993618229775,0.5794003184999754,True,1.0,6.326557419309853e-06,0.01158805304305588,noneSNR,,,,,,,,,,,,,,,,,,,,
86,606.1409336056151,-0.003001517578080287,-701.377369460449,194.99928351867786,-604.1277469829203,0.7885290087086626,0.12910023690837052,0.7955387316448296,0.2719090838322477,-62062.599004670126,-32557.297490570185,0.3158256449197057,0.2442028635499153,0.10586612305271084,899.2822658115981,True,False,True,7.739550332038013e-06,-541.9735817023529,-3.485934027746935e-06,-526.0147674619478,995.2708508707716,0.8249375364709977,8.138472716909213e-06,0.012720231662213735,0.5796748678831848,True,1.0,8.138472716909213e-06,0.8249375364709977,s-SNR,,,,,,,,,,,,,,,,,,,,
87,463.8116156971639,-0.002565921614539751,-332.97383239048725,-215.8159151416137,-97.66232163632128,0.9261458267631246,0.1290849294555368,1.2053695033697325,-0.6543902860267352,43408.82286451074,100932.99193180645,0.3362142078297525,0.1922773281713106,0.04026846171493911,817.6310513332515,True,False,True,-1.1689649759843002e-05,-184.37701860986462,-1.3133231537203345e-05,-85.60429460541191,630.7868399639848,41.66964025533297,8.624379896616124e-05,0.07618751708410451,0.5848829199629301,True,1.0,8.624379896616124e-05,41.66964025533297,s-sym,,,,,,,,,,,,,,,,,,,,
88,377.73072034652563,-0.0035102106777206428,214.8058765685413,-811.3469571201123,412.8130571896563,0.9350675606160652,0.12908700749013755,1.2665335849837729,3.78554877263272,-79121.98601981191,-29979.289876507944,0.5253640202459621,0.9475581916847298,-2.6995745613550133,566.6439073270361,True,False,True,63.984098648604714,208.15948631571686,2.612035445568221e-05,204.93919065248195,145.88079484224494,0.6947929274381011,0.0005707249071104099,0.04648468088004578,0.5965241460283124,True,1.0,0.0005707249071104099,0.6947929274381011,noneSNR,,,,,,,,,,,,,,,,,,,,
89,207.14954681850662,-0.00806447681478814,-143.4200742143919,103.0649969051858,-816.4582313552527,0.9898679286434238,0.12908872176292627,3.3600091069337994,0.7123967893622649,369.80901495908165,-48172.111470635515,0.4236886713895066,0.958735074960494,0.09132772399908433,999.8295088835553,True,False,True,234.22525233427987,-142.48320807606228,-3.3981916250792627e-06,-1.2284312436398312,79.03416890262089,76.69185223033581,0.05354208698034448,0.8301788145664475,0.7343997452253489,False,1.0,0.05354208698034448,76.69185223033581,hs-SNR,,,,,,,,,,,,,,,,,,,,
90,225.34839933928174,-0.00019672348792754144,-74.75043005797102,125.77674345977152,-642.5286061586295,0.9967780879321806,0.1290741072565018,4.2787023651870735,1.682246772365686,3121.7726345142305,-24132.880034599795,0.4675237902009982,1.350050053357716,-0.03627708812928879,928.9459274948816,True,False,True,117.05374207203172,-62.60973532904902,-1.188422596925704e-05,-24.718173761498576,144.2791563021826,12.406077421479125,0.0016382663944511345,0.18344788159233186,0.6094405348612886,True,1.0,0.0016382663944511345,12.406077421479125,hs-SNR,,,,,,,,,,,,,,,,,,,,
91,344.4686724665129,0.0005383269744034802,-358.2651579207311,211.74630751362795,-548.2124950585794,0.9365019790890052,0.12907434228718148,1.1575474925280094,0.5916610676404597,-30066.545652979432,-47810.620054938714,0.39295018675009263,0.3879970510720789,0.053469924062203536,956.8066966600051,True,False,True,-1.039385229557619e-05,-261.59359796824026,5.863110442609643e-06,-255.50820339303883,518.1485602821868,0.05776490209393615,5.103203179410792e-06,0.008311349275238829,0.5791918083722761,True,1.0,5.103203179410792e-06,0.05776490209393615,noneSNR,,,,,,,,,,,,,,,,,,,,
92,288.0557046740198,-0.0012377811183481994,-635.0687120046896,515.7569694761887,-106.78444791750246,0.8065202542394138,0.12907494694504554,0.15642731550915878,0.8115948128678432,-156054.23595567286,-4742.560259409114,0.3454741360453619,0.17437263102193026,-0.9236282496322548,866.3568700156252,True,False,True,-1.6798928000725566e-06,-591.0646225291092,4.9017199443124005e-06,-589.1233496770435,535.7622248097573,0.007305427744654479,8.525727096984096e-07,0.004414847163268389,0.5781036878032643,True,1.0,8.525727096984096e-07,0.007305427744654479,noneSNR,,,,,,,,,,,,,,,,,,,,
93,595.6192265235406,0.004037982829638229,639.2205847670189,-116.91752432044348,751.8778933778316,0.8031082662948127,0.12911970678578252,1.0154468588961452,0.17420541255443864,-31319.1462862507,-65964.94067135785,0.31756561600916805,0.28289595014977603,0.12164823609842132,861.5891165576082,True,False,True,1.048656460025202e-05,473.4520130683782,2.2010102969355513e-05,457.88268637004387,933.7192533473219,1.9449987271634652,8.801651869871256e-06,0.012403440509790694,0.5797675298718248,True,1.0,8.801651869871256e-06,1.9449987271634652,s-SNR,,,,,,,,,,,,,,,,,,,,
94,503.7987630901967,-0.003229325862738608,-594.5099692126703,-405.8958180548477,-804.3226303197084,0.7095541826825233,0.12909458384059544,1.064786113869702,-0.6879947517684001,127550.95007319994,-101996.83108615609,0.2462491103825905,0.1515307365060255,0.01796034469733764,598.6468585139854,True,False,True,5.384856020786987e-06,-458.64340154444346,-2.6927560267724458e-05,-455.0603520018286,708.90488110662,0.16255658086959102,4.236976472103832e-06,0.0018062869204644415,0.5790284910016623,True,1.0,4.236976472103832e-06,0.16255658086959102,noneSNR,,,,,,,,,,,,,,,,,,,,
95,466.95713261274346,-0.004546440275046221,-348.2492834984397,176.4800205006345,-204.82717820680787,0.937611511955081,0.12910860624450876,1.129710631883019,0.4960309858385154,-23554.480143566303,65352.362586355965,0.3895025796152759,0.36509948894384064,0.07465954381030494,939.1340329027272,True,False,True,-1.1688603459655495e-05,-226.4875729522024,9.676749217322753e-06,-213.744615386587,694.3924000836406,0.5057168858368186,9.587745620292523e-06,0.014504602082910776,0.5798729346514545,True,1.0,9.587745620292523e-06,0.5057168858368186,s-SNR,,,,,,,,,,,,,,,,,,,,
96,204.16624033855052,-0.002675355844901833,205.4069070332322,110.7685787759758,147.13880262852604,0.8947433155171265,0.12907563326041901,1.045821434106836,-0.5378867501704699,19229.220192903616,13943.713748779737,0.3267687507841618,0.17180756683163068,0.059914171615668976,411.5413434028276,True,False,True,3.3519432107692036e-06,143.77719283833437,1.1862105368156498e-06,143.64342195336133,335.3493135100414,0.003687012706393489,3.157413161184677e-07,0.0018547214018086774,0.577808883340881,True,1.0,3.157413161184677e-07,0.003687012706393489,noneSNR,,,,,,,,,,,,,,,,,,,,
97,398.23978842898526,0.0012399155722402355,302.5287220463116,261.961690095449,398.4368638565532,0.9038094736062084,0.129075908858619,1.6682934314109064,-0.8682864926047714,47340.43443564978,32077.550993335186,0.31707872362793704,0.27235894241859804,0.0160979669922576,638.9481390239059,True,False,True,-2.01593719237866e-06,193.16868395333572,2.1207816251787183e-06,190.7719539476869,525.9918620148201,6.885730283556768e-05,4.037975655761885e-06,0.00014413024845742444,0.5789886628147457,True,1.0,4.037975655761885e-06,6.885730283556768e-05,noneSNR,,,,,,,,,,,,,,,,,,,,
98,438.9823435895665,0.0007068932744010575,688.9335672826574,137.06411351449492,325.7207438391522,0.7785596220995717,0.1290748258626711,0.4457530081780233,-0.1996890433803031,54862.71553112372,-12854.808392331854,0.2922572893268568,0.07815674481445531,0.10671058304514694,854.6860211140599,True,False,True,-1.0519804214223872e-05,600.9499220505354,0.0002668064023794024,596.4908920770898,719.2205044477919,0.16794871360036726,3.6907865427122564e-06,0.001966445611156608,0.5789167427392065,True,1.0,3.6907865427122564e-06,0.16794871360036726,noneSNR,,,,,,,,,,,,,,,,,,,,
99,361.7898339745971,-0.002463195037536781,-805.004795853441,-210.3887918899461,-81.63351560512866,0.7779182785927398,0.12907986384284856,0.1578063662550156,-0.2627832672086235,92042.0122404933,36504.908746609835,0.2893813230753147,-0.004345619637683353,0.019681480299111098,996.5982927268773,True,False,True,1.733855475178902e-05,-756.6022780267767,7.382304628302603e-06,-754.8356036503811,635.3544379456199,0.2167465475694144,1.1581978472294427e-06,0.00329172773846445,0.5782283106109174,True,1.0,1.1581978472294427e-06,0.2167465475694144,noneSNR,,,,,,,,,,,,,,,,,,,,
100,141.42860109864515,-0.012014756779708202,-100.38715200368848,54.72409689649726,-48.300156254265964,0.9886413815355122,0.12907928100001975,0.41323144957849256,0.543013833663174,5066.604852963507,-748.4918461743182,0.41601964413583054,0.19381016800515216,-0.04930986620207886,660.3526515925142,True,False,True,33.31799312532959,-73.65332150011483,1.5474381720764286e-05,-70.35923570760909,156.4198156417429,0.22138345338447607,0.00011791528773857617,0.022584068066871996,0.5861481763000183,True,1.0,0.00011791528773857617,0.22138345338447607,noneSNR,,,,,,,,,,,,,,,,,,,,
101,371.43781637653535,-0.006282612066083382,-599.3159180451406,-108.87369434181824,69.95401649726999,0.8372145512616763,0.12911392151707524,0.14135321903659456,-0.1868713534894728,39515.719963852505,92537.90171233132,0.3165041874862923,0.004193079177569847,0.0673521466650521,917.4974208835885,True,False,True,1.0917194580304826e-05,-551.058069882483,-2.364199765534147e-05,-548.9301278233515,621.3673223986459,0.09142209787694357,1.5578141742876963e-06,0.0019159688897348265,0.5783684585824946,True,1.0,1.5578141742876963e-06,0.09142209787694357,noneSNR,,,,,,,,,,,,,,,,,,,,
102,241.3934407876297,-0.0015128023039447658,64.62385400037368,-62.00639302963418,772.6233087846344,0.955076932436146,0.12907490068646893,9.472738389645064,0.9635497130284852,5828.7193669592225,-10246.616254407149,0.4172298236827411,2.5287762162493466,0.10457226978693493,208.26418088426757,True,False,True,23.928302887000065,43.32794007834064,0.0010881620408374742,43.01102046124183,159.4988410106759,0.038174390987734334,5.5864941725315126e-05,0.01331618316458618,0.5834206605653224,True,1.0,5.5864941725315126e-05,0.038174390987734334,h-SNR,,,,,,,,,,,,,,,,,,,,
103,313.40791270428934,-0.007988897231858916,405.2996160340873,-199.0245238228916,287.3685119486347,0.9202498285643876,0.12911756882906525,0.60817488888323,0.4976662391649239,-31962.910122969606,-16366.450218791086,0.3815112963683442,0.2349880954149615,0.027308167400411226,953.0973397409374,True,False,True,-2.2086136506854755e-05,338.0469248252436,-8.78102645022862e-05,334.568791062209,497.41027373582847,0.2699371220768967,3.4269074898093507e-06,0.0023708587728408477,0.5788597803590102,True,1.0,3.4269074898093507e-06,0.2699371220768967,noneSNR,,,,,,,,,,,,,,,,,,,,
104,118.56619376021874,0.010946684821665637,310.0953065614224,49.10637970028597,31.745048407462722,0.9526598232206102,0.12907252488090307,0.14923987593073038,-0.15813109107932866,15448.445049313896,4513.688506585631,0.3693391335855707,0.010954787136127818,0.08718452107161084,971.63871297489,True,False,True,-9.09256818901235e-06,174.93967292362996,7.105634292774519e-06,167.35318001670925,474.6056013862182,0.09614642457313494,1.78538027955173e-06,0.007087855504929883,0.5784402253205639,True,1.0,1.78538027955173e-06,0.09614642457313494,noneSNR,,,,,,,,,,,,,,,,,,,,
105,209.42089787621757,-0.00705416071525418,-78.32931074907731,111.07732556333963,-960.9512902476848,0.995454422981755,0.1290856751296609,6.205565792938058,1.4077627563369246,3442.4963261822463,-37509.2460339508,0.4554334780494306,1.786018574290669,0.04924621954026802,818.7103277568751,True,False,True,148.9684096042064,-66.26571624400174,4.798494483139724e-07,-12.475282495802956,136.7982936645041,15.791157013422445,0.002834598646000001,0.2760613794904308,0.6191585751325049,True,1.0,0.002834598646000001,15.791157013422445,hs-SNR,,,,,,,,,,,,,,,,,,,,
106,395.25923915945845,0.0014834037476965931,547.7895451312856,17.240820664154054,278.4025865740741,0.8677341480135732,0.12907664782005096,0.516022863383134,-0.03301971738029987,12314.080838504402,2291.838071230289,0.3359046221718003,0.12350242961573353,0.12854842425999072,956.3547767844352,True,False,True,2.1393570959419368e-06,470.0573637243038,-2.9873198899462034e-06,465.67916654145284,628.5209669841037,0.7315810390712159,4.202566191994928e-06,0.0015925393030632885,0.5790216722611913,True,1.0,4.202566191994928e-06,0.7315810390712159,noneSNR,,,,,,,,,,,,,,,,,,,,
107,184.5749646872781,-0.001225464611611951,139.89977324147586,-213.98919916848058,247.98389021991875,0.9253121087494559,0.12907432422938364,0.5723288639664644,1.530244703134915,-7138.338786856451,-23471.43726419107,0.4268494646403147,0.3981229998474353,-0.8937855203903315,341.3733280093888,True,False,True,-0.00011440848141861472,231.65995964940086,-1.8033293359409022e-05,231.3660908374388,268.4059236080257,0.01828547665854785,6.214043000685211e-07,0.0025610166489077072,0.5779935480565019,True,1.0,6.214043000685211e-07,0.01828547665854785,noneSNR,,,,,,,,,,,,,,,,,,,,
108,612.7867852958872,0.0011227202751691032,-443.9697898806303,-368.6582784869409,-357.1768179979214,0.7484837914243896,0.1290778377545411,1.4186276542491931,-0.8266716687684837,90024.83425440914,121160.83238190127,0.2546527444302512,0.2168783021008844,0.008647003437739567,501.09725670957187,True,False,True,-0.00016664319938578746,-277.2366036327799,-9.419502665165176e-06,-272.2696288017776,788.4602184357594,0.4407571693806176,5.657010277179318e-06,0.0016150104627255812,0.5792889942535938,True,1.0,5.657010277179318e-06,0.4407571693806176,noneSNR,,,,,,,,,,,,,,,,,,,,
109,404.537702209438,-0.003015587313885473,-70.48294509821642,299.4442482867678,-390.16780865364825,0.9973351899951061,0.12908519820456624,6.279427564321143,4.222744057405297,-2792.3153739242302,2915.552913219217,0.5736611203735575,2.2736475673145016,-0.5808349016652175,963.5329782999617,True,False,True,117.93527291738451,-65.13379332040083,5.6332631577524656e-05,-47.358397729070425,142.7400468096311,10.429388374277721,0.0020428135248359057,0.1595363241797296,0.613058003010538,True,1.0,0.0020428135248359057,10.429388374277721,hs-SNR,,,,,,,,,,,,,,,,,,,,
110,363.1734369720993,0.0061920286323197396,595.8129163562481,22.16176055996914,636.5209787302945,0.8069922617559115,0.12911086130167546,0.7215144611935921,-0.04210273855695385,13557.15635342507,-123263.52947812877,0.3101117594231886,0.17336149220557234,0.12849665303235586,814.1675278189242,True,False,True,1.831917053096632e-05,507.13042327564887,0.00015204439834147642,503.5279311967387,543.4527291364769,0.07479808044115542,4.615591680942631e-06,0.001921184158832821,0.5791017577513915,True,1.0,4.615591680942631e-06,0.07479808044115542,noneSNR,,,,,,,,,,,,,,,,,,,,
111,102.13632565588793,0.007595572416460222,-168.78371628662606,33.1506161488162,-62.70487149075007,0.9055177934346904,0.1290716139509997,0.2643764924982333,0.1954555389415804,5012.382523565495,-3080.9111253522274,0.3621718882335169,0.0986700462814884,0.09294617467504088,360.20191355576117,True,False,True,24.33672345359486,-139.46135287657742,-0.00014632403902306102,-139.92229646090559,161.73219044451236,0.061353826144227235,5.242025872295229e-05,0.014013650376312184,0.5832315136171169,True,1.0,5.242025872295229e-05,0.061353826144227235,h-SNR,,,,,,,,,,,,,,,,,,,,
112,333.1117364779555,0.001016241730386766,201.6331484190247,-667.0785877239211,223.15647822044411,0.8641214296618066,0.1290749080352943,0.6849105579054618,3.306426333789811,-59468.43954657755,-17209.206828718845,0.473483161137824,0.7222986951080006,-3.861393254045417,346.1976560178537,True,False,True,90.67989266900751,194.02020037887286,1.2682400454520821e-05,182.77829981235,142.96494449884753,3.125939801511379,0.001179727925214058,0.09656505178430068,0.6047060281030956,True,1.0,0.001179727925214058,3.125939801511379,hs-SNR,,,,,,,,,,,,,,,,,,,,
113,106.31944531517624,0.03526892405344484,136.53496021613353,-147.3614322136269,447.3113758656589,0.9859473743134312,0.12902954514510878,1.0640726780415384,1.0838481399923776,-2196.4960480654768,-41099.40775746857,0.4371996498798676,0.4466595261757809,-0.14696823555325966,805.8143475750401,True,False,True,-0.00010069560920272292,211.15581958115678,1.4599152083093095e-05,210.16221871705397,308.824366572175,0.119472751842693,1.8683406483720798e-06,0.001310996322021442,0.5784652367710367,True,1.0,1.8683406483720798e-06,0.119472751842693,noneSNR,,,,,,,,,,,,,,,,,,,,
114,383.8213064691671,0.0038452728709691686,-402.0792776005769,255.26556654213002,-550.3337521331341,0.8684293083054284,0.1290901557311421,1.0804681196087251,0.6399784013413002,-43080.33444337775,-46445.9423236334,0.3642546923811633,0.37678009679239793,0.03432281675317979,704.2522584511438,True,False,True,9.004842568784308e-06,-283.29946146039816,2.428342105984658e-06,-275.06039673864535,632.7995937787138,0.5688148017370622,4.6033804398663315e-06,0.010746565417843851,0.5790994428319357,True,1.0,4.6033804398663315e-06,0.5688148017370622,noneSNR,,,,,,,,,,,,,,,,,,,,
115,352.91726502360916,-0.007154621841629405,407.48980018605454,162.1898123918752,155.73090839778274,0.9054146999191108,0.12912007933238706,0.6024366063007076,-0.3902555954474165,41516.667232003616,36809.9702827828,0.3377448164753648,0.08556655233394082,0.06591864527892709,869.0758962694355,True,False,True,-1.918395746505049e-06,338.55683035408885,9.140590766405878e-06,335.7465335613215,536.6075301202627,0.24397117042292396,3.975210172140239e-06,0.000999078473703991,0.578975897587197,True,1.0,3.975210172140239e-06,0.24397117042292396,noneSNR,,,,,,,,,,,,,,,,,,,,
116,335.33719502475776,-0.0028785763483908646,470.5215776295095,-500.72163400845125,416.8340506475081,0.8821746356801119,0.12908071270919466,0.6240717503142676,1.066589675764482,-109709.73792584981,-57892.92100963645,0.38804109671619547,0.3337828835393139,-0.3266415403308235,881.4237681763929,True,False,True,-2.1286621916816954e-05,385.86584317558817,9.003615238689411e-06,379.42499730161023,556.6011911452172,1.0289098589063317,3.867483631459528e-06,0.008983334089736717,0.5789537503009892,True,1.0,3.867483631459528e-06,1.0289098589063317,noneSNR,,,,,,,,,,,,,,,,,,,,
117,320.82873144027604,0.0009797580907139614,-347.6122554015217,83.52380772340756,-860.6902293594234,0.7850323568572554,0.12907478717720608,1.6337883766842622,0.24127789798038804,-6632.7826856971615,-101738.54543267169,0.313161071578077,0.4486600771677969,0.12016680605727967,440.52751888729864,True,False,True,8.389316023724206e-05,-180.15378792077735,0.00011036727076908177,-180.8922020476131,574.8033812662652,0.023208525695849858,-2.5647634193059898e-09,,,False,1.0,-2.5647634193059898e-09,0.023208525695849858,noneSNR,,,,,,,,,,,,,,,,,,,,
118,469.43328161340247,-0.006759179313768972,-785.954397656588,398.58582320446226,-365.61378927667687,0.7784053790145892,0.12915124600125513,0.3985144522411998,0.499985248814206,-151015.32742358904,-41400.41988332145,0.32138855713300785,0.1829594878626676,-0.02767195553253804,974.5591155288197,True,False,True,-1.1210805065048095e-05,-682.7975815107869,0.0001535791253424223,-674.1499420914281,849.6210077172432,0.00626225389623869,4.0902196500281225e-06,0.0063422036714769646,0.5789992125040804,True,1.0,4.0902196500281225e-06,0.00626225389623869,noneSNR,,,,,,,,,,,,,,,,,,,,
119,618.8241227670829,-0.0032268315521253037,-836.9578936726099,-301.32699494296884,-607.9194230503284,0.7161229684653211,0.12910564324898366,0.6442938931228456,-0.36577818652184735,131910.13487875118,-57650.36255581948,0.2620215722557208,0.10011044219373684,0.07719079384434198,858.7206039362927,True,False,True,-3.417802027771817e-06,-694.1299872353308,-5.989759049664534e-06,-685.2802593002867,960.8089715211277,0.008784546392575976,6.308588820502753e-06,0.003210832084978677,0.5793974103619054,True,1.0,6.308588820502753e-06,0.008784546392575976,noneSNR,,,,,,,,,,,,,,,,,,,,
120,93.89546816680073,9.14793078112125e-05,145.35751621243287,-77.2382205183801,138.9449177436254,0.9547644525133406,0.12907409556892532,0.30547828193535137,0.531384690293914,2210.3605501977027,-13741.76709201693,0.3990733484045608,0.1649336855328235,-0.10201409119987832,466.7094478652271,True,False,True,223.60926945931172,141.52628094706762,4.15653853251515e-06,306.0732834786117,92.94455739223676,56.758595869898464,0.02284152763960315,0.7067926367754824,0.6871513771047726,False,1.0,0.02284152763960315,56.758595869898464,hs-SNR,,,,,,,,,,,,,,,,,,,,
121,456.7095611614815,0.0009361974960936104,98.70498351245816,-481.7142558531393,-103.475821336545,0.9893986367985544,0.12907549093786735,2.589649536202629,4.872910995480403,-15986.168010696285,35218.42173497609,0.5968046011507367,1.4595642166307243,-2.163248358092784,672.4633551735639,True,False,True,86.36684691232054,93.07561702149731,2.478311638454729e-05,88.06230228602575,144.42199852185038,1.644495371853509,0.0010617790463990427,0.07491301265625701,0.6033363390162476,True,1.0,0.0010617790463990427,1.644495371853509,noneSNR,,,,,,,,,,,,,,,,,,,,
122,546.1792093458831,-0.0014740386176805842,-356.0184716310009,-175.8799215073841,-223.35131809738323,0.84582764232733,0.12907916223843408,1.5495198511161388,-0.4987726450188502,38831.057046391965,116739.06542435,0.3071149696200942,0.30425118860922634,0.08894186563653758,564.4891202252352,True,False,True,0.00015346407176391373,-210.32765046725245,-0.0001921507643553091,-201.8518803661249,695.5757587099921,0.4514860690024989,1.0085374998317582e-05,0.006340993980658892,0.5799374272540164,True,1.0,1.0085374998317582e-05,0.4514860690024989,noneSNR,,,,,,,,,,,,,,,,,,,,
123,773.2414745347769,-0.0009221406708266322,482.64352606536903,273.2281590119451,369.58682355122323,0.8825972714342335,0.12907818018656206,1.7030597133625196,-0.5615890680702883,74286.18463265625,218477.11462371022,0.3203855133882177,0.3321667503289152,0.08278175867804012,906.0898342866427,True,False,True,-9.119579408156328e-05,287.9933216801276,4.032248710013632e-05,268.33768967342564,943.4559583463047,1.9063257971610028,1.7916686611610676e-05,0.011794839791420713,0.5807959851732768,True,1.0,1.7916686611610676e-05,1.9063257971610028,s-SNR,,,,,,,,,,,,,,,,,,,,
124,278.9363956609998,0.005918730125065941,-364.5992831408301,-11.734039654628873,-50.84699810796019,0.8780283938053922,0.12909205755596345,0.3660406706980658,-0.028085012391547957,10236.357841186538,30244.182969165297,0.34061076692252995,0.08682933227592513,0.12855334151688974,668.8733957559947,True,False,True,-5.362407012863473e-07,-313.80723854168633,5.862226840687528e-05,-312.3561153222066,459.10422820549974,0.2144113436661428,1.769676177015471e-06,0.00309875611331452,0.5784354256647052,True,1.0,1.769676177015471e-06,0.2144113436661428,noneSNR,,,,,,,,,,,,,,,,,,,,
125,518.7963531133662,-0.004889040484506155,-664.5485098559152,143.18338033228588,-453.1777755823861,0.8305088560557352,0.12912407869961384,0.6382933308519293,0.2078846193128969,-41422.02471401197,-19502.078412639632,0.3301616203966726,0.19422076926513185,0.11219768574749428,990.8582592300703,True,False,True,1.7963761622425006e-05,-546.8525970119637,1.800260991172553e-05,-536.4904236157505,840.0383416390354,1.7175450982265374,6.765071553459312e-06,0.008385241614305013,0.5794700470976384,True,1.0,6.765071553459312e-06,1.7175450982265374,s-SNR,,,,,,,,,,,,,,,,,,,,
126,276.4188488971424,-0.0039049432704561376,-401.3791745726858,494.6278185692231,-145.68896586112646,0.9264967133224832,0.12908173858553168,0.30270510841496456,1.2299196269541717,-91635.83880380489,-9781.90349710795,0.4148880422772741,0.2806628815961031,-1.1202383477915654,988.2372113276733,True,False,True,-1.5777483765133002e-06,-353.84716955072787,1.4695020595833122e-06,-351.5528096761357,442.6446217956057,0.006852844188870222,1.298388126251885e-06,0.002490919636361246,0.5782798912777255,True,1.0,1.298388126251885e-06,0.006852844188870222,noneSNR,,,,,,,,,,,,,,,,,,,,
127,272.0728886906752,0.005982129642193093,293.5493027972657,-162.82065275836555,33.992244948937014,0.8837274815626951,0.12909132804528875,0.38986174409442104,0.5498302002408014,-16281.328341308514,23470.01247003708,0.3672003030287072,0.1891038027304055,-0.06476793980815204,554.308881666755,True,False,True,-1.9589874377824273e-05,239.84346909207576,6.597521594142334e-06,238.06691162993081,436.8833222034917,0.07432063585196147,1.745266012234489e-06,0.0025151497934233296,0.5784279226109883,True,1.0,1.745266012234489e-06,0.07432063585196147,noneSNR,,,,,,,,,,,,,,,,,,,,
128,396.3249775689458,-0.00496086190847371,791.0937280348493,-137.19699025355476,231.59121300077663,0.7373913607368918,0.12910280608174615,0.2676642666207059,0.17702913436702994,-45315.175773263116,-15589.047551686392,0.2923656036072608,0.0964209223830148,0.0998317020132029,863.6199237448184,True,False,True,-2.2576437000287037e-06,716.8518640465984,-1.9134854271142388e-05,713.0230934758508,722.9148264016709,0.1586916743179927,2.167598419530521e-06,0.003168872369382545,0.578551125896511,True,1.0,2.167598419530521e-06,0.1586916743179927,noneSNR,,,,,,,,,,,,,,,,,,,,
129,445.8918537002215,-0.003589288565265525,447.0599151334316,320.58399114074285,677.9997821071443,0.8690496615990715,0.12909356164825514,1.3100423021006615,-0.7111207776495793,80081.97352970383,-41097.07440031684,0.30823005891550376,0.20899044591690225,0.032590425910947164,785.3198828419501,True,False,True,1.4516468309292712e-05,333.8374202081292,0.00014634620645310006,329.5923256441181,606.3953077795363,0.0027500984781454463,6.1866661692112475e-06,0.0018214778105762922,0.5793775669438417,True,1.0,6.1866661692112475e-06,0.0027500984781454463,noneSNR,,,,,,,,,,,,,,,,,,,,
130,221.36634287152745,-0.0022199956482141514,-490.9795741170983,-12.325167087465957,24.08175924075545,0.8866182256074716,0.12907545205875348,0.07869389761780587,-0.02571580396529804,10775.703565159016,30775.111211506544,0.3444906856044015,0.015387507076901797,0.12697458212601295,941.2098032242676,True,False,True,-1.4054772912488766e-05,767.0331136602589,-1.870178640503036e-05,766.2345283761971,548.0087585729909,0.04201317071238009,3.605921245478456e-07,0.0022539258251171148,0.5778403616302904,True,1.0,3.605921245478456e-07,0.04201317071238009,noneSNR,,,,,,,,,,,,,,,,,,,,
131,535.3430473538018,0.0019489206689691648,821.5861193647258,177.03285108451928,54.080671678916595,0.7110161528778892,0.1290825851530527,0.25003830291547363,-0.21808747866666525,79667.06860424505,124265.74471023065,0.266341788624144,0.02616166261775753,0.08152772276136774,830.7468849681272,True,False,True,-6.650582129443018e-06,729.173864387258,8.188428123101542e-06,723.8820805893837,916.3472290207327,0.14345647530296898,2.917116471143825e-06,0.002206340333955196,0.5787431248767965,True,1.0,2.917116471143825e-06,0.14345647530296898,noneSNR,,,,,,,,,,,,,,,,,,,,
132,402.6919933456513,-0.00145786091078684,729.1361586684745,49.07063390300164,472.29920985030253,0.7155569188302651,0.12907666467865106,0.4783039934516088,-0.06610982493221176,26029.78486595355,-90049.05621357236,0.2742906642340259,0.10855769420753357,0.12679228643155102,746.8829892569303,True,False,True,-1.2371685981881115e-05,635.5069467170165,-3.63705861073994e-05,631.4942077736922,675.8142706474123,0.0008962688353904014,3.377848796465105e-06,0.0026611994251457298,0.5788489506594198,True,1.0,3.377848796465105e-06,0.0008962688353904014,noneSNR,,,,,,,,,,,,,,,,,,,,
133,271.6707675554764,-0.006515906328611361,-71.03101391825089,180.33296367366367,-514.7584023510308,0.9956668342746996,0.1290944637943802,3.3121843943367497,2.5171232457717223,1365.7084045794302,-20509.21679254521,0.501766960268406,1.2475666395461409,-0.349132944471118,760.5283107823343,True,False,True,122.30201756708223,-63.86820710977102,-4.6545800879812315e-06,-28.435467729515572,141.2953342365971,18.311841497583217,0.001978682647828409,0.1996131565192227,0.612511877455584,True,1.0,0.001978682647828409,18.311841497583217,hs-SNR,,,,,,,,,,,,,,,,,,,,
134,453.43104530379935,0.006338291996622919,-541.2758637703548,265.1322670883435,-56.1421344469959,0.8639003614620397,0.1291370433127674,0.377390026500864,0.4988627347226975,-62603.83488356241,80452.98873038897,0.3564369094821337,0.17749129574566558,-0.03572159802604835,928.4157198689014,True,False,True,-1.3278963419132021e-05,-454.647522552501,2.734186150427558e-05,-446.88403236419055,766.6481311795427,0.9976771705486271,4.684983912066329e-06,0.005544985926726007,0.579114854706833,True,1.0,4.684983912066329e-06,0.9976771705486271,noneSNR,,,,,,,,,,,,,,,,,,,,
135,399.5030496638389,-0.00017887645745699732,-123.31637340769585,468.24782825422494,-608.9633431390249,0.9636645196019876,0.12907413403557913,3.9329934154170334,3.796278018677352,-21054.00452838232,-15312.108526404249,0.5393791262930219,1.6159613569671505,-0.7870046177492557,444.8847445176911,True,False,True,73.24853875235006,-114.98633463627142,-3.1263294774447055e-05,-109.9058722722997,147.92003242239775,1.195562137369194,0.0007293245181629089,0.05982542655875725,0.5989757934900181,True,1.0,0.0007293245181629089,1.195562137369194,noneSNR,,,,,,,,,,,,,,,,,,,,
136,270.99811337048334,0.006637415189951798,71.25224779638155,-111.97910243566092,89.97370817418164,0.993944200366032,0.12909509785171244,3.172993178271977,1.549720868483055,3780.139931692394,9035.385601941416,0.4606020020517114,1.0515351059818367,-0.060129605392040875,644.493177819749,True,False,True,53.8960322580212,53.500190847659816,-3.1375151772690915e-05,48.4832426199253,152.59145265473566,0.569365870627621,0.0003639856938603233,0.03869332661062965,0.5927162366582354,True,1.0,0.0003639856938603233,0.569365870627621,noneSNR,,,,,,,,,,,,,,,,,,,,
137,462.2410608563032,0.0026164001171200962,475.30307820781417,-244.27834199126994,583.6424917790167,0.8234092005482123,0.12908527776363665,1.052388132436214,0.50951484513058,-50728.79834476567,-39793.078630574855,0.3397745838945309,0.3480161739641502,0.06741473782523286,689.7000143901137,True,False,True,-3.9310952684624805e-06,330.19404259780464,-4.744605365379081e-05,318.6789935024569,779.7281576527591,2.8481497862209157,5.489302291949932e-06,0.01273716736729653,0.5792600884087801,True,1.0,5.489302291949932e-06,2.8481497862209157,s-SNR,,,,,,,,,,,,,,,,,,,,
138,460.35427734299736,0.0017705006114984575,313.8584139621613,262.2358317866988,234.86258974196903,0.9165953715868916,0.12907917130242869,1.578370509083665,-0.8400199487976063,48755.01769740756,81630.80911360793,0.3240770051670189,0.2545893024713152,0.0173130317431572,719.5337048796305,True,False,True,-9.249513686339197e-06,199.22371208612637,6.426130058047184e-05,195.0318414015456,574.7191617362422,0.1299130167152498,7.3396997961975636e-06,0.001583671788546758,0.5795580703498794,True,1.0,7.3396997961975636e-06,0.1299130167152498,noneSNR,,,,,,,,,,,,,,,,,,,,
139,110.78818542301512,0.03137251087131426,-171.26977077652487,51.18569966101882,-108.72764368136484,0.965904949506201,0.12904671632705994,0.3722979626653588,0.29635182236883034,3402.0249461316307,-7777.036698516167,0.3946159255444523,0.14246646106114474,0.07007217749761432,638.9813476311298,True,False,True,153.43709443885984,-154.16933949024695,5.750204500028726e-07,-18.707078819959573,138.00459946269672,26.458286117969426,0.0033209567897545308,0.3965463873668935,0.6224530346581509,True,1.0,0.0033209567897545308,26.458286117969426,hs-SNR,,,,,,,,,,,,,,,,,,,,
140,571.8954345653905,-0.002271149960119262,117.08461547397495,-792.7481961484878,8.517053081551921,0.989854023600492,0.12908734637771055,4.480988901007885,6.795264662194231,-38416.57400407821,61175.406020269584,0.6771339297018792,2.2527913356176756,-2.4471086032975737,815.6680554279718,True,False,True,87.76057665136999,113.67485435994743,4.0499207054681526e-06,110.59098415838623,144.11483338298103,1.4998547362493184,0.001056916437537151,0.07196715504269367,0.6032781967157538,True,1.0,0.001056916437537151,1.4998547362493184,noneSNR,,,,,,,,,,,,,,,,,,,,
141,93.89977159808572,0.009112164942744512,-456.3710693930963,-76.86752845024228,-99.24474714926815,0.7424665823755489,0.1290694179629238,0.14215580556480825,-0.16898598301646547,25305.846615154413,-15701.78179265021,0.2798092647539596,0.007374620888457815,0.07884941051654751,505.8199942271689,True,False,True,6.26113515060664e-06,-118.09294460329602,6.511834465300895e-05,-122.02132704033218,546.7473570758133,0.06646828602549704,3.783307399253343e-07,0.003048247751346918,0.577852266297322,True,1.0,3.783307399253343e-07,0.06646828602549704,noneSNR,,,,,,,,,,,,,,,,,,,,
142,548.351028345005,-0.004049729827651352,466.902244962949,130.8303482954693,398.807440055948,0.8451018863384798,0.12911265732469715,1.1362060583514828,-0.2701674109698631,39463.13678791883,61790.56714278716,0.3163501346905621,0.2390236127595602,0.11305253570026652,738.077204373514,True,False,True,2.443386757209769e-05,327.8673478291701,9.056107089686097e-06,317.8183682140299,779.763197199975,0.5805125773599684,9.374531893588415e-06,0.007835088344614851,0.5798447885779412,True,1.0,9.374531893588415e-06,0.5805125773599684,s-SNR,,,,,,,,,,,,,,,,,,,,
143,522.5050968508468,-0.0005516972251737028,905.780225897468,-238.83290592818287,142.20748244271817,0.7093174577474046,0.12907474220539902,0.2400114396955113,0.2643131448350719,-100080.08040716324,68125.03295339753,0.28583471468254806,0.10405505072972317,0.05630587895742752,911.4705588687964,True,False,True,-0.00017235687736971974,807.5488365975166,-3.346342327287017e-05,800.2695355482601,981.3419915187717,1.0757183347548107,2.797120409274393e-06,0.0017252307171923516,0.5787142106942198,True,1.0,2.797120409274393e-06,1.0757183347548107,noneSNR,,,,,,,,,,,,,,,,,,,,
144,427.21458705631517,-0.004653369083788952,-415.6819859173886,68.7929483616017,-474.1246233757122,0.9144187713225269,0.12910390113426548,1.0839018633518187,0.15790706195945511,-7127.928615452238,-10025.966033823082,0.3646733157309369,0.2972933094978639,0.12335277156715685,939.071383336401,True,False,True,2.065347887882141e-05,-306.8083027323552,-0.00012564204074542296,-298.76257179860704,637.4556142309884,0.053920093270903635,7.4265247428070286e-06,0.008472778270314226,0.5795710653589486,True,1.0,7.4265247428070286e-06,0.053920093270903635,noneSNR,,,,,,,,,,,,,,,,,,,,
145,613.3449979652441,0.0005329137508760795,656.9952645610826,375.08188779527933,620.3623848693594,0.8020825507955891,0.12907494067084252,0.9279312877432454,-0.5720928702924192,130780.95154590893,-7076.311412415369,0.28603585389133696,0.13663401022040814,0.04089754635229397,882.3724187479223,True,False,True,-1.1832792559627624e-05,515.1778607767742,2.394456374700729e-05,506.2509172584414,870.0435732396652,0.9829137132791176,8.429486696469483e-06,0.004434416809842281,0.5797159792109863,True,1.0,8.429486696469483e-06,0.9829137132791176,noneSNR,,,,,,,,,,,,,,,,,,,,
146,95.49503887318859,-0.0006550110142022059,-132.0830517818399,66.72678238660022,-191.71604970700628,0.9510736473943971,0.12907407293660372,0.548291128350859,0.5053195672270506,3418.1611439346025,-15753.00563918255,0.39622877104019305,0.22129270995888986,0.012645112198827038,406.5865341917721,True,False,True,169.75084812328302,-102.49095228112499,1.4709975220204487e-05,-9.610858962166011,128.62050408174468,8.330544975287054,0.0038485012166684118,0.2715188194814657,0.6257405158646647,True,1.0,0.0038485012166684118,8.330544975287054,hs-SNR,,,,,,,,,,,,,,,,,,,,
147,364.82983518958986,0.0032362381048265804,-588.3317214313438,445.1794520254216,-124.73518784476049,0.7925702819025068,0.12908424306128186,0.2651462066785131,0.7593052007184444,-122678.06966365335,18470.037540404723,0.3377232330780744,0.19283741845603566,-0.4145256345421445,764.6918552404389,True,False,True,0.00011454482864795403,-516.9802752360437,1.5061247595631259e-05,-512.1078193202792,693.2440658800257,0.9000815198883174,2.130521334347141e-06,0.0017770814365290913,0.5785408218516147,True,1.0,2.130521334347141e-06,0.9000815198883174,noneSNR,,,,,,,,,,,,,,,,,,,,
148,377.9559228380387,-0.0024369369505224114,-305.94695318494996,-48.27658807562705,-577.1535328454142,0.9223869473605742,0.1290803273535768,1.7318286914240515,-0.16190932795520174,15016.563810344056,-14597.796574336673,0.3549948437560215,0.4059722848634793,0.1252960860760303,730.5862496368788,True,False,True,-6.250406866831048e-06,-127.60031418821563,3.371397453108833e-06,-128.9955868735785,861.3924314989708,0.06025111617475432,-1.3494054090566715e-07,,,False,1.0,-1.3494054090566715e-07,0.06025111617475432,noneSNR,,,,,,,,,,,,,,,,,,,,
149,442.58034195740305,-0.00028665366800957603,-606.6766800040888,261.7971369498921,-591.5171641804942,0.7704259614104644,0.1290742182023385,0.7358360781340035,0.4311807289875016,-71653.00115667097,-88040.83161017588,0.3153934952248682,0.25582247436475114,0.0659090559553143,733.1417276436184,True,False,True,-2.6258093618171415e-06,-484.23176487495186,0.00013619236058957931,-475.03586526664213,740.8386501974115,1.6454296079531332,5.725962276638782e-06,0.00882943644584303,0.5793007538067383,True,1.0,5.725962276638782e-06,1.6454296079531332,noneSNR,,,,,,,,,,,,,,,,,,,,
150,588.1912667489038,-0.00030151636851191715,489.7807173968283,242.5496126193573,44.55946389376481,0.8278900727829326,0.12907434375557422,0.7978861284844624,-0.4943948705103065,67320.89822208497,169601.70081476172,0.2997893606717336,0.11707238703606453,0.052488763664347404,722.9301881880327,True,False,True,-2.1912996023462844e-05,-265.0529182078135,2.0094604603624904e-05,-260.5678946407404,956.318047880808,0.305600279042892,2.3061436147508946e-06,0.0020418266212641873,0.5785888681025133,True,1.0,2.3061436147508946e-06,0.305600279042892,noneSNR,,,,,,,,,,,,,,,,,,,,
151,368.69675969252836,-0.002871442940021465,-454.8024604172924,-178.41582280994842,-865.9756737687233,0.8848686252668055,0.12908227733204966,1.3093687500616638,-0.3953777224785687,48077.19768488309,-123104.6132608624,0.32831666980355284,0.2614459004356545,0.0992351575987854,863.9014724079823,True,False,True,-3.6108915580853683e-06,-358.99379102678375,-4.387984892520372e-06,-356.23194400060663,482.3743989626587,0.09474450405912194,5.102906906973585e-06,0.0018858175104614172,0.5791917550008038,True,1.0,5.102906906973585e-06,0.09474450405912194,noneSNR,,,,,,,,,,,,,,,,,,,,
152,293.73012563836585,-0.000521122039895891,-364.6556732505651,368.8826519163853,-295.7155630446506,0.8923456997672184,0.12907425426041955,0.6146069459774511,1.0111817241670251,-59461.07017462378,-26120.18636924989,0.390241392855841,0.32218202385553363,-0.2868372831788721,720.9417555878006,True,False,True,1.1540687155170118e-05,-293.1233131932088,-1.1542904914267587e-05,-289.3524361092776,474.85413444767715,0.010879676057470531,2.532320057188957e-06,0.0029163384063052643,0.5786481189885592,True,1.0,2.532320057188957e-06,0.010879676057470531,noneSNR,,,,,,,,,,,,,,,,,,,,
153,458.8561459563115,-0.001120780016841752,-357.67740170935616,9.310766641199166,-195.89888964809762,0.9011237954698516,0.12907611556701573,1.093651052878856,0.02355059189706134,6000.07603543528,69770.40969527152,0.35302683804846,0.2773378618692243,0.12894933143938153,743.4039554860727,True,False,True,9.592263826742153e-06,-244.1920568442401,-3.158572813481395e-06,-235.3494649467741,653.2368978504043,1.4455140487112883,9.288322570631498e-06,0.0087615444483231,0.579833317017994,True,1.0,9.288322570631498e-06,1.4455140487112883,noneSNR,,,,,,,,,,,,,,,,,,,,
154,677.2839603651099,0.0008379500308353105,-597.1637584190782,-219.51435295981892,423.0367420988498,0.7903639205939814,0.12907666228790424,0.304583631774642,-0.3650696484542171,73817.17599169983,361314.65453809686,0.2899973594479423,0.01530096653462431,0.019684828388327705,770.401068460541,True,False,True,-3.554714955284317e-06,-478.22812528867684,3.4061495568955553e-06,-468.34287408631945,962.3711606597102,0.4912545101509522,8.64002161490267e-06,0.004286097458722078,0.5797452787319624,True,1.0,8.64002161490267e-06,0.4912545101509522,noneSNR,,,,,,,,,,,,,,,,,,,,
155,170.52125278548456,0.0018766805479745465,128.89990417154218,-133.88936956838643,654.5551562887737,0.9440886127935868,0.12907448620680115,2.4666951371458032,1.0379138714269207,-811.9835600111038,-43411.56983787997,0.4151109635265623,0.7896594295242709,0.01989346214367807,369.1111732983068,True,False,True,241.62654555027115,128.32902418946327,7.758630276424959e-07,0.9294819436161492,61.16328673536953,102.38367887689544,0.13428089945539445,0.8995098457013211,0.7981280685473766,False,1.0,0.13428089945539445,102.38367887689544,hs-SNR,,,,,,,,,,,,,,,,,,,,
156,626.4733163282632,0.0034573982149496423,-444.20033168644136,-402.8556929436031,-666.5692431398118,0.9116847962673909,0.12911125182505884,1.8144712385188555,-0.8950106232453604,98475.6048322449,62291.22488739997,0.3195572904589947,0.3044493724221538,0.018742456950148482,985.5932265772324,True,False,True,-8.594163774372578e-06,-282.9970148540237,-4.3447784047918575e-05,-273.99035486738524,775.4929939175826,0.5689984159887445,1.0345369277396993e-05,0.005956881451165297,0.5799704869703398,True,1.0,1.0345369277396993e-05,0.5689984159887445,noneSNR,,,,,,,,,,,,,,,,,,,,
157,308.1243311752255,-0.007802057485849363,-617.6037074715748,599.889641485847,-272.30331173759987,0.8462799427586678,0.12911391031059102,0.30630876282996583,0.9672496208252152,-178196.7891686189,-51462.157658026736,0.3684079399806599,0.2377854608450273,-0.6344716792288969,981.0923690955237,True,False,True,-6.614391791288904e-06,-555.8334777150969,6.617564540472085e-06,-552.3022168293817,536.0000996937633,0.002602643670343241,1.9927307870812563e-06,0.0014745327600302785,0.5785017183011931,True,1.0,1.9927307870812563e-06,0.002602643670343241,noneSNR,,,,,,,,,,,,,,,,,,,,
158,504.5610825925748,-0.00614228531004886,690.4477797895278,-76.84258178732443,819.4435482803677,0.7860024884494494,0.12914845393044996,0.8568824854776171,0.1199271751827368,-16641.799035108612,-157029.90427902483,0.3085226524720976,0.2342084838998604,0.12495227546051245,877.8278738827647,True,False,True,-2.925989309057858e-05,558.2156906707071,-1.6562471091065356e-05,547.9615659608455,772.1691500567308,1.7168967961183623,8.100617871846408e-06,0.00861430778867223,0.5796694662633214,True,1.0,8.100617871846408e-06,1.7168967961183623,s-SNR,,,,,,,,,,,,,,,,,,,,
159,251.39505208667526,0.0023326756223336353,-251.6639649538823,-169.4691677026534,-149.72123269622944,0.8734143231159642,0.12907623041329758,0.9575104499133792,-0.6716044067249731,29205.217084013628,23018.504421889527,0.31176922512788124,0.12744354469084926,0.011309244378521792,451.36942980677725,True,False,True,7.143310887737578e-05,-184.21688784174455,-8.427946680233535e-05,-183.67388409313264,393.1105035336532,0.0020621849645863217,1.207932747337921e-06,0.002392905881848084,0.5782469502007975,True,1.0,1.207932747337921e-06,0.0020621849645863217,noneSNR,,,,,,,,,,,,,,,,,,,,
160,353.24423300962263,-0.0055127988740562295,-522.4806041069107,-13.863615226755543,-560.8154626777232,0.8396744859139018,0.12910145463595646,0.7667015520660228,-0.03121119565637777,10808.772992081964,-83858.17202940771,0.3240150533180665,0.18647352207377607,0.12878381515431078,807.8101705240188,True,False,True,-5.278905141117727e-06,-436.8867764051274,-1.4163143499900503e-05,-433.31254172127603,532.307919183306,0.2969807280688883,4.533817704639102e-06,0.002198160969795628,0.5790861964762548,True,1.0,4.533817704639102e-06,0.2969807280688883,noneSNR,,,,,,,,,,,,,,,,,,,,
161,516.06803173598,-0.00028950752949992437,63.90924488089435,-534.8047680486734,919.2814626434773,0.972755211714032,0.12907426935345134,8.747957843320856,8.372803388394933,-9256.300493929328,-22880.710176510907,0.7344685999177942,3.582456692229369,-1.874360070303392,268.15687387757913,True,False,True,205.23828094797824,63.47962261330268,-2.7041776343729514e-06,36.04274253749987,110.0058856895465,130.94784421340492,0.011576579764684644,0.4982448807192836,0.6583389833241768,True,1.0,0.011576579764684644,130.94784421340492,hs-SNR,,,,,,,,,,,,,,,,,,,,
162,378.21476182360936,-0.0010826798363075818,-75.48597045989995,195.12193250645961,-820.5826440034875,0.977358679605667,0.12907532789524126,11.113142909594039,2.5774549518165197,438.1992148049276,1156.739998249599,0.495240599335519,3.2078615527012637,-0.020371009713454458,348.67966049283723,True,False,True,25.639933019630924,-66.42650903106636,-0.00014358886495360418,-66.13583462022157,157.48076248268063,0.05678539907879099,7.181485979084651e-05,0.015337349461441097,0.5842279755445448,True,1.0,7.181485979084651e-05,0.05678539907879099,h-SNR,,,,,,,,,,,,,,,,,,,,
163,278.29451538278363,0.007035919495952142,547.963759205624,135.86088967597766,321.71582275481234,0.8533986417824412,0.12909933196690174,0.43502958736990427,-0.2511607070266056,44564.8329414408,-45762.44471587865,0.32065842888511464,0.06689727900470846,0.0928479466671783,897.1196442953772,True,False,True,1.564276071050646e-06,492.07233163374826,-0.00013516107704274243,490.7935617430281,456.4450446663224,0.07015839277028135,1.7795400278010455e-06,0.0020450564184679725,0.5784384428398941,True,1.0,1.7795400278010455e-06,0.07015839277028135,noneSNR,,,,,,,,,,,,,,,,,,,,
164,276.9788312250768,-0.007532451234452149,-268.988753108094,34.65786716144021,-804.134416374642,0.9582146815837244,0.1291026775129158,1.997872915473481,0.12189921462287245,2912.915773595645,-71957.62920268247,0.3836757986118041,0.5197847646388489,0.12724327264154142,901.0625364463588,True,False,True,2.1959687734033964e-06,-137.18341336665196,0.0001401118904184867,-137.54396941449636,464.32161111666215,0.0058386147350120154,-9.766381874759251e-09,,,False,1.0,-9.766381874759251e-09,0.0058386147350120154,noneSNR,,,,,,,,,,,,,,,,,,,,
165,170.02431514505216,-0.011597983079049287,-73.37349226696546,64.53812311768979,-655.1364921673032,0.989444533745855,0.12908880926218608,4.673244047371188,0.8710705957523338,5434.036447813267,-23168.458102490385,0.4300906160394052,1.313489444468186,0.08849794908599068,500.9864907841491,True,False,True,62.994262769381045,-34.94775601142453,3.8334677709506206e-05,-25.560291774840888,150.79194982960368,0.6939746649840117,0.00038672665551798933,0.04716272117014545,0.5931822311417104,True,1.0,0.00038672665551798933,0.6939746649840117,noneSNR,,,,,,,,,,,,,,,,,,,,
166,241.31383233651925,-0.0015261516877012329,418.4214374840863,-14.785113654951944,295.397374167057,0.8819953623255838,0.12907491421165052,0.5162370208353375,0.03596634432395448,4785.825963376546,-33200.503114587766,0.3450164914890263,0.13505364592949345,0.12844846847460512,783.1075596056551,True,False,True,1.9173784630527828e-05,365.74292272651064,1.2831796239305929e-05,364.85469412493586,389.37958545920645,0.1032000591844735,1.339439777988907e-06,0.0013388737023576984,0.5782944610778402,True,1.0,1.339439777988907e-06,0.1032000591844735,noneSNR,,,,,,,,,,,,,,,,,,,,
167,478.84854056168786,-0.0021569939119144843,278.0983526608192,114.63471054006529,94.03260801721376,0.9475726510807758,0.12908229560431014,1.7322387234368737,-0.4054785312394099,24024.385245509893,108022.75581751212,0.3566211731816523,0.3654799256526501,0.10535392071700486,824.6794099535635,True,False,True,-1.9283592417067176e-06,158.3862373648395,-1.6016409374519252e-05,149.845875013544,574.8701331052828,0.07221997103192734,1.3505971041379502e-05,0.006883950532337303,0.5803431248628855,True,1.0,1.3505971041379502e-05,0.07221997103192734,noneSNR,,,,,,,,,,,,,,,,,,,,
168,689.6968360453046,0.0007745111882893897,-106.80665500647963,980.5961223586355,-732.8169020702568,0.9715565714544531,0.12907637239210615,12.083957144940756,9.194589286749249,-44465.918357539216,59990.62656286073,0.7681280979400982,4.55342083402673,-1.6199465498589678,438.19842640845565,True,False,True,133.6982144605422,-105.25128241619804,-8.417259275429794e-06,-97.98468100553332,140.01996206429192,17.028220718182734,0.0024900599575355285,0.17455136911707728,0.6166344201808798,True,1.0,0.0024900599575355285,17.028220718182734,noneSNR,,,,,,,,,,,,,,,,,,,,
169,136.80617552464042,0.0003388777618742178,-332.2045507459907,172.85873776698102,-45.546271007799646,0.9126981589098468,0.12907409894714694,0.08189844169880063,0.5203509730816257,-20887.773906066624,-6091.992338353502,0.3789743042500741,0.1071997726049711,-0.6974530289522841,741.9896215074734,True,False,True,24.60867025557975,-315.94555426806164,0.0006427337170475728,-315.50536817652903,157.75310101647273,0.06718978733889003,6.116566325799563e-05,0.014755322683387072,0.5837005553327794,True,1.0,6.116566325799563e-05,0.06718978733889003,h-SNR,,,,,,,,,,,,,,,,,,,,
170,420.359483876811,0.007019563073194984,-528.6842779584405,586.1791563359616,-780.4165821008177,0.8689741074655656,0.12913955664857754,0.9940446030345068,1.1174361689643788,-145910.32973275473,-134488.25990222266,0.3844101004712755,0.4347505122526898,-0.18489655096118385,928.3741213299412,True,False,True,-2.6236175906286527e-05,-396.31482339520005,0.00019386334761166166,-381.24061413597366,692.5623146170673,4.240446959812743,6.4250344033491485e-06,0.019761141908503185,0.5794161834782587,True,1.0,6.4250344033491485e-06,4.240446959812743,s-SNR,,,,,,,,,,,,,,,,,,,,
171,392.2768582500008,0.006456598427942356,-477.70160278036326,-177.63601168914485,-210.17955523747207,0.8963354118257949,0.12912163056155518,0.5818355876138184,-0.3642670082628604,51120.9918619556,32601.073712614398,0.3347387978051312,0.08474772885964454,0.07210790704003807,965.7271966770024,True,False,True,-2.073932726611702e-06,-402.88251454753026,1.2594373507206289e-05,-399.21540402644456,595.690185137129,0.5190870105036538,4.538589553868023e-06,0.0008302255844778567,0.579087108388976,True,1.0,4.538589553868023e-06,0.5190870105036538,noneSNR,,,,,,,,,,,,,,,,,,,,
172,485.3062305053768,-0.0012610465938075052,683.8060727292948,156.39946088869897,305.2263836938148,0.7750768016959495,0.1290769802782793,0.4824403445684576,-0.227072062270501,61682.4326093446,16918.900435742198,0.2897646482550845,0.08276474243036422,0.10235775890496103,838.7875825812748,True,False,True,5.631611750880114e-06,584.8580316007992,2.2877284808075417e-05,579.2425364581134,783.7859513398877,0.7209141541808322,4.4291178262542985e-06,0.0013412943994221408,0.5790660655274903,True,1.0,4.4291178262542985e-06,0.7209141541808322,noneSNR,,,,,,,,,,,,,,,,,,,,
173,623.6946110991925,-0.0042675310293406035,-515.2616218810547,-257.2077263370927,-746.6150654402264,0.7901561151564029,0.1291301824768585,1.4855653636538697,-0.5117382901053175,72424.56322486482,9326.761421321182,0.2838308159758826,0.2861016258959145,0.08506007893799293,664.2737482061075,True,False,True,1.3418188724973807e-05,-334.89345145669836,-1.8644204059806036e-05,-325.1105920853874,861.2493874074253,0.3789082056221105,7.674418732134685e-06,0.006385657197319749,0.5796077534081323,True,1.0,7.674418732134685e-06,0.3789082056221105,noneSNR,,,,,,,,,,,,,,,,,,,,
174,322.6984369013779,-0.002292655351913614,-69.68367659910189,165.98581685585168,-168.17856915152882,0.9875701361084136,0.1290779326628163,4.495808199962821,2.37016506956226,2012.0259159801694,9753.131858255125,0.4916210195752101,1.5189795615844148,-0.18330652676649886,437.82906356622817,True,False,True,65.70192505393447,-56.62716421782665,-4.141864037671536e-06,-50.213702116888726,150.98679287211775,1.0379696698241787,0.0005601816296927117,0.0533488609162633,0.5963492915036307,True,1.0,0.0005601816296927117,1.0379696698241787,noneSNR,,,,,,,,,,,,,,,,,,,,
