,ms,theta,u,muhs,mu3,lamh,lams,lammix,muh2,mus2,Pih,Pis,lamh_tilde,th_bool,h_low_0,s_low_0,h_high_0,s_high_0,Tnuc_0,dT_0,alpha_0,num_FOPT,alpha_max,dT_max,tran_type,h_low_1,s_low_1,h_high_1,s_high_1,Tnuc_1,dT_1,alpha_1,h_low_2,s_low_2,h_high_2,s_high_2,Tnuc_2,dT_2,alpha_2,vwf_0,xi_J_0,v_calculable_0,vwf_1,xi_J_1,v_calculable_1,isEWSB,vwf_2,xi_J_2,v_calculable_2,vw,Lh,dh,h0,Ls,ds,shigh,slow,Type,alpha_p,vm,vp,xi_s,Tp/TN,Lam_CP,EDM_bool,d_eEDM,vel_converged,Tc,LT
0,146.18478282331378,-0.024711195904854728,132.21920134000592,-122.1255011395867,483.64433846945167,0.12910291494818496,1.6394088107498477,0.9280016370701406,-210.211440223039,-35155.456326105,0.4377196742640919,0.564519142199152,-0.00222293751123967,True,233.30655272986942,131.36422362847657,-2.6269912473161166e-06,1.935654683749778,79.73757096103131,75.79318642276189,0.042437746194573606,1.0,0.042437746194573606,75.79318642276189,hs-SNR,,,,,,,,,,,,,,,0.7899564745879584,0.7202569328203406,False,,,,,,,,0.7194520834438781,0.03956948008114301,0.0,214.9824230951574,0.039569461938516924,0.3957843988369328,3.5876156660246887,129.7870606555344,Detonation,0.016755545250438736,0.5773502691896258,0.4625894627590401,0.7195832491736349,1.261532114851428,,,,False,108.91424064380267,3.2539867481233467
1,395.49154985818603,0.1949254450859251,312.18501487248705,-938.3188384902934,70.5660414078361,0.17263746589177958,0.4210426446248475,2.6576258647380824,-152959.33515984,8457.298958027488,0.53155462588872,0.5481983052792256,-4.021103552442605,True,233.34871762304658,309.7388604612604,1.301612175869063e-06,246.06586897863158,80.37284339611433,118.96634038715432,0.04098465046667128,1.0,0.04098465046667128,118.96634038715432,hs-SNR,,,,,,,,,,,,,,,0.7612063185742434,0.7182166195927782,False,,,,True,,,,0.7140463916577561,0.03406521187067911,0.0,213.85230824454487,0.0340652012820653,0.011128335238231455,246.198584730471,305.8917112067088,Hybrid,0.016631464795932065,0.5773502691896258,0.4630459066864084,0.7147332302740077,1.2529181013429633,,,,True,104.8757947460105,3.343157079748377
2,151.20952027952413,-0.018640940046159737,127.12898693281984,-122.51421393238495,601.6126319914765,0.1290947795651905,2.1698460459689595,0.9679972163960694,72.17856436188504,-41283.596997419154,0.4393820890445083,0.7037943808915847,0.021135667363280014,True,233.345612136058,126.09931201736872,1.6336583143975876e-06,2.029963690616309,79.71343836570018,65.58972414634596,0.03999886719225838,1.0,0.03999886719225838,65.58972414634596,hs-SNR,,,,,,,,,,,,,,,0.7760070138885693,0.7168033672089829,False,,,,,,,,0.7165020313755702,0.040889066574109095,0.0,215.61828585952335,0.04088904795240956,0.4738332279055842,3.5327283810199535,124.26585670227271,Detonation,0.016117797168879046,0.5773502691896258,0.46495164243392134,0.7165514704446938,1.2551207266089557,,,,False,106.51251924390013,3.294892342199684
3,823.9806356547361,0.2387775265024717,197.65146469110016,-563.2280902863453,137.12076447421043,0.4351429206760803,7.4563147792277515,-0.2828056664260106,-90470.96997743667,169252.4492756923,0.5402893728156998,1.8169444170692688,0.43246133307782497,True,234.705586892808,194.9509965980233,-2.2503108059422197e-05,153.3559187018494,78.40664894086459,115.80511489235344,0.03882297737415205,1.0,0.03882297737415205,115.80511489235344,hs-SNR,,,,,,,,,,,,,,,0.7497420414768622,0.7150853791050583,False,,,,True,,,,0.7074683447713789,0.034440525073639754,0.0,218.61890955919247,0.029594762463445026,0.3263175503658701,153.88496452257016,191.28105068915409,Hybrid,0.016307599038642588,0.5773502691896258,0.46424439544627166,0.7087484828365982,1.2421517669472868,,,,True,102.63796799294832,3.764235613692108
4,863.2485359676152,0.2446158276509263,207.14973892763282,-561.3949132742401,147.28176131063896,0.4820448874260715,7.582922542184358,-0.6511713093900451,-101045.13951066128,193010.96371217526,0.5483917877338607,1.7872020839810818,0.4680653145168842,True,234.5902411901497,204.35375430494514,-4.327131783682936e-05,163.29823601201142,78.64644825937515,115.38382725898413,0.03791905351858647,1.0,0.03791905351858647,115.38382725898413,hs-SNR,,,,,,,,,,,,,,,0.7448580480929043,0.7137399665451923,False,,,,True,,,,0.7014625032756275,0.03539507866569106,0.0,219.07783813538828,0.030306320651391376,0.34854023365401576,163.7548047434285,200.72964268520258,Hybrid,0.01637263272695278,0.5773502691896258,0.46400289892674396,0.7035796430360977,1.233629520278903,,,,True,102.2940484379834,3.7907445252072525
5,892.4840403229259,0.2222712351440688,194.45957946687776,-584.0635200133602,142.2865328119443,0.4421005378364586,9.192505458515676,-0.5036001064111207,-96300.7701331221,213650.1712664729,0.5345684130631762,2.214193013560399,0.4352032597134863,True,234.1854139010095,191.83690894413053,-8.61715722625968e-06,153.40388134312587,79.26104415304283,116.43085443225048,0.03700650773315214,1.0,0.03700650773315214,116.43085443225048,hs-SNR,,,,,,,,,,,,,,,0.7422749529623254,0.7123590005997079,False,,,,True,,,,0.608490487362593,0.09709280932880365,0.0,226.38606491076578,0.09866122901960218,0.23562441786733057,153.74196575374305,190.17695800438446,Detonation,0.02232665891876478,0.5773502691896258,0.44342223619941484,0.634280178429603,1.1346544323061671,,,,False,103.4766430230128,3.8478965650875088
6,946.3190985366252,0.2339030515392675,211.98276216451615,-588.5066116968022,146.1067069747204,0.5189717946211968,8.846736805915228,-1.024900738818689,-116323.89652890574,251370.17294858352,0.5512831817718966,2.0408674116756917,0.4892879250917917,True,234.23405394424304,209.23068586162015,2.0942863478176165e-06,171.0894276510778,79.21132885523552,115.3639614009371,0.03640602517012688,1.0,0.03640602517012688,115.3639614009371,hs-SNR,,,,,,,,,,,,,,,0.7371717952335807,0.7114374168281279,False,,,,True,,,,0.6959689159509137,0.03619659586632084,0.0,219.01344118056323,0.030898275270687434,0.3652085967470425,171.5283333537389,205.84121754038028,Hybrid,0.01615638204128962,0.5773502691896258,0.4648075702866714,0.6986925870973253,1.2252008292463406,,,,True,102.44227956599856,3.857052579256062
7,144.70431448646357,0.16860337237269918,-123.46912400027028,124.70689819544857,-782.9764360185782,0.13030326956841326,2.8486333838803644,1.0388230709744413,419.04209982363676,-52374.277762070036,0.4429374113202185,0.8852955244658313,0.03559527916015272,True,234.0533722688744,-122.59253846860615,-7.5413217946529635e-06,-2.7577071841209806,78.62730952598427,51.27858264819669,0.03591739663450845,1.0,0.03591739663450845,51.27858264819669,hs-SNR,,,,,,,,,,,,,,,0.7414919752839412,0.7106797526891769,False,,,,,,,,0.5561194949752991,0.13115949163700996,0.0,229.0557967564758,0.13115946402112613,0.9999999999999997,-3.1473574389569414,-122.18418066004745,Detonation,0.02533186306424174,0.5561194949752991,0.4326403250787644,0.6035630660022042,1.0912137786057832,,,,False,100.27955198137802,3.4375700169979675
8,784.8157768549391,-0.22087094497828952,-214.2370425835463,699.578891792812,-573.7076970070408,0.3667347226290471,6.656868767454664,0.8326879506126222,-108537.14104803107,108894.215018665,0.5525641745021262,1.8029985169657696,0.3406951067331576,True,233.39729651741158,-211.45524166883519,5.6742955690739626e-05,-172.21493092679898,80.36021086943255,115.53723110481084,0.034867305270928364,1.0,0.034867305270928364,115.53723110481084,hs-SNR,,,,,,,,,,,,,,,0.7313837865688112,0.7090272461594866,False,,,,True,,,,0.6996650099469338,0.05253312220433287,0.0,216.68495387012575,0.05253311596848661,0.25442860541808343,-172.66695619632316,-207.90037582940784,Hybrid,0.015335030086835774,0.5773502691896258,0.4679079972032135,0.7012778466861171,1.2279577882160044,,,,True,102.79776733656428,3.817214775039838
9,826.2188879926456,0.2432158388656304,207.6585432815248,-589.869083246136,146.21633584428272,0.4481666508242213,6.820493945195548,-0.20879306863694952,-99827.77871036279,171332.96633041013,0.5498850961309812,1.6703246415260615,0.4465687260309025,True,233.3206161524524,204.57619443557329,1.1351034410898746e-05,163.68605411576598,80.70500244682412,115.4153187758017,0.03411397974067505,1.0,0.03411397974067505,115.4153187758017,hs-SNR,,,,,,,,,,,,,,,0.7273698201819505,0.7078206888270312,False,,,,True,,,,0.683989674241836,0.03613033619989684,0.0,218.37777226583236,0.030924758916855602,0.3444594082155817,164.07789601688881,201.10850817519454,Hybrid,0.016006191660495266,0.5773502691896258,0.4653692238771872,0.6883726390964192,1.2082619210035417,,,,True,102.73099894246377,3.841655758362495
10,156.93796574292716,0.2295048674474465,-161.49221813220967,94.44030006322214,-582.8728794723048,0.13290863385541085,1.9281350054106188,0.6348436019071579,1083.0858077334342,-42327.433316044415,0.4274076155859137,0.587841018337181,0.08065264584737393,True,231.10829655832612,-160.98112630643254,-2.384903476540874e-05,-2.0295677799205065,84.67163791649796,65.86097565998003,0.03268849472261553,1.0,0.03268849472261553,65.86097565998003,hs-SNR,,,,,,,,,,,,,,,0.7517596605322485,0.7054870657712367,False,,,,,,,,0.5638198134850847,0.09966436983656546,0.0,224.93431253286533,0.09966433847217128,0.9999999999999996,-2.5281554891008597,-160.73694995305763,Detonation,0.022937201500797873,0.5638198134850847,0.44088869831061467,0.6059699100156608,1.0926062568459907,,,,False,109.71501631455583,2.8129148338825183
11,157.2247447029012,0.1712122845109601,-123.96855970089331,124.70339309536483,-1013.0434563906053,0.13124641917481744,3.889684943592944,1.0558301750764587,609.2348198207146,-64295.658327521465,0.4441176154610047,1.1483929317443122,0.05959682706336394,True,234.57562128394832,-123.1772214383423,29.584361022132892,-3.953962970190452,78.13571947195295,50.040092907761604,0.03211131748371015,1.0,0.03211131748371015,50.040092907761604,hs-SNR,,,,,,,,,,,,,,,0.7067505542708016,0.7045225869445125,False,,,,,,,,0.530061832379962,0.1252443445190482,0.0,230.89135524489592,0.12524432202000416,0.9999999999999999,-3.4133877880120416,-122.8978276341814,Detonation,0.02444465938415033,0.530061832379962,0.4299035926228778,0.591237824011277,1.0705795142055339,,,,False,95.66063033004203,3.262019170493584
12,191.34555824968533,0.20721556078225226,-136.66784713896325,132.4689224901436,-898.7724429999378,0.13639426930089266,3.458138787035464,1.0947267231984878,386.9276493386442,-54439.78150580513,0.4483122300291268,1.0469891506252806,0.049756147446313584,True,226.88427433272813,-137.4874758984023,-2.608666246462694e-06,-2.3015172631890755,90.714766234548,89.35997777449451,0.031651382246110187,1.0,0.031651382246110187,89.35997777449451,hs-SNR,,,,,,,,,,,,,,,0.7824167715696096,0.7037456217155471,False,,,,,,,,0.7034212336824921,0.03134583044221452,0.0,204.44797755018416,0.03134580835714972,0.36225895787857637,-4.096088215059555,-138.16627237278095,Detonation,0.01387845930198933,0.5773502691896258,0.47359256690509793,0.7034745251452559,1.228826887942393,,,,False,124.65005003972763,2.6580306186655376
13,854.703194428791,0.2365750968036448,200.406850513218,-558.3874803509883,136.47846863777673,0.4529970491468841,7.894795729744346,-0.5149052951381659,-94786.56026239447,189677.28807676907,0.5395456191880953,1.887881383246392,0.4446014087770379,True,231.9104628107648,197.08620662587228,1.3974850141612119e-05,157.52610106905175,82.95160949945551,116.306388901945,0.030599987681777945,1.0,0.030599987681777945,116.306388901945,hs-SNR,,,,,,,,,,,,,,,0.7094234468149572,0.7019405749376976,False,,,,True,,,,0.6714216993711734,0.03580258803811775,0.0,217.189064659907,0.03068772224493833,0.34164645351361445,157.95806062445635,193.77660005550183,Hybrid,0.015281494786913027,0.5773502691896258,0.46811259247081083,0.677281023115708,1.1895668614870287,,,,True,104.02210850720296,3.9427570540044266
14,153.8043833793607,-0.021337671407344903,111.9435861722207,-152.838749216287,511.19242521754893,0.12910416797061436,1.5759582512806558,1.3715176167530216,-690.2459019933885,-37287.95198530739,0.4562001332620933,0.6225758322790009,-0.16929532508944922,True,228.29740346724384,111.97895273673342,1.4396620625284028e-06,2.3573983074136744,86.48671986670702,92.44504697997006,0.030198099644475007,1.0,0.030198099644475007,92.44504697997006,hs-SNR,,,,,,,,,,,,,,,0.7474013503751706,0.7012396383873152,False,,,,,,,,0.7009366455396213,0.036827410948112434,0.0,207.3119717081653,0.0368273913840116,0.3478668700302539,4.104946936913903,111.99499509281273,Detonation,0.013458171208848766,0.5773502691896258,0.4752813036630382,0.700988590482401,1.2239094695490722,,,,False,112.14361015340307,3.420671091385746
15,800.3570174251378,-0.22023782286575724,-216.25429045851,693.5031012789402,-609.5667490697879,0.37509479782792654,6.900069087048628,0.7046370387093898,-110760.36094464909,115030.39722203734,0.5514087574389314,1.8424567782137224,0.3571053635897575,True,231.24833570141698,-213.0179321968536,-8.01091965886469e-06,-175.0471655931007,83.64984253482831,115.92639073006654,0.02944191998644701,1.0,0.02944191998644701,115.92639073006654,hs-SNR,,,,,,,,,,,,,,,0.7015627165526365,0.6999037170311935,False,,,,True,,,,0.6760381093981542,0.06027117948392629,0.0,215.32852932110436,0.060271173161971496,0.2637211601167356,-175.44323454529874,-209.64763000134337,Hybrid,0.014520652404313921,0.5773502691896258,0.4710553029343836,0.6805275386004204,1.1932872194675268,,,,True,103.8650050720153,3.9547041750353658
16,805.1368765169432,-0.21275033809222565,-207.89755083799642,689.0185846431477,-601.5846155799742,0.3617223491861344,7.457705533636791,0.763426116407739,-104821.5090133458,119956.91901188035,0.5471720780221333,1.9916640694771544,0.3421848576418287,True,230.8236520669509,-204.6842468655909,8.077912791756474e-06,-167.42341673619708,84.26651378111892,116.4828989640036,0.028722144929946486,1.0,0.028722144929946486,116.4828989640036,hs-SNR,,,,,,,,,,,,,,,0.6980041749904735,0.6986107408350395,True,,,,True,,,,0.6745823982832401,0.056935788406354784,0.0,214.7505117717319,0.05693578182425866,0.2548120442610426,-167.86933135634672,-201.4011237660495,Hybrid,0.014289893284419857,0.5773502691896258,0.4719611940617514,0.6791222774877431,1.1906852421575314,,,,True,104.49271421709588,3.9795986748128342
17,421.2351055993957,0.2070660732877416,299.4548937696917,-902.9529229439778,68.77846761099046,0.1854835163276652,0.5565238459612517,2.573792735676606,-143750.53378964454,15927.720102917336,0.5344846040624347,0.5680964174364139,-2.790313969393592,True,228.7332544362397,295.8823228387522,8.15338105484335e-06,239.6902744562577,87.00880567030077,118.40488218779076,0.028261693431178382,1.0,0.028261693431178382,118.40488218779076,hs-SNR,,,,,,,,,,,,,,,0.6949143839734722,0.6977722996320882,True,,,,True,,,,0.658661409538838,0.0369522106028773,0.0,212.0502518763026,0.036952199337930126,0.08303204720210941,239.72373921304217,292.399871237559,Hybrid,0.014951960362353878,0.5773502691896258,0.469379001787244,0.6665317442152134,1.172532842654293,111.25333888920628,False,4.254126671130657e-14,True,106.06149728098495,3.643412281121337
18,174.54307116662704,0.2009225480852468,-164.06831936080025,92.8249333488508,-667.1698587593603,0.13394245119418638,2.2696289356277526,0.6375076395052126,1469.5629606669636,-46192.45909383293,0.4280355258218872,0.6736585071578071,0.089175663102998,True,226.67827712394023,-163.9813231823068,-0.00010655260686063362,-2.209911521755396,91.23057381352731,70.9096403346132,0.02735558390849888,1.0,0.02735558390849888,70.9096403346132,hs-SNR,,,,,,,,,,,,,,,0.7452661576075406,0.6960956260720488,False,,,,,,,,0.6702686869962838,0.05483632793858074,0.0,209.6871469219324,0.054836289285014723,0.9999999999999991,-3.556695573029529,-163.72951496582618,Hybrid,0.013921241210372075,0.5773502691896258,0.47342194507178753,0.6752184671382626,1.1839796228105564,,,,True,118.09215683184715,2.619140289090625
19,790.6646437731963,-0.2140925172249786,-221.17524779118682,753.3298913840927,-605.5212925431317,0.3560225513124628,6.422283686573343,1.0822250000191762,-118567.41127218615,109813.9808939146,0.5576054659024406,1.7859417549798655,0.31043086586904794,True,229.6195448478064,-217.68603447206038,6.119550503913733e-05,-181.04507314905965,85.81517321229703,116.01787726657636,0.02639949847716573,1.0,0.02639949847716573,116.01787726657636,hs-SNR,,,,,,,,,,,,,,,0.6806243491919269,0.6942863791561499,True,,,,True,,,,0.6584411408493698,0.0607806648840095,0.0,214.45317422519503,0.060780658101900434,0.2657589729372052,-181.37156836210914,-214.565662397123,Hybrid,0.01410236242810603,0.5773502691896258,0.4727021579041204,0.6656328941385343,1.1697048648256338,,,,True,104.45189976385228,4.045760950485948
20,761.1852642696088,-0.2126486345227109,-217.4511376375902,732.5946491134407,-663.6069326329987,0.3362092513138456,6.307381730955776,1.1966499580414436,-110632.60939220696,88104.30858792471,0.5524665224873929,1.7762870924125176,0.2794515036793292,True,229.1670825682245,-213.8897444212028,5.124283927246822e-05,-176.55765847761643,86.4481344677288,116.46624956951142,0.02585229278615681,1.0,0.02585229278615681,116.46624956951142,hs-SNR,,,,,,,,,,,,,,,0.6774865009484621,0.6932314964407684,True,,,,True,,,,0.6554543857048903,0.05475043302383873,0.0,214.00757651843574,0.05475042585927975,0.25240173568971264,-176.89747972698478,-210.79015747747795,Hybrid,0.013998598751795748,0.5773502691896258,0.47311401746547616,0.6631193792076794,1.1657451785575,,,,True,104.9496604975456,4.043810671628621
21,680.1664302253051,-0.14091465954224575,-197.73047896479468,1058.2236094244083,-618.5270343881514,0.2018046264634781,5.293343460064643,4.0750659094529125,-117348.66331864707,45958.277141151935,0.6051982080376873,2.002513516591647,-0.5824899451843678,True,228.07870308693526,-195.17337644907641,3.9763276312205055e-05,-161.28133281271715,87.89764057995058,119.58031859660124,0.02556076289447574,1.0,0.02556076289447574,119.58031859660124,hs-SNR,,,,,,,,,,,,,,,0.6815343633154662,0.6926635347302897,True,,,,True,,,,0.661291885730842,0.040571214109804354,0.0,211.31560803334625,0.04057120261407021,0.13383962236269903,-161.73808666582784,-192.8154632007289,Hybrid,0.0135675960569841,0.5773502691896258,0.47483940753210674,0.6675014726711102,1.1715685930398962,,,,True,107.52153292827361,3.908795726921542
22,908.14262567814,0.21472591560170906,191.31311947834217,-569.8154319208587,142.0747051826929,0.4320910323287112,9.902827369633732,-0.5976445309327196,-93759.31883966082,226888.4496940367,0.5256451426209023,2.376099420586313,0.4230739361999568,True,228.62401165750492,187.62172471572342,-2.8894225058016045e-05,152.0560590465576,87.48884177727753,117.88345770327557,0.02464361572793149,1.0,0.02464361572793149,117.88345770327557,hs-SNR,,,,,,,,,,,,,,,0.6703939607105016,0.6908487612231639,True,,,,True,,,,0.6467837255291925,0.0372617431938667,0.0,214.40110588438228,0.03195347036345068,0.3365233293348695,152.53105625611795,184.7452839693629,Hybrid,0.013849973830744561,0.5773502691896258,0.473706301126625,0.6560351626962557,1.1549537255498723,,,,True,106.50150933959237,4.177667550481519
23,640.8402351676326,-0.13508581858378954,-191.3157399792809,990.9112046064296,-718.1553130792067,0.1881756323205961,5.2447127725685325,4.0602658851090805,-103864.40776458444,20651.5521919218,0.5977670432852532,1.9878891739936464,-0.5976519130888609,True,226.6866341942447,-188.66204739041385,-2.737178122896321e-05,-152.89557030000583,89.74553911364309,120.9121002839436,0.02412471370329447,1.0,0.02412471370329447,120.9121002839436,hs-SNR,,,,,,,,,,,,,,,0.6716373874533965,0.6898025292215952,True,,,,True,,,,0.6553318952896798,0.038995275808870425,0.0,209.67398247466096,0.0389952635785247,0.08958598111233661,-153.39045263484627,-186.33675456634555,Hybrid,0.013184080861523312,0.5773502691896258,0.47639521980467897,0.6623028665185011,1.1630624910245881,,,,True,108.93231617690451,3.8946311864269183
24,857.3773339044509,0.23196530992496084,207.52665057897994,-605.6721425052663,142.0224470845895,0.4427174728533183,7.408104296637979,-0.23189292436223616,-103851.54169927492,194093.2155569719,0.5461980131569761,1.813377253432456,0.4409027599991244,True,228.13198280921435,203.41782562449302,-4.668834444051496e-06,166.33877802953882,87.99491512029154,116.54150753027822,0.023740821158298883,1.0,0.023740821158298883,116.54150753027822,hs-SNR,,,,,,,,,,,,,,,0.6598921618959449,0.689019108436768,True,,,,True,,,,0.6771871125786486,0.11900084749514757,0.0,209.02251934428438,0.12180531009730826,0.271095928176731,166.73123215625503,199.1768449412638,Hybrid,0.011974470644219838,0.5773502691896258,0.48143892100781127,0.6793730950842228,1.1866150525969594,,,,True,105.43705141009194,4.179979056991714
25,154.99925053403666,-0.02153449869963177,131.2704937473435,-112.5865142994284,512.1815108949795,0.1291061364662334,1.8936248050528708,0.8632482632829015,484.13107151915847,-34434.36662352766,0.4350232277819811,0.6172809118103679,0.030723716401750326,True,224.0866131990284,129.4847672350997,2.4187703091923813e-06,2.8825894881205,92.70699079808365,61.8328600758621,0.02319837246029459,1.0,0.02319837246029459,61.8328600758621,hs-SNR,,,,,,,,,,,,,,,0.7082919699551222,0.6878980670156271,False,,,,,,,,0.6875199613891593,0.04449938392942466,0.0,202.43445331653413,0.04449936084745628,0.4061681474652499,4.873936600275782,127.05433949129258,Detonation,0.01125099594209957,0.5773502691896258,0.4845643160046367,0.6875732722537049,1.197818536199881,,,,False,115.18812210411959,3.492474411230042
26,139.47714868166725,0.17350510138578334,-129.56605472401534,108.70458855159508,-746.2055678492825,0.13000986076114476,2.6983362746698285,0.8592802059161444,1008.5744041694908,-50770.01406483322,0.4353097542058219,0.8177974363201477,0.061600811895502636,True,230.0688074623788,-127.63303274216793,3.9555766637392925e-06,-3.134812130557587,85.07546195550094,36.97785823470632,0.022798155598996537,1.0,0.022798155598996537,36.97785823470632,hs-SNR,,,,,,,,,,,,,,,0.6316075706447508,0.6870601128730971,True,,,,,,,,0.4737404025965828,0.13382683131968964,0.0,227.402735930475,0.13382680635729155,0.9999999999999997,-3.320605616046153,-127.31222171685026,Detonation,0.01976525026878703,0.4737404025965828,0.4168002228257357,0.5782079649849691,1.0363759917197952,,,,False,98.52672013677409,3.7950089781590046
27,146.7123958870173,0.1481869291449293,-118.16379834399048,121.93921086157152,-812.3441519116052,0.1301308880601139,3.0835952692425845,1.061450389977784,889.3583686228885,-52040.35206476667,0.4437940255245415,0.9478072156402768,0.038786464424004505,True,227.3475766253506,-116.7050809166238,2.2752659922974165e-06,-3.3686900500674968,88.61236866898712,42.546151989584644,0.022374835391642308,1.0,0.022374835391642308,42.546151989584644,hs-SNR,,,,,,,,,,,,,,,0.6632957738382432,0.6861634532494042,True,,,,,,,,0.49747062802013475,0.13018283881766166,0.0,223.71865766169998,0.13018280727499176,0.9999999999999994,-3.6369809530154127,-116.38942247453431,Detonation,0.01887667975086558,0.49747062802013475,0.43280958037955236,0.5802230331280381,1.0434168074457018,,,,False,105.30694371737818,3.8452747647074013
28,834.0267755396625,0.2310848015186492,204.82885952530475,-599.7258637623069,149.2732243153101,0.42329355312896255,7.171643474456519,-0.07813055982265077,-98822.44143947342,179204.31456425527,0.5428928184839477,1.7798891086436883,0.4230807572614622,True,226.7083398870152,200.41532240446102,2.0805563066610547e-06,163.4255922097214,89.72308511379046,116.95084547623921,0.02197996983921704,1.0,0.02197996983921704,116.95084547623921,hs-SNR,,,,,,,,,,,,,,,0.6444690124043226,0.6853172261222521,True,,,,True,,,,0.622412381558478,0.03866819774711964,0.0,213.98141456360057,0.033031604761961895,0.35318800320928406,163.6986941288489,197.64268382281065,Hybrid,0.013634915061703756,0.5773502691896258,0.4745683337316202,0.6369829683537229,1.126792631227372,,,,True,106.21277870863044,4.253672118184384
29,869.6324644671307,0.2275976096535011,201.3935545013166,-576.699876999107,141.70459148911237,0.440108759813756,8.140000542348863,-0.4198447224928378,-97981.00951254756,202104.3814244397,0.5370623317150867,1.9650260151717431,0.4346950749470279,True,226.4206210583356,196.98801764086585,-6.306057996029979e-06,160.81680928176894,90.13059912654181,117.3697501401662,0.02159147676218721,1.0,0.02159147676218721,117.3697501401662,hs-SNR,,,,,,,,,,,,,,,0.6414386564550194,0.6844751306191178,True,,,,True,,,,0.6221802636790218,0.03884367679303804,0.0,213.65170577274628,0.03319416444449709,0.35490865700057794,161.1214537370958,194.25446113937048,Hybrid,0.013434803850867798,0.5773502691896258,0.4753758752770969,0.6366158578143778,1.1259335182333554,,,,True,106.67581379847569,4.291577416197491
30,160.89688456439202,-0.01932903602618385,118.89882274059755,-122.55676475187977,655.3781055557762,0.12910565138052807,2.5666124236351653,1.0375252028627,587.5223198952262,-41434.78697813631,0.4422845243882868,0.8145739730525746,0.02425357704097233,True,223.3947134307535,117.10705785709357,-1.935384858650806e-06,2.9477769198528847,93.3150573686013,55.29286152439707,0.021308848409863884,1.0,0.021308848409863884,55.29286152439707,hs-SNR,,,,,,,,,,,,,,,0.6859273495109958,0.6838564227170174,False,,,,,,,,0.6657997766715646,0.04772018235288439,0.0,204.7279855261354,0.04772015925327731,0.45178562331952354,4.547362595062107,115.00565697838785,Hybrid,0.011371244978238047,0.5773502691896258,0.4840387702222953,0.6692738001776671,1.1700034651403994,,,,True,113.4385454477475,3.6409396889311503
31,780.6494088105608,-0.21148622733099226,-215.19902643570305,707.9275088938806,-649.4206801918057,0.34489271670811994,6.729610461980548,0.9895694539452924,-108526.0438607082,102188.97140817424,0.5481799008471907,1.847330857819352,0.30851439623496923,True,225.55814652438656,-210.91442869823658,1.3087572565208475e-05,-175.3913350220303,90.84872375004021,117.27014548982001,0.02096444901305373,1.0,0.02096444901305373,117.27014548982001,hs-SNR,,,,,,,,,,,,,,,0.6347110246212425,0.6830953969392736,True,,,,True,,,,0.6290204948443294,0.06430663753149395,0.0,211.4049517565384,0.0643066300855321,0.26437804203503157,-175.67916288815502,-208.0481226329631,Hybrid,0.012793991602196684,0.5773502691896258,0.477998427440239,0.6411724042609721,1.1314083042676852,,,,True,106.76671273756756,4.285962688292075
32,815.9859993970334,-0.20510208576987016,-208.3239145551977,707.0788234209842,-611.7571841528188,0.3515449243469777,7.643522379064213,0.8663963612537491,-107192.42534640546,127667.82155045554,0.5463737924711386,2.055279988308345,0.3269933296250938,True,225.42425331262075,-204.14676771106176,2.174036684933201e-05,-169.87625083641768,91.02212253298607,117.58761439741188,0.020777150593307727,1.0,0.020777150593307727,117.58761439741188,hs-SNR,,,,,,,,,,,,,,,0.6335256359981071,0.6826781850416219,True,,,,True,,,,0.6304510415798211,0.06587388190755028,0.0,211.09181247285048,0.06587387454322649,0.2657432780764658,-170.20272163254896,-201.33892521141803,Hybrid,0.012631812154491221,0.5773502691896258,0.47867133289195823,0.6421113395275337,1.1324788677536421,,,,True,107.0920767449593,4.316416678254086
33,406.6263431287708,0.2436628163281443,148.50592859127462,-297.36847751753726,176.15128094504726,0.20094860851370752,2.768294787662362,1.0437871020698677,-20470.74848873887,5839.559614698894,0.4784669154218418,0.8660382139272351,0.102558480473242,True,221.0131492678192,142.46631429068248,4.319662831101858e-07,69.84270826198559,96.47729300027413,123.59073471985805,0.020495753827640885,1.0,0.020495753827640885,123.59073471985805,hs-SNR,,,,,,,,,,,,,,,0.6315219969014301,0.6820468626294713,True,,,,True,,,,0.6235964428284719,0.03212498290169577,0.0,204.29230605024574,0.03157451562516621,-0.09712845914136399,68.8487480775365,138.40595064968414,Hybrid,0.01277597016147199,0.5773502691896258,0.4780730132025083,0.6370357303271286,1.125427463549969,,,,True,112.53817906438563,3.8078507731556654
34,170.7172594877851,0.20101179730214205,-116.78304222775313,134.71316633809573,-951.0679499812868,0.13351235853344653,3.838994223574612,1.2453720859210449,852.9294058813838,-55927.966085911525,0.4531481647588437,1.1673105702138271,0.032512490985639006,True,222.3934506887479,-116.90432662812736,-5.892394990382677e-06,-3.4334882750674813,95.33412607812248,61.783963922416476,0.020247426012663088,1.0,0.020247426012663088,61.783963922416476,hs-SNR,,,,,,,,,,,,,,,0.6870612557735539,0.6814851598861725,False,,,,,,,,0.6408388628400866,0.04954677468523363,0.0,206.8598802692928,0.049546753521286215,0.497730693352453,-4.680588752619819,-116.78802827785915,Hybrid,0.01190892240767796,0.5773502691896258,0.48171855910870487,0.6495072391628037,1.141875012746665,,,,True,116.25567427821625,3.382001665468562
35,172.93852471465226,0.1804796878537182,-125.83022868148286,116.62982170502102,-984.5142891776532,0.13286424615513182,3.9549276279663683,1.0081672189657631,1359.2147608573966,-58798.7967929663,0.4429405724465496,1.156759776819219,0.06861521071072113,True,224.0562324399937,-125.22751740608042,-1.3606848233904567e-05,-3.252340087081872,93.84752687843832,50.52180765120009,0.02002860881798589,1.0,0.02002860881798589,50.52180765120009,hs-SNR,,,,,,,,,,,,,,,0.6655042190957466,0.6809865899154081,True,,,,,,,,0.49912770081475155,0.10650340200269107,0.0,220.1018184294549,0.10650336828102583,0.9999999999999994,-3.5377647140983584,-125.08604071709541,Detonation,0.01707229987753624,0.49912770081475155,0.4389161436409206,0.5798466289256088,1.0407331671237403,,,,False,111.98408392541701,3.3316952961744533
36,885.6376234518193,0.2259034696835726,199.50611455855514,-553.2581997181236,146.62002171522855,0.44720067663293583,8.680234056687867,-0.6432076908127952,-96072.27327160967,212705.0995506936,0.5313014997780117,2.0628572323698338,0.4352852106783637,True,224.51573848643648,194.72098680948943,-1.620111000298244e-05,159.45930290687932,92.3385886801058,118.01825719172984,0.019543992003967642,1.0,0.019543992003967642,118.01825719172984,hs-SNR,,,,,,,,,,,,,,,0.6206286883344876,0.6798700429302877,True,,,,True,,,,0.6103383101842014,0.03984840282913823,0.0,212.2743526414609,0.03404948722738186,0.35819091732035785,159.75213115203718,192.1312393379563,Hybrid,0.012808085726964492,0.5773502691896258,0.4779401282413569,0.6272538491148135,1.111429568617055,,,,True,107.80130735194811,4.424210328196668
37,161.8838763959657,-0.021236397965653967,120.76131818865582,-124.72099590831031,554.5898510187417,0.12911337032114148,2.1213879791908554,1.0403289578120951,350.37531615105314,-35807.666281859194,0.4424052069814849,0.703735154433063,0.001569004194016621,True,220.1927622821257,119.09538526707442,-5.1089216713865925e-06,3.2760164317743623,96.75944935432771,64.62581388217009,0.019354297399261502,1.0,0.019354297399261502,64.62581388217009,hs-SNR,,,,,,,,,,,,,,,0.680993105126072,0.6794282469764652,False,,,,,,,,0.6711916241072474,0.04271231925016734,0.0,198.44302278445915,0.04271229487871955,0.3625420732566987,5.2465917041474786,116.96097015411347,Hybrid,0.010232069177111442,0.5773502691896258,0.48912249218581316,0.6727283826123548,1.1727447181266315,,,,True,117.4071676143326,3.623956026853508
38,137.21459678988052,-0.02095517436811304,107.81849852104288,-134.52034815933888,646.2858499935647,0.12908561427989612,2.1804643135298303,1.2501654484539826,587.1498071084052,-44257.977977428935,0.4511345160709409,0.7534769864581213,-0.05010943592228248,True,222.88724315206355,107.00379218051116,3.00448648945222e-06,3.5299552291537872,92.92205995737257,47.89907652285294,0.019137942061330147,1.0,0.019137942061330147,47.89907652285294,hs-SNR,,,,,,,,,,,,,,,0.6490587233730786,0.6789210252930441,True,,,,,,,,0.6234684672127937,0.053321801639115186,0.0,209.63494756734679,0.05332178137785195,0.49469423086685566,4.549608592818826,106.2322588178597,Hybrid,0.012036434780661659,0.5773502691896258,0.48117519866856434,0.6361946523029668,1.1229224138923677,,,,True,109.49085913800607,4.120177288233069
39,132.68883662173783,0.1604653958147796,-107.1744890255142,131.59892096526025,-833.320407036614,0.12948659255392736,3.0319825546600576,1.239602964162532,863.980014605163,-54129.348408169004,0.4508949016958127,0.9645961326921032,0.002786035982550672,True,224.88288099036086,-105.58877365328208,6.343299937045332e-06,-4.28560540061912,90.79468699547064,35.51163507820843,0.01869283597424742,1.0,0.01869283597424742,35.51163507820843,hs-SNR,,,,,,,,,,,,,,,0.6145937168081902,0.6778660991692216,True,,,,,,,,0.46094528760614256,0.14793801151544503,0.0,222.106622464256,0.14793798010757134,0.9999999999999993,-4.472342076369975,-105.34781145681916,Detonation,0.016726740895508036,0.46094528760614256,0.4159200029168779,0.5775155277133033,1.0281724587220598,,,,False,104.30712873288172,4.47732848342572
40,781.8263869919948,-0.2102910538914745,-211.749111142904,689.1175745940793,-593.2355759134086,0.3431572674732603,6.827789274064015,0.9220789164576096,-104447.80579956988,109838.8165489968,0.5445000705011074,1.8606271379256047,0.3120260515683804,True,222.6565444052946,-206.8957306415508,-2.150099118391814e-05,-172.44222820286603,93.96800784828484,96.16123959152745,0.018204156908554987,1.0,0.018204156908554987,96.16123959152745,hs-SNR,,,,,,,,,,,,,,,0.6038406761374591,0.6766896463427476,True,,,,True,,,,,,,,,,,,,,,,,,,,,,,
41,436.3029041713065,-0.14860146984980746,-44.679246228129024,150.2901677701935,857.3293657448078,0.16066525232420334,11.591691846446338,1.0381242996178603,4059.952938829175,-9038.918064367896,0.4580892872249227,3.0709436782145607,0.13742226769923974,True,216.68892376708743,-40.19932682398594,-1.816410177517643e-06,27.93435396136186,101.12961390188947,63.97506496051454,0.017878258140091113,1.0,0.017878258140091113,63.97506496051454,hs-SNR,,,,,,,,,,,,,,,0.6234975230975277,0.6758940828649046,True,,,,True,,,,0.6456459176027654,0.034908125504740754,0.0,195.28154611095823,0.034908108357008256,-0.1427399246707739,27.758257291111338,-36.76322311969706,Hybrid,0.010490515192861894,0.5773502691896258,0.48794783037741934,0.6519220382538558,1.1425673175094102,,,,True,119.92639786254625,3.712879637524606
42,628.7700200504819,-0.13520080146051375,-198.13864439118763,992.5250876936573,-706.422957352023,0.18597904877773616,4.796445966501687,3.9696553103810337,-107462.3646116351,16826.52811629782,0.5928933109001546,1.8607207100222607,-0.6353667660865997,True,220.25192907026226,-194.57315229624882,3.951998239970476e-05,-160.84980079998087,96.61908247712812,121.73575506605144,0.01760489718266418,1.0,0.01760489718266418,121.73575506605144,hs-SNR,,,,,,,,,,,,,,,0.6031436059199708,0.6752197821933482,True,,,,True,,,,0.6101489422274415,0.040527696914920995,0.0,205.77509544574696,0.04052768305693027,0.11169782281157428,-161.11714613458872,-192.58286675776685,Hybrid,0.01169385483715798,0.5773502691896258,0.482640914011493,0.6259552986593389,1.1076908923251758,,,,True,111.3496057493656,4.221263386831784
43,164.29445616778142,-0.02187111232050801,118.5308216501334,-127.77279589500986,544.2808508795842,0.1291188546961639,2.093695840047228,1.0864711563007117,313.6710920329615,-34840.946002675184,0.4443305407726885,0.7045024860619256,-0.011830412013796532,True,217.46175718539317,116.88307378804606,-3.196950665558594e-05,3.5978387123868405,99.42730656917057,66.23037455285834,0.01736927881986409,1.0,0.01736927881986409,66.23037455285834,hs-SNR,,,,,,,,,,,,,,,0.66534596203129,0.674633342719432,True,,,,,,,,0.6632265081151344,0.042004289801143464,0.0,195.36370483605828,0.04200426434964987,0.3325476951309481,5.6168406049028246,114.85256556709828,Hybrid,0.009582082844164959,0.5773502691896258,0.4921369231323691,0.6654213883214006,1.1603725546297206,,,,True,119.18354965955189,3.68295089624475
44,655.1752207333308,-0.13727645343171854,-192.92471567993184,976.8942180065967,-674.5784558432788,0.19296575574226404,5.349123496435008,3.8831788826626097,-104504.67402924932,33175.849358551975,0.5927834798941509,1.9844773545525207,-0.5117795284527297,True,219.80358914404653,-189.2587769978908,-2.161931350108133e-06,-156.89130284297516,97.0174121510966,121.61645850400528,0.01708536579940955,1.0,0.01708536579940955,121.61645850400528,hs-SNR,,,,,,,,,,,,,,,0.596650688174941,0.6739201093285277,True,,,,True,,,,0.6071319183276396,0.04170763244414996,0.0,205.63776826091532,0.041707618797948695,0.13242408104972458,-157.17995729396108,-187.30280052936558,Hybrid,0.011502874299548226,0.5773502691896258,0.4834663188868149,0.6235707737958137,1.1039629396233726,,,,True,111.45236328660299,4.306119123851917
45,149.08991451744097,-0.02119005627700897,114.77987651259235,-121.19108750451464,624.6202335117176,0.12909846508244846,2.3499555897207203,1.0607893782077362,902.5755353719596,-40585.031730319235,0.4432502718786234,0.7642871271314693,0.009386191599432478,True,219.51803592775929,112.64723182100916,3.977392038365416e-06,3.5298134486724435,97.16652526677996,46.012362395295895,0.0169074813715139,1.0,0.0169074813715139,46.012362395295895,hs-SNR,,,,,,,,,,,,,,,0.6351486850046295,0.6734694900041153,True,,,,,,,,0.6337352584604129,0.05260838672351157,0.0,203.63354742908493,0.05260836205226613,0.5082253799513791,4.846356158939429,110.7339385727225,Hybrid,0.010415749367772741,0.5773502691896258,0.48828630459392747,0.6424087431541786,1.1287476834614791,,,,True,113.44507609911723,4.046615974707925
46,154.0515404442766,0.16408855620506788,-119.47795789026287,114.22265352089904,-863.1541575522081,0.13085358508367684,3.421016739861502,1.0003063944228678,1424.2054926693381,-52950.57638720286,0.4416077075548681,1.0219719173691868,0.05773110726413048,True,221.67513705124142,-117.66237416121204,2.966131168714482e-06,-3.7752266146728246,95.81740750841162,37.48375740816738,0.016546681022937406,1.0,0.016546681022937406,37.48375740816738,hs-SNR,,,,,,,,,,,,,,,0.6066691101102325,0.6725464240367719,True,,,,,,,,0.45500183258267435,0.12519048195274968,0.0,218.8987244070131,0.1251904481914081,0.9999999999999994,-3.9658889231634875,-117.44331702351155,Detonation,0.015028063490859292,0.45500183258267435,0.41576852309723994,0.5774033755829998,1.024358483286551,,,,False,109.58416617204975,3.9984758084803556
47,146.56910554808348,-0.01699405481380083,119.9038590418606,-121.06307672322264,461.27440588323464,0.12908799513751806,1.6063636228447675,1.0130262947461668,590.7732550723449,-32112.211466900244,0.4412549084285928,0.5704286215022196,-0.03062401826542702,True,216.85554652708998,118.22789225687922,6.831239667712504e-07,3.7806321535125043,99.74636950573532,55.963858515204706,0.01620150186136939,1.0,0.01620150186136939,55.963858515204706,hs-SNR,,,,,,,,,,,,,,,0.6432092704200872,0.6716516296263502,True,,,,,,,,0.6423213647888382,0.04491178079487315,0.0,198.20247690485107,0.044911755433382015,0.39991523768854237,5.433398127809421,116.51280337894264,Hybrid,0.009729218855720794,0.5773502691896258,0.49144672409597173,0.6484667112405204,1.1359780271908035,506.33536805277396,True,1.2203526988252308e-16,True,117.3617936353328,3.927980451293461
48,138.18037241961432,-0.02238887840331328,109.60045425949428,-129.69968103267522,558.9209772756057,0.12908834358446206,1.8516470827455056,1.1862448625507056,734.214301981825,-38928.89390265185,0.4484725229772539,0.6606192477781607,-0.06090154258778155,True,218.2963316732805,108.77506729048001,-1.3809387649097392e-06,3.7277500352498834,97.78238037607969,48.23211370691014,0.016049860517977084,1.0,0.016049860517977084,48.23211370691014,hs-SNR,,,,,,,,,,,,,,,0.6249012779598411,0.6712548248609573,True,,,,,,,,0.6267552749515276,0.04703521244360784,0.0,202.7700084832974,0.04703518997224855,0.46606056281734665,4.956138604253253,107.93986976911216,Hybrid,0.010191370356295186,0.5773502691896258,0.48930867624217245,0.636753473647067,1.120236057041614,,,,True,113.40183859206232,4.19992720919924
49,173.55584849697,0.2481369295492702,-131.44296039311917,129.9622390731357,-679.2350740783636,0.13627583210541636,2.5630070839408057,1.0952184793624622,638.8445477024218,-41771.72808052483,0.4482735012715543,0.8232881842122785,0.0192742517105719,True,212.42662047611492,-133.0822538114885,-3.5296580422090553e-06,-4.018750933489674,105.67740257954405,80.8771702648089,0.015768788332526498,1.0,0.015768788332526498,80.8771702648089,hs-SNR,,,,,,,,,,,,,,,0.6886961883598595,0.6705131971720228,False,,,,,,,,0.6701676478643785,0.032931534960229145,0.0,185.79522435837706,0.03293150515223854,0.32199421581210025,-6.377914243726536,-134.3337961553005,Detonation,0.00855646893764645,0.5773502691896258,0.4970869229723949,0.670229744673972,1.1650439235156205,,,,False,130.56871325764538,3.061195061078571
50,819.6021699503212,0.25810635700621565,266.89914235854167,-674.9440128640709,383.61859610015,0.4816851364034415,4.595670517279267,0.06466230445369615,-148641.78882462153,150303.57677874842,0.5780383127993683,1.159694680062099,0.4814576824551252,True,219.44792231663726,260.15856753388044,-8.849018699070191e-05,224.3946096348372,96.97337980266487,49.60602927114421,0.015415950081916019,1.0,0.015415950081916019,49.60602927114421,hs-SNR,,,,,,,,,,,,,,,0.5581675986172238,0.6695706395399588,True,,,,True,,,,0.5683417734618963,0.046097536100864644,0.0,210.20640865913546,0.039026816599852694,0.4127760076604486,224.47841093701265,257.9466641243715,Deflagration,0.011848487532314118,0.5683417734618963,0.48159434319177663,0.5985763092462367,1.0680139087634413,,,,True,108.30380944701031,4.855967304906736
51,137.3231360802396,0.19740580663656185,-102.44046934349548,134.004420316564,-1012.9986630453557,0.13009266031035,3.947987000424165,1.33259826718772,1150.1943040130946,-61599.81632064273,0.4550727398667402,1.2090964613039945,0.017641799813537126,True,221.5643270482961,-100.48509840201453,-8.283955081751299e-07,-5.199699042180635,94.70174235510044,28.91237773575587,0.0151571491702521,1.0,0.0151571491702521,28.91237773575587,hs-SNR,,,,,,,,,,,,,,,0.5555651445251145,0.6688708626013758,True,,,,,,,,0.41667385204288937,0.15629671127065134,0.0,219.48642296398296,0.15629668058591775,0.9999999999999994,-5.3255165037438426,-100.30296423256601,Detonation,0.014184295172548808,0.41667385204288937,0.38745211899192833,0.5773504495578721,1.0167225073404342,,,,False,105.29892332665808,4.933856984282186
52,137.79030311303552,-0.020175467941747658,115.93221283943925,-121.48357938463629,467.41667942005034,0.12908530471725918,1.5407043678551624,1.0502439044096843,798.358283752802,-33409.65074001509,0.4428042969544433,0.5602167426987379,-0.04989326537098199,True,216.01729532965487,114.60633250139335,6.6317159278779575e-06,3.8989946006142366,100.23248403201792,49.271041119186584,0.015032491406639975,1.0,0.015032491406639975,49.271041119186584,hs-SNR,,,,,,,,,,,,,,,0.619826741321096,0.6685311914521016,True,,,,,,,,0.6292835045592532,0.046460599935842894,0.0,199.21201158476615,0.04646057404515345,0.4695116045808571,5.306812745720828,113.32172588789743,Hybrid,0.009531928455312035,0.5773502691896258,0.4923732765322335,0.6379801671155285,1.120630658278551,,,,True,115.92351732655374,4.171732771234492
53,129.9191266687206,-0.019018561257479312,106.407265160157,-127.75091324110042,636.1267544312839,0.12907776988848785,2.127650160916359,1.2014782950239518,1032.22408805747,-43571.08791183348,0.4491019624823188,0.7321589227330817,-0.04054011653978881,True,217.9604930080401,105.3620656969875,6.141670118755632e-06,4.186033559782505,97.89972808349243,37.91547557012922,0.014745378983618359,1.0,0.014745378983618359,37.91547557012922,hs-SNR,,,,,,,,,,,,,,,0.5891697892043541,0.6677422671982184,True,,,,,,,,0.5393515441424059,0.07088517423574167,0.0,211.82943633226475,0.07088515306567739,0.5131547324352759,4.629743823074177,105.01652944910528,Deflagration,0.012195027460446903,0.5393515441424059,0.4737840325151133,0.5859768926405163,1.048620460789009,,,,True,110.9170614201701,4.621534115137521
54,175.2208675608357,-0.01951072898489136,112.35186679063541,-133.67858897800687,609.0342429442383,0.12912136347823025,2.4979357238876565,1.2004370600968692,384.1037925770406,-36573.087369818895,0.4490803744885615,0.8245567743213923,-0.01510263731103351,True,212.69564209239743,110.53564355047449,8.590624906806629e-07,4.074463001284274,103.75763339989172,65.55701171438103,0.014503363989989228,1.0,0.014503363989989228,65.55701171438103,hs-SNR,,,,,,,,,,,,,,,0.636255029989818,0.6670699617481992,True,,,,,,,,0.6476634795884908,0.04284785321059364,0.0,190.84540201115337,0.04284782554216015,0.2953464300696566,6.0623604652408,108.54929838418674,Hybrid,0.008645346212683869,0.5773502691896258,0.4966477678969381,0.6516156818501971,1.1380795859561312,,,,True,121.76996494391105,3.7859484694916534
55,170.663167365432,0.19812092533306414,-111.3452765976721,133.82172720596643,-956.9378817434027,0.1333813796889204,3.9817298799891376,1.2967447677937618,1222.7924980377165,-54310.32564427559,0.4552232037479438,1.2115565979629117,0.027802457745257258,True,214.33149802764245,-111.5959250229504,5.279085314223782e-06,-4.229786742371288,103.2966638194155,54.461671240108096,0.014297415581891137,1.0,0.014297415581891137,54.461671240108096,hs-SNR,,,,,,,,,,,,,,,0.6292226702004332,0.6664924548332644,True,,,,,,,,0.6176576362333913,0.050263128519535745,0.0,198.97882178609697,0.05026310359249476,0.4917082351294193,-5.471110877286794,-111.53165158472726,Hybrid,0.009487908001063501,0.5773502691896258,0.492581183767572,0.6290538521517173,1.1079514834145112,,,,True,120.53415720426807,3.6712867160980296
56,816.3528935995186,0.21773557243582944,202.99916730618838,-621.853934758669,136.64493220074127,0.3795788120434085,6.927686210325687,0.3168916825731656,-96698.53270689133,174504.88723371408,0.5374947080409963,1.7847368330102826,0.3759549347691184,True,216.5461781268667,196.70445339859646,9.928740246194454e-06,164.2930559796209,99.64511633642384,58.44716200552211,0.014076052349150587,1.0,0.014076052349150587,58.44716200552211,hs-SNR,,,,,,,,,,,,,,,0.5424644070022496,0.6658660634709638,True,,,,True,,,,0.5892864877933016,0.12234161044992052,0.0,203.890820083118,0.12234160235882015,0.2964292211322725,164.47454012667615,194.10385083725978,Hybrid,0.010267371922563794,0.5773502691896258,0.4889612616346186,0.609772479221,1.0820702355638716,,,,True,110.8286039152735,4.939898885889039
57,174.45820809848763,-0.02094078021375789,115.49412533164805,-127.53338201184108,591.0907159483789,0.12912758082270312,2.4451131006020907,1.1151288875341967,534.9320423545649,-35322.4304463747,0.4455289759706865,0.7971330897395555,0.0019849513562942567,True,211.24695506356588,113.36705211493576,1.7799137149330687e-07,4.321541888992943,105.1398797657553,63.14307353593172,0.013819217397072344,1.0,0.013819217397072344,63.14307353593172,hs-SNR,,,,,,,,,,,,,,,0.6294580198660813,0.6651317699209832,True,,,,,,,,0.6448670475858228,0.04400244549448673,0.0,189.30250495266074,0.044002416825993,0.2894057097552837,6.363368910104839,111.19526843756418,Hybrid,0.008364947905187183,0.5773502691896258,0.4980402974748888,0.6490344205569608,1.1337190191188793,,,,True,122.83380320115835,3.802242090329564
58,142.95887207704217,0.17184869895053745,-108.68515881492931,121.09716532757686,-937.2567949400664,0.13022945814901518,3.7415873534669513,1.1443603345809208,1491.1785141977434,-56754.507745583396,0.4472978915941228,1.1261235607968914,0.04272912395604764,True,219.05704835449035,-105.9965009583901,-1.357171829281654e-05,-4.7691531725438185,97.86002235353071,27.608540716425523,0.013659697815953551,1.0,0.013659697815953551,27.608540716425523,hs-SNR,,,,,,,,,,,,,,,0.536158624937413,0.6646715369048047,True,,,,,,,,0.40211889816048163,0.1490014175292736,0.0,217.10978090223645,0.14900138512769304,0.9999999999999993,-4.8833039809360805,-105.80253003831629,Detonation,0.012939271606607915,0.40211889816048163,0.3775400332937531,0.5773498371046847,1.0136377769321787,,,,False,107.76858451437482,4.860427562889322
59,136.25642763763037,-0.02220824779561609,113.12942949222669,-117.26704426644899,548.3193897308938,0.12908596689329405,1.92134412503149,1.038900323210254,1206.1820649217862,-37370.68376465536,0.44233197882581776,0.6534860851262482,-0.011351379481171904,True,214.6601895645061,110.88968424365507,-3.338817210269534e-07,4.157615390880565,101.50038882599236,38.99400937055965,0.013492674538643716,1.0,0.013492674538643716,38.99400937055965,hs-SNR,,,,,,,,,,,,,,,0.5842947677553827,0.6641861612492529,True,,,,,,,,0.5974110527396731,0.060000051529153414,0.0,202.28714786119585,0.06000002731202928,0.4894894081275547,5.157401898776828,109.47144468506663,Hybrid,0.009636044022563264,0.5773502691896258,0.49188324894836977,0.6145615766372012,1.0878015053782149,,,,True,114.75083304336786,4.507374886778332
60,175.731694321324,0.2111275232025729,-114.25501166525936,132.26375539318414,-945.7185135523337,0.13459281795340616,3.9520387963891785,1.268591412277108,1326.6992581349732,-53099.07473800409,0.4546558664003261,1.1994416011434792,0.03278940367685583,True,210.95170348446342,-115.02711470873234,3.5591443253854513e-06,-4.390334538380847,106.60056336026472,62.52658379017771,0.013152404151954374,1.0,0.013152404151954374,62.52658379017771,hs-SNR,,,,,,,,,,,,,,,0.6287116283199874,0.6631859895099644,True,,,,,,,,0.6603355624381622,0.04262736007917512,0.0,186.56032282967513,0.04262733071308858,0.5083351527696,-6.393824907159752,-115.34691929781519,Hybrid,0.007553224852707256,0.5773502691896258,0.5021950810487836,0.6608804378570365,1.1487223278091885,,,,True,124.60171106937493,3.5259641790646503
61,727.6945690636717,-0.21885579883466405,-223.28591137583282,653.0732346394218,-615.1572914955533,0.3288930803805217,5.556216001481434,0.943654137910351,-102362.68989876957,79614.15285938351,0.5382669445152689,1.5463296900220838,0.28882610261373304,True,213.9836145667847,-216.3850400174237,-9.866296977344289e-07,-183.09161153034213,101.613580003035,51.33362862130987,0.013043882876686804,1.0,0.013043882876686804,51.33362862130987,hs-SNR,,,,,,,,,,,,,,,0.5214797219962929,0.662863735597988,True,,,,True,,,,0.5744708404966152,0.0951822033890596,0.0,202.66023872594172,0.09518219387719683,0.2848120579181771,-183.21162040746913,-214.03165117284567,Deflagration,0.010046616997906445,0.5744708404966152,0.4899307217417085,0.6000692464330212,1.067448083846369,,,,True,111.72601589490789,5.061352432510046
62,156.52732835969152,0.17492057074436293,-107.76542627180412,132.20013640316478,-764.6975779411937,0.13128590064762316,2.990581347530322,1.283924927472406,1166.5758897188946,-45944.05907479407,0.4536413042139054,0.9616328247946482,-0.006518678781921111,True,211.52534039728485,-107.76413379771752,4.63507208270072e-06,-4.478416865577953,104.8441715902368,49.31879327487276,0.012745023344062365,1.0,0.012745023344062365,49.31879327487276,hs-SNR,,,,,,,,,,,,,,,0.5995827248227232,0.6619678545704675,True,,,,,,,,0.6000264972007443,0.050468728004237365,0.0,197.84926536704097,0.05046869953128783,0.5106135133776932,-5.584993767042056,-107.5773728820689,Hybrid,0.009081972063750086,0.5773502691896258,0.49451922117496694,0.6157224949561086,1.0884045635321897,,,,True,119.91643557986129,4.058615982792123
63,151.00883916408105,-0.020406695238107918,116.53521499702283,-118.96516643996523,471.5780837751274,0.1290986747516476,1.7236890483978269,1.0259401168069413,927.9801055794524,-31392.75222283754,0.4417983241548565,0.6019122815672804,-0.02356127343509043,True,209.9114331402409,114.37149927734215,4.503460729329226e-06,4.617446295552783,105.87478833306109,50.64999033194744,0.01253723413563183,1.0,0.01253723413563183,50.64999033194744,hs-SNR,,,,,,,,,,,,,,,0.598096534112688,0.6613375167544434,True,,,,,,,,0.6203348006819405,0.0482492865299603,0.0,192.2229852630457,0.048249257448047735,0.38050536426028647,6.198912237911971,112.60604336267397,Hybrid,0.008360319911735222,0.5773502691896258,0.4980634562495649,0.6297362024890537,1.1065154190298927,,,,True,120.98381257725738,4.162752986161922
64,143.16478604006048,0.1784999363785309,-101.92146238893663,131.44562835361356,-849.6067520203453,0.1303349745539628,3.2657913592534764,1.3234386055192289,1376.9806860093026,-51644.91132439957,0.4548122444190261,1.0370209407332405,-0.003743534290142625,True,213.59031973350238,-101.0049125742774,4.131525607128578e-06,-4.9203860311374745,102.50117581847799,35.202971501330325,0.012352595796049054,1.0,0.012352595796049054,35.202971501330325,hs-SNR,,,,,,,,,,,,,,,0.5559204590611623,0.6607721350929692,True,,,,,,,,0.41693981356001264,0.13820993270026305,0.0,211.25204302987876,0.13820989007986628,0.999999999999999,-5.063064097449347,-100.91780789242912,Detonation,0.011685282618989098,0.41693981356001264,0.39264528303840457,0.5773507460904216,1.0139802879668687,,,,False,114.16252936156967,4.722228607469295
65,135.9614618881481,0.15507043121780048,-102.36285700373816,126.69134066354782,-824.1760797736023,0.1296325431437344,3.114695868066986,1.2548532001801391,1463.38926984734,-51207.95007387914,0.4516033034914498,0.9878161670467696,0.0032432726738390594,True,214.28310863926453,-100.3774036134025,2.359647341293333e-06,-5.037024423609977,101.6509620913808,29.25147085973208,0.012123412522688658,1.0,0.012123412522688658,29.25147085973208,hs-SNR,,,,,,,,,,,,,,,0.5325263073164438,0.660063275359893,True,,,,,,,,0.3993947357537795,0.15080361823349667,0.0,212.22241168157885,0.1508035787062253,0.9999999999999992,-5.154800097468218,-100.22970090213379,Detonation,0.011558986072171103,0.3993947357537795,0.3777047464276907,0.5773501928693453,1.0119901611128868,,,,False,111.85777815457192,5.109777602136011
66,880.2417089818427,0.22072228379880746,205.38502252598286,-561.8290524876011,142.53609606132548,0.42924298023490737,8.117083109185977,-0.4717726584912778,-99323.344520574,215924.9275419252,0.5294657779257272,1.9506420008812813,0.4223880103428273,True,212.1089067217363,198.0979869874916,-2.256389948887833e-05,167.65805575387458,103.27868466608862,47.602020518705864,0.011985758960410344,1.0,0.011985758960410344,47.602020518705864,hs-SNR,,,,,,,,,,,,,,,0.5022414732685073,0.6596336615782489,True,,,,True,,,,0.5389329033856244,0.046986702127180965,0.0,204.80583067368596,0.03994308480292594,0.38731989567297886,167.76165541089486,196.6378556437424,Deflagration,0.01014647052314363,0.5389329033856244,0.48190471758414777,0.5841162346497663,1.0425283452656826,,,,True,112.8709159675172,5.335874897864727
67,153.9127057795057,-0.02090686889301463,118.38660686674335,-101.80045697336875,674.0283183009374,0.12910308627877054,2.7619783877412205,0.8656649621856094,1840.016056689058,-40910.957227713814,0.43512239847586254,0.8347720906329068,0.06127346186155516,True,211.445402532539,114.14570296182579,-1.62097030456379e-05,4.349344517873055,105.09905699070366,31.609591712844853,0.011768985099196973,1.0,0.011768985099196973,31.609591712844853,hs-SNR,,,,,,,,,,,,,,,0.5512803562349675,0.6589511077089972,True,,,,,,,,0.5241689257459472,0.12688537361254798,0.0,205.9788439324332,0.12688534811582602,0.4974389928040941,4.783074431650727,113.32943573709626,Detonation,0.010232226493102922,0.5241689257459472,0.4749453298475084,0.5806520179416182,1.0356004179722362,,,,False,116.73305179998108,4.5226491466785825
68,151.1652397537056,-0.020892917424102733,100.44977378417734,-136.97640420612214,599.1646210888441,0.1291000299340576,2.0666614950518425,1.369714582531766,976.39483012631,-39148.62869544258,0.4561229378179293,0.7449511375182549,-0.0978503005980728,True,208.65682635070505,100.31832573185088,2.1654747725659754e-06,4.501050293056293,105.9738552588357,48.27536982402479,0.011580626587575606,1.0,0.011580626587575606,48.27536982402479,hs-SNR,,,,,,,,,,,,,,,0.5727217001176312,0.6583519200669438,True,,,,,,,,0.6074524533343489,0.04736036996935545,0.0,192.75180679868842,0.047360339760249226,0.47244671351440654,5.738062002901568,100.1501858133612,Hybrid,0.008136406710578211,0.5773502691896258,0.49919092779408303,0.6198543998540876,1.0922570864734027,,,,True,119.30391574687035,4.4173804149907205
69,443.70282286150507,-0.15113899957201626,-44.1039950769365,157.51266303370747,835.4818654956285,0.16296280058579127,12.255236179810732,1.0871499754539915,3988.302801130451,-14603.962484975413,0.4612807978488888,3.2450007075283485,0.1388527987100896,True,204.2789592820209,-37.463211397614174,6.679399732388696e-06,19.12789852619705,110.69773468093108,132.10910866559578,0.01140948567183894,1.0,0.01140948567183894,132.10910866559578,hs-SNR,,,,,,,,,,,,,,,0.5134612626242724,0.6578024583281658,True,,,,True,,,,0.5824110742227925,0.03946172844156763,0.0,189.5670757629343,0.03946170746067789,-0.05750881064490943,18.72713931948785,-35.0357586185783,Hybrid,0.008705054376454118,0.5773502691896258,0.4963538821728534,0.6033443641931138,1.0699750314501408,,,,True,122.58875118575726,4.411568097489681
70,149.02972159516318,-0.01970822572832323,108.46096954397713,-117.66279647664818,626.6871364517191,0.12909511891562156,2.43543785973969,1.0896820747101306,1472.5984961619845,-39174.38426711701,0.4444524611494764,0.7904731440532776,0.007206664731094575,True,209.1502337955004,105.42577109903073,2.55699873920425e-06,4.643501663613241,106.33933230558212,36.67750963174881,0.011262724679013902,1.0,0.011262724679013902,36.67750963174881,hs-SNR,,,,,,,,,,,,,,,0.5531984084690665,0.6573273594269448,True,,,,,,,,0.5812070704409582,0.061454947648154755,0.0,197.82576227986956,0.061454918173265094,0.5002359092205027,5.561638928654365,103.96712145218441,Hybrid,0.008637497245469503,0.5773502691896258,0.49668646865524196,0.6024866017547833,1.0685960701877306,,,,True,118.33161660591874,4.637999446933915
71,165.93805633148105,0.1762919407732408,-126.26054023903252,102.9829147685873,-1090.8069911442856,0.13209030402893862,4.396511370590944,0.8816690562438424,2031.5637405186264,-65636.69618337553,0.4372828446033729,1.246072685355043,0.08788819358191027,True,222.51924737018692,-124.43638813801664,104.68830106305259,-13.0447753940547,95.72070036675186,45.637162263752224,0.010930155193789802,1.0,0.010930155193789802,45.637162263752224,hs-SNR,,,,,,,,,,,,,,,0.5249292480040115,0.6562370020349535,True,,,,,,,,0.39369693600300865,0.12350668484276447,0.0,221.09670870361796,0.12350666094863413,0.9999999999999999,-4.071645043852147,-124.34894092420042,Detonation,0.01048554860923363,0.39369693600300865,0.3746021161660361,0.577350159428387,1.0104359573714903,,,,False,103.44706231822381,3.9407154577083707
72,163.5926570958505,-0.023381488355658075,117.8041382764772,-101.55861880184614,682.2838562527395,0.1291242113555251,2.918491637051161,0.8710544993304752,1906.9327854190115,-39602.1041696732,0.4353575250619425,0.8747986591512029,0.06413036905943323,True,207.22156960575728,113.5391062479675,-1.9129470296728992e-06,4.7240341091772535,108.70295270112152,34.49172824541637,0.0107603177104214,1.0,0.0107603177104214,34.49172824541637,hs-SNR,,,,,,,,,,,,,,,0.5520295127690089,0.6556725944527194,True,,,,,,,,0.5829639280307591,0.07168314860360007,0.0,195.43200739566683,0.07168311675063793,0.4940365288794206,5.741374754078782,111.75892221863634,Hybrid,0.00824672983879006,0.5773502691896258,0.4986336917813821,0.6031015611415091,1.0687737436459839,,,,True,120.9302489169501,4.3918042703073725
73,159.53868781590887,-0.01625627566642296,111.13529422738694,-132.46240072978256,397.72685356022765,0.12909546823485332,1.357303270068992,1.1977266537283455,500.39469737528725,-27260.84215960574,0.4489544932681845,0.5389469264719723,-0.13513235186359487,True,202.8745168934175,110.31557646758124,4.1697352708900203e-07,5.656449365164202,110.78474533812441,63.086304328034245,0.01050972706096226,1.0,0.01050972706096226,63.086304328034245,hs-SNR,,,,,,,,,,,,,,,0.5773768478446035,0.6548301359302872,True,,,,,,,,0.6184970987781229,0.042230067262328135,0.0,182.74080333046913,0.04223003494865954,0.2757521472025532,7.476151887922276,109.48702326328426,Hybrid,0.007183625059665274,0.5773502691896258,0.5041535671252542,0.6268521856213605,1.0997955172553329,,,,True,125.34161274070954,4.171075078165103
74,165.87022266746862,0.1575011270345024,-118.0253785983425,103.35449975143864,-901.4629163995993,0.13148206205975094,3.8433828206086624,0.9389526039846692,2311.057787627509,-50940.123912189854,0.4393655381079801,1.117337805816277,0.07413466565922988,True,207.6506302838844,-115.60352400269475,-6.087034815841367e-06,-4.8475024084872995,109.3380899522316,32.26334428071757,0.010187021326343752,1.0,0.010187021326343752,32.26334428071757,hs-SNR,,,,,,,,,,,,,,,0.5282197381481505,0.6537276091685897,True,,,,,,,,0.3961650978364478,0.1178235937195019,0.0,205.5398610150716,0.11782354624045305,0.9999999999999989,-4.9727548971922735,-115.47745458399024,Detonation,0.009790459209054535,0.3961650978364478,0.37805515204736884,0.5773508028805785,1.0099762642302774,,,,False,120.17472276401081,4.294201429334073
75,429.35933517782007,0.2504227380119923,157.93511902521226,-285.4286688216758,166.7891052184021,0.2145343146303653,2.9177588105402883,0.7656168488999318,-22526.750808899546,14868.178401927902,0.4736693412647567,0.8570425107850607,0.16431005027359702,True,200.60018373437455,146.5114025684235,-1.0566078711585954e-05,95.51922474008715,111.76613194097374,46.49595322871336,0.010028251881787327,1.0,0.010028251881787327,46.49595322871336,hs-SNR,,,,,,,,,,,,,,,0.450980650607692,0.6531776279314512,True,,,,True,,,,,,,,,,,,,,,,,,,,,,,
76,129.63137185133334,-0.01946162847984549,112.11168413508958,-111.01106492458328,441.164970968596,0.1290777097220464,1.4421922071112034,0.9909982553907076,1606.2789070013926,-31308.077955446835,0.4403319307477128,0.5257144276762521,-0.04116269536143855,True,205.15824363176688,110.28396458751064,-6.939744453506887e-06,5.1883664040153175,109.08192489871644,34.65976826707265,0.009905359498636341,1.0,0.009905359498636341,34.65976826707265,hs-SNR,,,,,,,,,,,,,,,0.526323728971062,0.6527484067280309,True,,,,,,,,0.573562412122345,0.06084812384058521,0.0,194.42752753460695,0.06084809513338636,0.47032453847961364,6.050396619559655,109.3774584075098,Deflagration,0.007882634989623393,0.573562412122345,0.5004000296029644,0.5967814826254126,1.0587655278620456,,,,True,119.83098729694592,4.982019115744351
77,151.16630725530354,-0.01801107255423744,104.6362172098032,-126.99929317086495,496.6245402357584,0.12909337059673925,1.7366972074197018,1.2187575357826403,1208.125183856463,-32797.66170246348,0.4498297312013898,0.6373005578186989,-0.08472771529564012,True,202.31477064043492,103.66056995941229,-2.258330631992364e-06,5.324709192930103,110.97852943113865,45.29411707909495,0.009676752806825579,1.0,0.009676752806825579,45.29411707909495,hs-SNR,,,,,,,,,,,,,,,0.543622992985597,0.651941579827747,True,,,,,,,,0.5943830503547319,0.049813289555226674,0.0,187.21202105281705,0.049813256010963106,0.4097918193327595,6.57336125791489,102.94487241263165,Hybrid,0.007229249210332943,0.5773502691896258,0.5039093776068686,0.6093468676877263,1.0756206039614575,,,,True,123.12455993336448,4.573413369127199
78,177.77676162026444,0.19367102602859806,-120.10687135700476,118.23342218348677,-796.3247125941672,0.13394982574419956,3.3559324661877783,1.0863189538384632,1754.0814843059784,-44143.70209543796,0.44673968452744606,1.0200362755200219,0.046039171897726834,True,198.82189809256968,-120.64704474974742,3.399729403966508e-06,-5.55998458929631,116.02074345505558,58.86721437596128,0.009442743722798713,1.0,0.009442743722798713,58.86721437596128,hs-SNR,,,,,,,,,,,,,,,0.5895965385219132,0.6511040497904471,True,,,,,,,,0.6371406664723799,0.04336804114309706,0.0,173.82420530469636,0.043367999121183734,0.4206387914039502,-7.76695316755244,-120.62681016909107,Hybrid,0.006104003236335126,0.5773502691896258,0.5101535752352999,0.6400617689296043,1.1152463050808377,,,,True,132.63869061386353,3.573932553400529
79,150.82275447296288,-0.02240548036383981,104.21624819799392,-122.611385356222,545.6519852165737,0.1291034920111343,2.023428290628145,1.182707185781195,1470.1442794143536,-34701.45401423643,0.4483326939918604,0.7029749369539021,-0.04372154628862149,True,201.59247196981013,102.28669620679312,-5.8656165900559775e-06,5.424257531316052,111.64725700148571,39.71037577017924,0.00926756345405065,1.0,0.00926756345405065,39.71037577017924,hs-SNR,,,,,,,,,,,,,,,0.5281064277194948,0.6504691050415305,True,,,,,,,,0.5882050144787788,0.05423544638245254,0.0,187.65892262415187,0.05423541196791691,0.4439239926184174,6.571021935662525,101.10894311930937,Hybrid,0.0070937022663179125,0.5773502691896258,0.504636919294347,0.604950599825956,1.069112123970334,,,,True,122.89260266129747,4.749377645331378
80,143.19257368236867,-0.02021191976163478,101.86520992900648,-123.49750769830358,545.7509776621866,0.12909045978481726,1.8961965217028285,1.2162749655019012,1554.997738733342,-35798.523208543884,0.4497248353670647,0.6767616246760239,-0.06594797304309755,True,201.8919669019021,101.0110807127148,-4.899960960993518e-06,5.3615697142166585,111.09860242070269,37.19849081004404,0.009149080878810013,1.0,0.009149080878810013,37.19849081004404,hs-SNR,,,,,,,,,,,,,,,0.5181459735369203,0.6500356855970717,True,,,,,,,,0.5692080264223207,0.05754969453892215,0.0,191.23447309049743,0.05754966093251543,0.4889278526312524,6.187968037830243,100.58054427042192,Deflagration,0.0074321486560010456,0.5692080264223207,0.5024196197591912,0.5937010304191465,1.0533332133639366,,,,True,121.6965849540639,4.936783742330327
81,625.1488517931264,0.21106286215970926,-205.913038670102,886.2656814277341,-494.56822698875686,0.2648990931761751,4.077088833180225,5.8200289223383175,-43051.8138576908,116975.52446210461,0.7094522335975944,1.9892770286847758,-1.812118237252764,True,201.44834093718043,-215.16929078420586,-3.4194025535040565e-07,-240.126801478056,106.94001656724556,19.035920702289204,0.008946455956588892,1.0,0.008946455956588892,19.035920702289204,hs-SNR,,,,,,,,,,,,,,,0.3984888883482233,0.6492868263387891,True,,,,True,,,,,,,,,,,,,,,,,,,,,,,
82,145.02146073662192,-0.02132509701881761,100.86762500361826,-123.71631626221895,557.413894503334,0.1290942886405714,1.969738497467804,1.231143253723115,1609.0037389829395,-36044.278225553986,0.450346261804159,0.6976251666541368,-0.06328070341249342,True,200.5964195601976,99.90882183213756,9.96031384637088e-07,5.4933530914398565,111.99530686709794,36.58555166303231,0.008823122415204344,1.0,0.008823122415204344,36.58555166303231,hs-SNR,,,,,,,,,,,,,,,0.5114019391762982,0.6488261735004259,True,,,,,,,,0.5670385623379284,0.05817970783610758,0.0,190.1235083499154,0.058179673345040615,0.4845699235465647,6.304816296512044,99.44586488500877,Deflagration,0.007236267829918474,0.5670385623379284,0.5031995144643054,0.5922710687542885,1.0508165835943277,,,,True,122.3283970428364,4.982118564003535
83,655.9291512137269,-0.2503804107812618,195.53857552269488,-684.5540215111857,318.2457190045579,0.3390284249919956,4.719696811242451,5.568145669565643,-6856.743950806021,180883.4226131788,0.7360217639733099,2.1079484810715536,-1.3032511237519857,True,200.1736016172936,206.45871902015912,5.29320146503253e-06,231.93955802778493,107.12730662206474,16.340094206086036,0.008635359473544244,1.0,0.008635359473544244,16.340094206086036,hs-SNR,,,,,,,,,,,,,,,0.3800960100148569,0.6481176402537121,True,,,,True,,,,,,,,,,,,,,,,,,,,,,,
84,154.76268773966274,0.17111328716477436,-104.37419554451166,114.26751972564465,-899.6899574079804,0.13106021346191093,3.875316197551424,1.1490094044851675,2276.199536747224,-50043.498481516974,0.44790698049658095,1.1603306168020506,0.04589151081323885,True,202.02905096791957,-101.66526021148718,-3.404438322262644e-06,-5.853963872425027,112.63879372456232,26.848711127374052,0.008467670846821184,1.0,0.008467670846821184,26.848711127374052,hs-SNR,,,,,,,,,,,,,,,0.4796541359417159,0.6474772694919337,True,,,,,,,,0.35974230968642806,0.1374524937027851,0.0,200.24391479418992,0.13745244071091844,0.9999999999999986,-5.945844177200741,-101.55766511397388,Detonation,0.008256326374245181,0.35974230968642806,0.34720995331499616,0.5773505888637868,1.0063404399607256,,,,False,121.35902403044324,5.160823100477241
85,157.9610759974395,-0.022014035929650226,107.6293386278756,-117.69414325869256,507.73314154059153,0.1291112839549092,2.0050293515854496,1.1012407290485708,1537.0927175981778,-31186.38432804645,0.4449421542665553,0.6847974594044576,-0.02209986195131869,True,196.58261826645827,104.6554580869644,-1.884090134011068e-05,6.271678592141054,115.3318208010861,41.101336071037906,0.008294104231493142,1.0,0.008294104231493142,41.101336071037906,hs-SNR,,,,,,,,,,,,,,,0.5165280888288211,0.6468066737265133,True,,,,,,,,0.5865768207854098,0.052061507763288974,0.0,181.91569368455524,0.05206147025560813,0.36162257080961124,7.56066159131592,103.06045360304906,Hybrid,0.006450996465166022,0.5773502691896258,0.5081760511848155,0.6029280060865068,1.0648434530051414,,,,True,126.38151484614282,4.7156087492569
86,142.05925963496432,-0.01678973555377682,99.43053995186943,-118.28676208861164,603.7293093969641,0.12908463645473092,2.23305732747814,1.1927508036158665,1959.1013481999155,-37857.94676755461,0.4487417502901034,0.7570561324721794,-0.030187414246822475,True,198.2740121800702,97.18470295486696,4.672627220988913e-06,5.8493341548405855,113.61256323572992,29.17862540329164,0.007988280328232344,1.0,0.007988280328232344,29.17862540329164,hs-SNR,,,,,,,,,,,,,,,0.4763878971364958,0.6456050704883721,True,,,,,,,,0.5607468123203508,0.06791492374726366,0.0,188.73902020925962,0.06791489018002246,0.4970199216621333,6.575426949831822,96.27869341868197,Deflagration,0.006722443581481339,0.5607468123203508,0.5048429607935223,0.58848680788427,1.0440746228606306,,,,True,122.2906220988248,5.459705685872376
87,150.25294837281817,0.17439191698186834,-97.77463550444661,120.63229956876116,-901.1236114519777,0.13079467638549885,3.822327695532989,1.2829610863576308,2265.743540585954,-50075.47108544712,0.4533555320363942,1.169408771609519,0.023138473135869128,True,198.6426402635141,-95.82659147243828,-4.666504880804669e-06,-6.346812258570808,114.3407934719534,25.72703970485931,0.007721581827506613,1.0,0.007721581827506613,25.72703970485931,hs-SNR,,,,,,,,,,,,,,,0.4591738609144493,0.6445353659481624,True,,,,,,,,0.34438236753225504,0.14531949397357544,0.0,196.95208705755815,0.1453194375425325,0.9999999999999983,-6.4263217712515495,-95.75096723185543,Detonation,0.007564398824993463,0.34438236753225504,0.333782643298795,0.5773494901299213,1.005156497233839,,,,False,122.30612538650408,5.538643451820946
88,139.17076819038758,-0.018320518177972017,101.28534029676037,-115.36143996395157,514.6310376304888,0.12908439705183125,1.8020121597150769,1.14170785833792,1996.1864471886856,-33555.40683855379,0.4466148412020725,0.6407876829850894,-0.051754675920442805,True,195.240881521525,99.93456040134916,-8.285626643542257e-07,6.186538334087155,115.50942547842598,30.572131414849352,0.007502788075100912,1.0,0.007502788075100912,30.572131414849352,hs-SNR,,,,,,,,,,,,,,,0.4722007595230819,0.6436418368279205,True,,,,,,,,0.5553944398450928,0.0642321057850074,0.0,186.10609721967202,0.06423207074995761,0.46630146676958845,6.888389561899495,99.41478911384911,Deflagration,0.006429780952313727,0.5553944398450928,0.5050447182142428,0.5858363815571221,1.0393375656863477,,,,True,124.17567981579637,5.441861250329667
89,140.44961773749958,-0.0238273569480862,97.43742484823021,-116.33559873518999,624.5912428720783,0.12909319339415765,2.3381471057059,1.1980014577264029,2176.4143912012382,-38537.34186900471,0.4489648060144225,0.784203686047542,-0.02436245201970194,True,195.21023980061642,95.0674235594668,4.984040349863015e-06,6.233607935618039,115.50290915549395,25.766782871280146,0.007259533058377625,1.0,0.007259533058377625,25.766782871280146,hs-SNR,,,,,,,,,,,,,,,0.4503661204175171,0.6426306888059573,True,,,,,,,,0.5518521861780371,0.07271815273627567,0.0,186.7028915043214,0.07271808425857103,0.9999999999999976,6.866801725137372,94.22802089310645,Deflagration,0.006286949332968,0.5518521861780371,0.5046852741096401,0.5843460306809193,1.036614243595492,,,,True,123.16416508416398,5.818138858365281
90,146.9840701254449,-0.019436548727297283,103.35319941768508,-107.631630840793,578.4257999853987,0.1290926566048875,2.3320979894615683,1.0459451695637778,2287.1380791263227,-34733.091130831715,0.4426288589463448,0.7573486922926884,0.011816141780312973,True,193.1222174176273,98.51736683874313,1.6839310690049824e-05,6.5435997253502585,117.33246648482769,26.22006056009632,0.0070302014974179825,1.0,0.0070302014974179825,26.22006056009632,hs-SNR,,,,,,,,,,,,,,,0.4519358778520621,0.6416595084501748,True,,,,,,,,0.5466602759207005,0.07450263668223676,0.0,184.97966335793703,0.07450259612575805,0.4999510119518374,7.185338985524378,97.24778835319253,Deflagration,0.006167550613663825,0.5466602759207005,0.5033768575552855,0.5825531574397869,1.033269862970254,,,,True,125.20622639909979,5.644406296038674
91,149.03975701906475,-0.022367143717595395,97.27102671192951,-117.79785369152106,572.5763500294762,0.12910118546823876,2.1773040124600462,1.2171570163095091,2125.236334322313,-34908.415803149044,0.4497669503257592,0.7471855058332632,-0.041002667033922136,True,190.6546804733352,95.18741903483877,3.2983403920867765e-07,6.673359540216756,118.31703961354313,29.800812797882838,0.006736257689651872,1.0,0.006736257689651872,29.800812797882838,hs-SNR,,,,,,,,,,,,,,,0.4549435029603385,0.6403878851185584,True,,,,,,,,0.5484688033727054,0.06538900969402725,0.0,182.09511003097697,0.06538896744395979,0.47722317907144135,7.331136003747518,94.51964526137276,Deflagration,0.00591079885484371,0.5484688033727054,0.5054516153460201,0.5827968630794644,1.0332207594861664,,,,True,126.44820251982229,5.52992716864688
92,752.1461674881564,0.23432686916522225,277.78205606455526,-685.282961252033,377.9500339026602,0.3736972471078478,3.6694388990865727,0.6504740779132198,-142611.63702503807,123103.43694919438,0.5484531920457183,1.0257720710905132,0.3448701881437117,True,186.37522946188832,264.4735507738317,-8.306997602753254e-06,240.06911567454608,116.56565700305435,16.244727259266128,0.006448732466753579,1.0,0.006448732466753579,16.244727259266128,hs-SNR,,,,,,,,,,,,,,,0.3292217733120692,0.6391131008603306,True,,,,True,,,,,,,,,,,,,,,,,,,,,,,
93,149.8299077027658,-0.017191163023164403,94.59174382868721,-120.40984129468168,548.0425547367388,0.12909067532961538,1.9953928958862501,1.2779621555426073,2152.3279459841096,-33834.192586973826,0.4522952427244932,0.7118419165619971,-0.0755290858169394,True,187.0967089111528,94.29555300230116,5.0909777036775876e-06,7.001688432367968,119.99375430616793,31.456730463752308,0.0062444222523287615,1.0,0.0062444222523287615,31.456730463752308,hs-SNR,,,,,,,,,,,,,,,0.4467125801426451,0.638187536953473,True,,,,,,,,0.5467819992160553,0.06145855329439029,0.0,178.4942440887494,0.06145850760948783,0.4750291256040258,7.647249762045257,94.17158102093606,Deflagration,0.005530530997162784,0.5467819992160553,0.506808844323747,0.5818802932572474,1.030816338758882,,,,True,127.92643840897821,5.555040123336108
94,158.69879129272337,0.16983144592231494,-94.82801795245277,118.12960080560484,-921.2571976807933,0.1313215914864131,4.14348656702508,1.3137793983136243,2664.972871466307,-48038.75046189222,0.4549030859183511,1.2548348748085405,0.027181257041420208,True,187.53581813738828,-93.5048858320603,1.6774859408440938e-06,-7.395039065842379,121.39042559916923,25.775502192488734,0.006012378417631486,1.0,0.006012378417631486,25.775502192488734,hs-SNR,,,,,,,,,,,,,,,0.4302495842540617,0.6371152959140298,True,,,,,,,,0.3718673036733045,0.10851142530968264,0.0,185.56483616843803,0.10851138522273426,0.5213027305054286,-7.49557556937401,-93.44155075198964,Deflagration,0.00589327353438937,0.3718673036733045,0.36228139186192615,0.5773503063368561,1.005014713529448,,,,True,128.6953875495154,5.610494971961886
95,171.63308245570818,-0.02169959838615456,100.50343440456831,-112.75222163494962,605.3939977090051,0.1291277294747479,2.7866067666700536,1.1339817704984971,2222.1605974456734,-32329.88395713297,0.4463145870868882,0.8856486534172628,0.013762092743775656,True,181.71859917591,95.3341233237532,7.093537735359731e-06,8.335505771273668,123.96500807648572,32.151210953579934,0.005698597747051129,1.0,0.005698597747051129,32.151210953579934,hs-SNR,,,,,,,,,,,,,,,0.44006940339375705,0.6356275116374492,True,,,,,,,,0.5591247180499311,0.061540448482898295,0.0,170.90922461564068,0.06154039809160572,0.315247508405821,9.283062791027469,93.82269501381751,Deflagration,0.004958964255919166,0.5591247180499311,0.5144853238887794,0.5852682167115143,1.0353667425130086,,,,True,131.93117756595288,5.364845635297269
96,431.7102416885898,-0.20963752548392087,199.0593136368197,-566.512952020982,115.50355344261101,0.19006439163885905,1.460193007291193,3.555036784943562,-30815.55904877148,56357.95508469988,0.5776602104374882,0.9575543826467252,-1.9737397217891268,True,176.7452866510217,213.66559930743458,-8.163248803784986e-06,238.6018469373535,119.0585683870095,11.349704065627222,0.005357889588669621,1.0,0.005357889588669621,11.349704065627222,hs-SNR,,,,,,,,,,,,,,,0.2843996599335684,0.6339588654626899,True,,,,True,,,,,,,,,,,,,,,,,,,,,,,
97,891.8325736164038,-0.23276361685738825,-277.28603897507105,665.5186040081071,26.14727490132237,0.47129312487168895,4.382292195124872,-0.16339534756827415,-162253.3824960835,266501.07680344913,0.5633399048659099,1.068340490853172,0.4697700612318056,True,173.773475267362,-261.7903998708247,-0.0003743994489023455,-242.22496746904525,121.02719915254166,10.66118020848657,0.004994715237512137,1.0,0.004994715237512137,10.66118020848657,hs-SNR,,,,,,,,,,,,,,,0.26793432778638104,0.6321133102871305,True,,,,True,,,,,,,,,,,,,,,,,,,,,,,
98,153.03834691530642,-0.015808582407889887,95.83800927922243,-105.38654279948796,478.47402248503477,0.12909011908219775,1.9569025087531653,1.1048391125898922,2798.6204641481013,-27724.184147252025,0.4450815044777546,0.6733654792866067,-0.026853963370607525,True,171.5998842941761,91.31152773001304,1.1294347112929395e-06,9.734105217621767,128.15605188357654,23.43766478706717,0.004427425403812012,1.0,0.004427425403812012,23.43766478706717,hs-SNR,,,,,,,,,,,,,,,0.3773452751693096,0.6290739805403162,True,,,,,,,,0.5250904419247269,0.07336754835140614,0.0,165.02539469337813,0.07336748487915211,0.39276166577514643,10.245338659968496,90.50187227430587,Deflagration,0.0041346130390500745,0.5250904419247269,0.5018288405204856,0.5777332580446298,1.0172533011039901,,,,True,133.83734070372483,6.4182544832581225
99,530.0513783021025,-0.1739511811272476,-230.36546060011727,537.0481495086738,-900.1727955653685,0.19463009496467326,3.86032224553684,1.5338915415144518,-71219.48371277549,-26675.05106648349,0.4957286769575157,1.2207291516366188,0.04225788926022545,True,156.48992938348562,-214.5031250694035,1.2346825594855813e-05,-194.6168558970273,128.35948010212437,9.320842290377227,0.003953466702227392,1.0,0.003953466702227392,9.320842290377227,hs-SNR,,,,,,,,,,,,,,,0.22364024790274548,0.6263644850194866,True,,,,True,,,,0.40650330233230253,0.17037362134575113,0.0,152.8618308178904,0.14437670490875248,0.3750796755361827,-194.60558295039777,-213.94965954306042,Deflagration,0.0038845453267487527,0.40650330233230253,0.39874810754337603,0.5773497232331363,1.004406403817786,,,,True,130.2105155960404,10.436390342394043
100,978.4595703255554,0.2666342121250965,230.3755015505985,-43.61912368837568,837.1454640612932,0.668383844048168,10.166424381735377,-4.030909491142712,-76501.03624335144,218799.52393318454,0.5007388418052146,1.869787846910059,0.268827650157242,True,151.97531543841103,207.8935020147097,4.2431408201305956e-05,189.85239166526264,130.86919207698622,6.738050816068367,0.003294628991367477,1.0,0.003294628991367477,6.738050816068367,hs-SNR,,,,,,,,,,,,,,,0.19178166770237853,0.6222817155353111,True,,,,True,,,,,,,,,,,,,,,,,,,,,,,
101,768.5750821060251,0.2223026648178052,385.7889444837484,-899.7147941687881,433.393355242286,0.35965887622959924,2.2148019777623102,1.0301259011491457,-248641.0787871025,122976.9970629684,0.5572528325747574,0.7253881446321019,0.2398784869585836,True,141.98690097855248,365.4235225698716,-0.00022697467664538286,352.5538897368038,128.6914697047662,4.215218757140988,0.002910338860591085,1.0,0.002910338860591085,4.215218757140988,hs-SNR,,,,,,,,,,,,,,,0.16348570981604593,0.619690795722658,True,,,,True,,,,,,,,,,,,,,,,,,,,,,,
102,918.334387391802,-0.2399344116426908,-287.90629476922334,462.3902592589996,-173.69553755037185,0.5146385857141637,4.813182918445526,-1.089358576034486,-147079.02161726597,267266.6923661774,0.5464308341010551,1.0217359669389672,0.4530004697684714,True,129.80072526161328,-264.37162656460333,8.948465690130943e-05,-253.29702545473202,132.3113863917473,3.08753333189739,0.002291831872883332,1.0,0.002291831872883332,3.08753333189739,hs-SNR,,,,,,,,,,,,,,,0.13400748787288005,0.6150959096898505,True,,,,True,,,,,,,,,,,,,,,,,,,,,,,
103,450.78053761107657,-0.2397292624912412,266.1574630210262,-674.0029102500938,998.4272141398486,0.21629696324351025,2.6935399436755967,3.1925162652088184,-53201.58628506165,-54921.12515048064,0.5756714745841993,1.2054710301203693,-0.7296849338835346,True,114.04231768023178,292.88658405134106,0.00017678435988186338,302.2490300445196,132.02474374535123,1.7147393567932738,0.001713460866723758,1.0,0.001713460866723758,1.7147393567932738,noneSNR,,,,,,,,,,,,,,,0.1026123568795732,0.6101462494066204,True,,,,True,,,,,,,,,,,,,,,,,,,,,,,
104,688.0127149951409,-0.04280038403190087,-148.94716184847528,920.8990806426744,-956.743638897994,0.13598632661367013,9.638081485097619,5.6491536739415835,-66258.6062666449,55148.05478309278,0.6378760482998113,3.3510459835980018,-0.6917960821870701,True,95.09576247348564,-140.384516115182,6.4784026494591735e-06,-136.3009021763201,145.42144758884106,2.024255477735835,0.001134361629712539,1.0,0.001134361629712539,2.024255477735835,noneSNR,,,,,,,,,,,,,,,0.08347068755247057,0.6041881254312781,True,,,,True,,,,0.1757406833787684,0.21985930613754157,0.0,93.88882472521404,0.18796889415188284,0.44124714813853666,-136.301391568188,-140.35492397321178,Deflagration,0.0011335404408941657,0.1757406833787684,0.17510246023801346,0.5773503114056573,1.0001805584978,,,,True,145.73330379522747,25.482362905846607
