,ms,theta,u,muhs,mu3,lamh,lams,lammix,muh2,mus2,Pih,Pis,lamh_tilde,th_bool,h_low_0,s_low_0,h_high_0,s_high_0,Tnuc_0,dT_0,alpha_0,num_FOPT,alpha_max,dT_max,tran_type,h_low_1,s_low_1,h_high_1,s_high_1,Tnuc_1,dT_1,alpha_1,h_low_2,s_low_2,h_high_2,s_high_2,Tnuc_2,dT_2,alpha_2,vwf_0,xi_J_0,v_calculable_0,vwf_1,xi_J_1,v_calculable_1,isEWSB,vw,Lh,dh,h0,Ls,ds,shigh,slow,Type,alpha_p,vm,vp,xi_s,Tp/TN
15,892.4840403229259,0.2222712351440688,194.45957946687776,-584.0635200133602,142.2865328119443,0.4421005378364586,9.192505458515676,-0.5036001064111207,-96300.7701331221,213650.1712664729,0.5345684130631762,2.214193013560399,0.4352032597134863,True,234.1854139010095,191.83690894413053,-8.61715722625968e-06,153.40388134312587,79.26104415304283,116.43085443225048,0.03700650773315214,1.0,0.03700650773315214,116.43085443225048,hs-SNR,,,,,,,,,,,,,,,0.7422749529623254,0.7123590005997079,False,,,,True,0.7050267110595171,0.03602353548716557,0.0,217.90677260515625,0.030915271673968743,0.32989369538627017,154.0124402797293,188.39242331230588,Hybrid,0.015801182567194448,0.5773502691896258,0.4661396391522021,0.7062667303165148,1.237078191187395
14,801.7361286201099,-0.21551273568129184,-208.9674490169501,695.0234095967895,-608.9375847368879,0.3656472756818088,7.334396513828036,0.7795431190155416,-106053.45550670213,115850.16253005508,0.5498060830452954,1.963522981626266,0.34493366027872946,True,234.06928989454389,-206.39637771309413,-4.084574203216244e-05,-167.59773438334398,79.25668899172724,115.77735758830036,0.037014204169882166,1.0,0.037014204169882166,115.77735758830036,hs-SNR,,,,,,,,,,,,,,,0.7417386441092769,0.7123707455078245,False,,,,True,0.7120707122638906,0.05393876763745693,0.0,216.64920812811587,0.053938761409065256,0.2493123214270253,-168.13712305685885,-202.7798123571335,Hybrid,0.015350687079412178,0.5773502691896258,0.4678482206151954,0.7121205335293499,1.2461208434888325
13,761.7512674686226,-0.2245451503807153,-216.54854986361,690.8552456939685,-623.0091599529471,0.3599848529153987,6.296153309907299,0.8914180698425475,-106882.66525421664,90662.73760653671,0.5516363279465489,1.7226080057839162,0.3284328029521525,True,234.2093706932,-213.898728408721,7.368581708744733e-06,-173.33499507426532,79.0300533644999,115.37782622440884,0.03750430071676001,1.0,0.03750430071676001,115.37782622440884,hs-SNR,,,,,,,,,,,,,,,0.7435290128742559,0.713115196626398,False,,,,True,0.7103028472457901,0.05275123273730641,0.0,217.0918517027576,0.05275122647757504,0.2479992737715079,-173.80296436969158,-210.18833350123074,Hybrid,0.015641112017232863,0.5773502691896258,0.4667442440239266,0.7107722790547287,1.244380925076382
12,935.5545396472479,0.2309153068452212,205.1270189916852,-569.9703006398739,153.83477563248363,0.5004984108216303,9.239924302626408,-1.013621626211954,-107904.00397415113,242301.1536206707,0.5425164528973939,2.141044137954609,0.4726997847865522,True,234.54746386187318,202.4820845327436,-5.240839933973225e-05,164.0376538810999,78.69344116255878,115.80144954291508,0.03768529935170868,1.0,0.03768529935170868,115.80144954291508,hs-SNR,,,,,,,,,,,,,,,0.7437484175777095,0.7133884318145088,False,,,,True,0.7040435694450928,0.0363070612765883,0.0,218.80101979508183,0.031055717014865637,0.3533625919689473,164.55529075948198,199.0191572254138,Hybrid,0.01611654031467747,0.5773502691896258,0.4649563379575298,0.705633859405251,1.2365878734851383
11,863.2485359676152,0.2446158276509263,207.14973892763282,-561.3949132742401,147.28176131063896,0.4820448874260715,7.582922542184358,-0.6511713093900451,-101045.13951066128,193010.96371217526,0.5483917877338607,1.7872020839810818,0.4680653145168842,True,234.5902411901497,204.35375430494514,-4.327131783682936e-05,163.29823601201142,78.64644825937515,115.38382725898413,0.03791905351858647,1.0,0.03791905351858647,115.38382725898413,hs-SNR,,,,,,,,,,,,,,,0.7448580480929043,0.7137399665451923,False,,,,True,0.7008949279811689,0.036072325149548216,0.0,219.14611342631855,0.03087972478682197,0.3485122900267422,163.7533719967639,200.74485915039352,Hybrid,0.016409898917622175,0.5773502691896258,0.4638647046932778,0.703116176985227,1.2329285428407248
10,891.6769101951767,0.23052350098650665,200.04684602210918,-576.582129429844,136.93336784222242,0.4647347918531227,8.676391026010013,-0.6380818498354471,-99941.41332460736,213134.11986367288,0.5402821340954945,2.0627507815299286,0.453003288343516,True,234.58883810203616,197.41543030417503,-7.395048493042457e-05,158.16007223780198,78.59292202705234,115.91293228095884,0.03812731124408498,1.0,0.03812731124408498,115.91293228095884,hs-SNR,,,,,,,,,,,,,,,0.7463082098262297,0.71405189626388,False,,,,True,0.7062471867395089,0.03608608719278434,0.0,218.59710609860318,0.030923530697462807,0.3401171461464157,158.7050310523232,193.900867118844,Hybrid,0.01613463872332714,0.5773502691896258,0.464888739056359,0.7075636687755338,1.239850124750569
9,726.7777868625348,-0.2301705701782801,-221.16089818463826,694.0226171970369,-584.8641574031653,0.3491405647360793,5.4768594479596135,1.0471176487928988,-106719.3215389694,75164.31591471916,0.552701666313154,1.5437344701220532,0.2990911075228744,True,234.4136983864746,-218.4898618772237,-3.3735834507622014e-06,-176.45061955871842,78.68442891604373,115.12814730071008,0.03831156579092849,1.0,0.03831156579092849,115.12814730071008,hs-SNR,,,,,,,,,,,,,,,0.7468108011415421,0.7143268907817477,False,,,,True,0.7106405405495816,0.05058911777747597,0.0,217.42692783293919,0.05058911139901568,0.2432815653319047,-176.87035838900437,-214.7093123919677,Hybrid,0.015910961894723376,0.5773502691896258,0.4657265491718649,0.7112535937524055,1.2456854015341985
8,397.899711604054,0.19030442007877788,304.8899563965998,-933.1139260586584,73.205833205016,0.17118509232652174,0.4452756487105343,2.7074459146783254,-148281.55203871307,8372.249129106116,0.5329042745202679,0.5625598979573545,-3.94439106939259,True,232.50265095894585,302.33443664692436,-2.6385545745962762e-06,239.55171641453973,81.70629072389086,119.23608916157193,0.03832789639934573,1.0,0.03832789639934573,119.23608916157193,hs-SNR,,,,,,,,,,,,,,,0.7508107225247268,0.7143512194516484,False,,,,True,0.7039213485679976,0.03478047293494665,0.0,213.3900499229304,0.03478046215713266,0.007119366774591456,239.66674473581062,298.6336402044641,Hybrid,0.016362109402903384,0.5773502691896258,0.4640419476344579,0.7057006006910067,1.2371368407178982
7,847.6083994314627,0.24400523882473785,205.36594399777854,-566.0436305207387,144.46518940096732,0.4674372478878307,7.3924301976093245,-0.5023438041892426,-98505.85541966606,183349.3050147079,0.5472891140147736,1.7643835820374572,0.4589032039110297,True,234.731132380672,202.61072671593917,2.2491457358473707e-05,161.24250552279454,78.38314565296308,115.39302131918656,0.03853811006673572,1.0,0.03853811006673572,115.39302131918656,hs-SNR,,,,,,,,,,,,,,,0.7476532432314722,0.7146637468058649,False,,,,True,0.7035260195920617,0.0361027615836828,0.0,219.13299200973103,0.030926225921829482,0.3430333283986877,161.70816738619698,198.9728215815254,Hybrid,0.016465925688124716,0.5773502691896258,0.463657200243213,0.7054308504833778,1.2368710527009166
6,823.9806356547361,0.2387775265024717,197.65146469110016,-563.2280902863453,137.12076447421043,0.4351429206760803,7.456314779227751,-0.2828056664260106,-90470.96997743667,169252.4492756923,0.5402893728156998,1.8169444170692688,0.43246133307782497,True,234.705586892808,194.9509965980233,-2.2503108059422197e-05,153.3559187018494,78.40664894086459,115.80511489235344,0.03882297737415205,1.0,0.03882297737415205,115.80511489235344,hs-SNR,,,,,,,,,,,,,,,0.7497420414768622,0.7150853791050583,False,,,,True,0.7073478363952491,0.03617311443703432,0.0,218.6437300769,0.031064077520777462,0.32643227958583704,153.88462905796086,191.28433156597504,Hybrid,0.016315663400304155,0.5773502691896258,0.4642144261979397,0.7086489094210187,1.2419982485448389
5,392.4085522758998,0.20480055785056545,326.0396553205034,-938.284119926564,72.01130645739367,0.17627105269092427,0.3975593407816772,2.534660679763875,-160513.6915454526,8382.486458071828,0.5282478699143671,0.5218332818227318,-3.863694873470736,True,232.9098770642894,323.38818449004617,3.863531494579592e-06,259.6148132985855,81.09423779334554,118.68371470369514,0.039153568603191705,1.0,0.039153568603191705,118.68371470369514,hs-SNR,,,,,,,,,,,,,,,0.7535059524622739,0.7155719992851985,False,,,,True,0.7062676567624144,0.035165646668423235,0.0,213.95204273136216,0.035165636092719534,0.02863184819543325,259.7335547907105,319.4807245456982,Hybrid,0.01650879372274789,0.5773502691896258,0.46349864110024697,0.7078413415090807,1.2409812860129863
4,855.6904542685129,0.2355430978249901,202.99646524616028,-593.9203415797696,142.6157417202366,0.4509881032185992,7.686204103788704,-0.32781544484558073,-99981.57676497527,189172.22667931207,0.5463365566528106,1.8669151184729125,0.4474927834083193,True,234.95183690774985,200.3893075973557,-1.3238584279081925e-05,160.05722664089825,77.92121755958372,115.43599195749592,0.0394626655289028,1.0,0.0394626655289028,115.43599195749592,hs-SNR,,,,,,,,,,,,,,,0.7514184974701447,0.7160243994997033,False,,,,True,0.7083804704254906,0.03622288118775078,0.0,219.06004499071582,0.03102721111984848,0.3387343221328782,160.55380203896175,196.81278452367943,Hybrid,0.016478196902691984,0.5773502691896258,0.4636117932642066,0.7096619815889129,1.2439965075214363
3,399.17436793043083,0.20876554050803767,336.3280740210671,-976.3360130634904,73.18149514719914,0.17998697547255596,0.3969418056788806,2.5510840054467883,-173174.46060188985,9624.30755905161,0.5307901365419709,0.5244161189941846,-3.9188692735661967,True,233.38384502092248,333.72187129772163,2.923315574356712e-06,271.198238824238,80.33024074836362,118.13852435451088,0.04024346356778733,1.0,0.04024346356778733,118.13852435451088,hs-SNR,,,,,,,,,,,,,,,0.757196366322035,0.7171562835621379,False,,,,True,0.709683641125792,0.03570521909605713,0.0,214.54076218285104,0.035705208650749914,0.0461344140006155,271.32466249522,329.77645435062226,Hybrid,0.016669795825181664,0.5773502691896258,0.4629047422649464,0.7109312803652289,1.246485263651493
2,885.8169172462979,0.2363790128442581,204.1969467113801,-575.3476731790042,150.70667468776506,0.4769688091914777,8.248634285130366,-0.6650545061285225,-102438.22793639878,207614.528426433,0.5452752820857939,1.951316153594505,0.4635636356550787,True,235.25293964587337,201.6504298272274,-9.812944861793038e-06,161.56833494038096,77.42373387502839,115.48403439373571,0.040439814326609966,1.0,0.040439814326609966,115.48403439373571,hs-SNR,,,,,,,,,,,,,,,0.7550864862292974,0.7174385044723522,False,,,,True,0.7132732126534951,0.03655599727248588,0.0,219.21092676224617,0.03129697878206108,0.3450470933666641,162.08860349417606,198.0279263597617,Hybrid,0.016493002074884574,0.5773502691896258,0.4635570297241306,0.7139606709463928,1.251346545178708
1,395.49154985818603,0.1949254450859251,312.18501487248705,-938.3188384902934,70.5660414078361,0.17263746589177958,0.4210426446248475,2.6576258647380824,-152959.33515984,8457.298958027488,0.53155462588872,0.5481983052792256,-4.021103552442605,True,233.34871762304658,309.7388604612604,1.301612175869063e-06,246.06586897863158,80.37284339611433,118.96634038715432,0.04098465046667128,1.0,0.04098465046667128,118.96634038715432,hs-SNR,,,,,,,,,,,,,,,0.7612063185742434,0.7182166195927782,False,,,,True,0.7137564000443535,0.03501953251034512,0.0,213.90973680234345,0.035019521928340513,0.010919717587446176,246.19847913045623,305.90045306420967,Hybrid,0.016651683712799764,0.5773502691896258,0.4629714272205786,0.7144914137605154,1.2525375964284595
0,400.7081426766653,0.2005656865975141,315.67047954397947,-946.722082893102,72.38821226004481,0.17652044527892666,0.4353936830144728,2.6350413047321206,-156864.4234425428,9502.120757904602,0.5325550922487119,0.5480219715423049,-3.810355655891765,True,233.93329585133483,313.27138881363203,1.9938345153538872e-06,250.336926227512,79.4135346787628,118.43224725662519,0.04262988278897262,1.0,0.04262988278897262,118.43224725662519,hs-SNR,,,,,,,,,,,,,,,0.7665812542568096,0.7205230104251528,False,,,,True,0.7188889949442578,0.035631784734818435,0.0,214.5508430667686,0.03563177433330731,0.026680236439206854,250.46772479425536,309.3526747073645,Hybrid,0.016861590390982912,0.5773502691896258,0.4622005407179282,0.7191565686220899,1.2609824539841556
1,920.8054408069896,0.2255825207270228,208.47826574099201,-595.6907119719656,142.6022927155834,0.4725304857973198,8.62083172325009,-0.6774976621872659,-110269.49965926172,237828.6168455852,0.542537655552934,2.0422916537813114,0.4592196157732799,True,226.12167544120138,204.05034913572464,-1.7416419179337087e-06,169.2702762014715,90.44170211645466,117.14161611208776,0.021086936151242068,1.0,0.021086936151242068,117.14161611208776,hs-SNR,,,,,,,,,,,,,,,0.635199496644162,0.6833669626166456,True,,,,True,0.6149533133653851,0.0426986193638906,0.0,214.07982333836625,0.03636878163351327,0.3711646835981672,169.5388559223526,201.49983391228915,Hybrid,0.013481402357982307,0.5773502691896258,0.4751873553953189,0.6312929144320318,1.1183290619518529
2,382.49049073207743,0.2472194564449891,151.71262903656753,-286.0266322549585,178.14044296354038,0.19361094244579907,2.3539980621958643,1.0553810938670998,-19512.526979543567,2002.0668349627704,0.4752811653794389,0.7643963645268159,0.07531971791383085,True,221.42021044519896,145.70724353458348,-5.285734551846086e-07,66.182672089842,96.11393527197909,124.13056757260384,0.02125683381949937,1.0,0.02125683381949937,124.13056757260384,hs-SNR,,,,,,,,,,,,,,,0.6423141191196384,0.6837419886222309,True,,,,True,0.6295513560513301,0.03902510937877151,0.0,204.11369958688914,0.038746757381579455,-0.14816378063964794,65.17625959769934,141.39886622911922,Hybrid,0.012926495636036334,0.5773502691896258,0.4774514549362835,0.64170788013891,1.1324119474602237
3,393.3695197774583,0.19685825623129324,313.14110017268337,-890.5122601247941,73.38943898691942,0.1729661785618124,0.4395999633258089,2.4977469115070803,-145910.52097048645,9636.695303556613,0.5250573591724447,0.5261911427492989,-3.374997967490289,True,223.1892973082566,308.62096848965706,1.0045301401410258e-06,251.4751367103458,93.4584506437504,120.48183765831278,0.021412588147954967,1.0,0.021412588147954967,120.48183765831278,hs-SNR,,,,,,,,,,,,,,,0.6410617025442427,0.6840841248140364,True,,,,True,0.6212252631594369,0.04121149740573024,0.0,207.9764357424061,0.04121148451322243,0.055491763347844635,251.47647973246868,305.53414987957734,Hybrid,0.013380625458343105,0.5773502691896258,0.4755954251130296,0.6358461853396944,1.1247297619847485
4,776.130077812202,-0.2059916880453731,-210.07989086990867,721.6967201139385,-613.2867749416957,0.3315533009853282,6.826494977598343,1.1641200048938678,-105828.6701728201,103603.82141685553,0.5487831326086521,1.90064374521523,0.28192404797037657,True,225.93708757987125,-205.9809096242907,2.9392407195478043e-06,-170.63772754322991,90.411345607908,117.40843808077007,0.02146963916865271,1.0,0.02146963916865271,117.40843808077007,hs-SNR,,,,,,,,,,,,,,,0.6404204541700724,0.6842090491591294,True,,,,True,0.6297421870287976,0.06097916003910073,0.0,211.92783610536569,0.06097915241995479,0.2553281436599705,-170.9431892478924,-203.21531700701385,Hybrid,0.013031087282296471,0.5773502691896258,0.4770214585056836,0.6419553579831027,1.132950728337777
5,706.1741408641577,-0.13732861296958884,-195.5240594102395,1075.477393295037,-620.1678278975893,0.20374685262444445,5.809399475098307,4.1397411431733735,-118801.26070825088,59593.222552288215,0.6088641225231897,2.1423067259701396,-0.5337414542970026,True,225.11383799052692,-192.62042405356098,4.503240989196625e-06,-161.084739977065,91.44791481880114,120.15221133718971,0.021495462963613328,1.0,0.021495462963613328,120.15221133718971,hs-SNR,,,,,,,,,,,,,,,0.6470596590820659,0.6842655259436059,True,,,,True,0.6353741881346856,0.043090787742397885,0.0,209.86284686330228,0.04309077571696255,0.1504204859932497,-161.48268338835476,-190.53841370093488,Hybrid,0.01279380164773332,0.5773502691896258,0.4779992133660154,0.6460772189517772,1.138509863568469
6,842.4966881775052,0.2423473291680345,208.61950033663658,-556.0382475509394,136.33484171326006,0.4588406608759425,7.093948676887077,-0.4832281767964054,-98703.60319497183,184877.59026480388,0.5437873049835312,1.692949139755702,0.4506114826888074,True,226.4101426410282,203.9200982908459,4.082128762531906e-06,165.98217380302518,90.19178348707216,116.95111829877821,0.021496455661585458,1.0,0.021496455661585458,116.95111829877821,hs-SNR,,,,,,,,,,,,,,,0.6395225964811689,0.6842676961179363,True,,,,True,0.6157453136368729,0.042697300113664974,0.0,214.34333278481057,0.0364238229374171,0.3632023085585774,166.23046911520072,201.16168998783684,Hybrid,0.0136736680609225,0.5773502691896258,0.4744125555963626,0.632063171424713,1.1197483676001825
7,869.6324644671307,0.2275976096535011,201.3935545013166,-576.699876999107,141.70459148911237,0.440108759813756,8.140000542348863,-0.4198447224928378,-97981.00951254756,202104.3814244397,0.5370623317150867,1.9650260151717431,0.4346950749470279,True,226.4206210583356,196.98801764086585,-6.306057996029979e-06,160.81680928176894,90.13059912654181,117.3697501401662,0.02159147676218721,1.0,0.02159147676218721,117.3697501401662,hs-SNR,,,,,,,,,,,,,,,0.6414386564550194,0.6844751306191178,True,,,,True,0.6194712855776463,0.04268751482729927,0.0,213.99344021305896,0.03644414891662631,0.3546779501147423,161.11513885659411,194.32409799364243,Hybrid,0.013557954619698716,0.5773502691896258,0.474878279480372,0.6347061652587724,1.12336796894321
8,744.6603594581109,-0.2173264357725377,-213.42339032301484,678.0645879249432,-603.3760707190519,0.33573395051713506,6.168577877132665,1.0178219520944496,-101183.8551534306,86760.03199549386,0.5447777051745798,1.7117814612989084,0.2937485226438105,True,226.127305923976,-209.13794085188422,-6.2914918315010026e-06,-171.83352485091999,90.24346269516028,117.21918034818157,0.02171977405551261,1.0,0.02171977405551261,117.21918034818157,hs-SNR,,,,,,,,,,,,,,,0.6423674672189906,0.6847542877334232,True,,,,True,0.6296274828859779,0.06064081401616778,0.0,212.18738468002084,0.06064080653691875,0.2542548580495223,-172.113317719377,-206.2305677016056,Hybrid,0.013168846172497231,0.5773502691896258,0.4764574339886234,0.6420003048422857,1.1332530316723646
9,775.1565383733823,-0.1565224746055596,-184.35402176617055,909.56984585995,-434.2122097166688,0.2463792392843388,7.608413343321389,2.9484640251071204,-102644.8727988147,118363.18537144367,0.5805437692670429,2.3935140066815337,-0.03927296292487478,True,225.8038259139867,-181.1961689957953,-4.488719933471266e-06,-149.83250989674806,90.59813605623249,119.39234081585657,0.02184193430170104,1.0,0.02184193430170104,119.39234081585657,hs-SNR,,,,,,,,,,,,,,,0.6493703956138994,0.6850191163294067,True,,,,True,0.638244916021351,0.043982337949122784,0.0,210.697672829252,0.0439823279165938,0.1955865033873335,-150.29758351123374,-178.90978620103618,Hybrid,0.012844730778224296,0.5773502691896258,0.4777886820727629,0.6483680721513124,1.1419354058448743
10,681.0576206181471,-0.14151999560308345,-192.9136772025678,999.0740305979466,-669.9856911576852,0.2026257292619076,5.73972049320758,3.8611656314723235,-108605.0344195033,44422.41053285872,0.5966962478543775,2.0784577285472823,-0.44673516084180026,True,225.26011645306613,-189.94340085209262,-1.0975623419944588e-05,-156.66751348702974,91.31698530500984,120.34371643831814,0.02185028294872651,1.0,0.02185028294872651,120.34371643831814,hs-SNR,,,,,,,,,,,,,,,0.6506518815941515,0.6850371806640633,True,,,,True,0.6379421129540679,0.043013626838207294,0.0,209.7327057604517,0.04301361493114178,0.13625494212719308,-157.08771353837602,-187.753524465044,Hybrid,0.012862667774494218,0.5773502691896258,0.4777146221984896,0.6481478588118988,1.1416461071946435
11,824.8738027389415,0.2305911286602547,203.3556638298089,-598.5447391456743,147.2294038399679,0.4155175335940773,7.090411968117483,-0.01102203023539213,-96759.00005884252,173735.12054233483,0.5418009974493074,1.7707659869901384,0.4155132501634721,True,226.5886322736729,198.9241789055444,7.87593124828808e-06,161.80705075162814,89.86348896124849,117.03110266323776,0.0218778431345136,1.0,0.0218778431345136,117.03110266323776,hs-SNR,,,,,,,,,,,,,,,0.6436939512321921,0.6850967826086907,True,,,,True,0.6192122844992392,0.04273482757831397,0.0,214.19231802904054,0.03648137196381285,0.3495024306339017,162.07607627386474,196.22465309422387,Hybrid,0.013726625126825551,0.5773502691896258,0.474199996126133,0.6346759554907192,1.1235960558189135
12,834.0267755396625,0.2310848015186492,204.82885952530475,-599.7258637623069,149.2732243153101,0.42329355312896255,7.171643474456519,-0.07813055982265077,-98822.44143947342,179204.31456425527,0.5428928184839477,1.7798891086436883,0.4230807572614622,True,226.7083398870152,200.41532240446102,2.0805563066610547e-06,163.4255922097214,89.72308511379046,116.95084547623921,0.02197996983921704,1.0,0.02197996983921704,116.95084547623921,hs-SNR,,,,,,,,,,,,,,,0.6444690124043226,0.6853172261222521,True,,,,True,0.6496198055661537,0.0964500046640924,0.0,210.5902702785425,0.09644999840295884,0.2862026111911489,163.75745722833653,196.8550271791328,Hybrid,0.01240561547625948,0.5773502691896258,0.4796162959480035,0.6569784801734829,1.1537255979222014
13,776.2100509057551,-0.2106031568817256,-214.62428463423612,717.8053368954587,-635.5778242432922,0.3406293190145783,6.641951408488422,1.0740345926849058,-108674.46041775402,100730.9415997342,0.5495675827812371,1.8394936175695904,0.2972102153754884,True,226.4334142113933,-210.53624252569185,5.98126945312201e-05,-174.69819096443626,89.83446098878994,117.09896091902641,0.02199103453661104,1.0,0.02199103453661104,117.09896091902641,hs-SNR,,,,,,,,,,,,,,,0.6448964370517206,0.6853410703156994,True,,,,True,0.6322436806633883,0.06279442344911547,0.0,212.38487968113841,0.06279441607285721,0.2601000214574996,-174.99395974251343,-207.69991980169883,Hybrid,0.013193598668643643,0.5773502691896258,0.4763563679338505,0.644034065824881,1.1362413592742622
14,898.0402115815871,0.2175056456629407,198.7244305194533,-604.0273813374993,135.6047598139932,0.4328532271775555,8.919384113624671,-0.3663542289076813,-101031.76197371313,222068.3248944904,0.5356633359630346,2.168786990254888,0.42909132446855786,True,226.84969357561147,194.60830858021058,2.1344997084139055e-06,159.74922698213098,89.5815443554441,117.49797647109324,0.02212923878928729,1.0,0.02212923878928729,117.49797647109324,hs-SNR,,,,,,,,,,,,,,,0.64693702478062,0.6856382542687615,True,,,,True,0.62473446211847,0.04286460550283387,0.0,214.07878840392945,0.03659327607920305,0.3516239015495793,160.08468107597642,191.99359376488098,Hybrid,0.013608726803727534,0.5773502691896258,0.4746737155361622,0.6387063930776751,1.1292426187214282
15,772.2660590310495,-0.21306584296457964,-211.4616221208464,687.5145511436992,-630.2077642748353,0.3432777844864909,6.7666536365778045,0.9457919293924436,-103429.32725094043,99441.02910327043,0.5455483712133408,1.8492953973765247,0.3102288646752103,True,226.5860396563569,-207.35863973868285,-5.794409696489246e-07,-170.9419517201957,89.7051801343914,117.22397902533234,0.022197982497052487,1.0,0.022197982497052487,117.22397902533234,hs-SNR,,,,,,,,,,,,,,,0.6472370148532175,0.6857856340654864,True,,,,True,0.6341770979395933,0.0620285674470484,0.0,212.40204939628674,0.06202856014485664,0.2571588502580643,-171.25493776709192,-204.46185580100712,Hybrid,0.013213592310459998,0.5773502691896258,0.4762747939503477,0.6455474839084283,1.1384740472957198
16,847.6052126616693,0.2321618156277384,200.792228730498,-563.1475064587372,148.77488209586218,0.4359639300639558,7.764652460789829,-0.3785470151966823,-94280.97170607967,186705.4984612367,0.536710654644193,1.8780719459980104,0.4313501420213503,True,226.9361401090014,196.4118119317156,-7.283387766141392e-05,159.13283534321562,89.55131781660681,117.26958873000528,0.02224926169367424,1.0,0.02224926169367424,117.26958873000528,hs-SNR,,,,,,,,,,,,,,,0.6478645379900384,0.6858953817853772,True,,,,True,0.6231190928535554,0.042432586667373234,0.0,214.3362360448421,0.03625737372596136,0.35012276160196937,159.43699413831234,193.65088158498088,Hybrid,0.013747668168130759,0.5773502691896258,0.4741156342344096,0.6376226429965764,1.1279041589492207
17,774.4267347155051,-0.21625580291631008,-217.23270608249013,704.6607425366436,-601.6427200730193,0.3509080025172676,6.412684934247541,0.9550052731381684,-109271.8952847635,102551.25210313553,0.5497473695514676,1.7623387790849134,0.3153521050627201,True,226.71922567895768,-213.09586533281222,1.484081781892349e-06,-176.65971308677402,89.50887097890846,116.84898220263594,0.022280393038438245,1.0,0.022280393038438245,116.84898220263594,hs-SNR,,,,,,,,,,,,,,,0.6471235925968359,0.6859619302029601,True,,,,True,0.6338419365984235,0.06739018336937952,0.0,212.6319125544691,0.06739017621684629,0.26493000872294364,-176.943224380289,-210.17335297260186,Hybrid,0.013271817679033944,0.5773502691896258,0.4760375458279301,0.6453430625199194,1.138277330965985
18,437.312269643766,-0.1372744081568739,-43.758094749604595,148.8128456376526,871.5168550436365,0.15619813166288135,12.20743310126143,1.1913565183674208,4096.683050727645,-5451.954992228617,0.4622404026754934,3.250417695043261,0.1271312028891763,True,221.56465216486504,-40.31770915028513,8.69815535594405e-06,30.06781044341991,96.37438303243307,133.42475435403722,0.022377745388687528,1.0,0.022377745388687528,133.42475435403722,hs-SNR,,,,,,,,,,,,,,,0.6721967519124976,0.6861696540113036,True,,,,True,0.6858363819890484,0.0398252036274965,0.0,196.35811598012143,0.039825187098510066,-0.1748062812251929,30.593931747411016,-36.53802071480021,Hybrid,0.010987574917491595,0.5773502691896258,0.4857244213255103,0.6858958908496349,1.194616804821654
19,415.46158468006087,0.21458937831983466,312.7011989983806,-887.2882126763349,72.5899067982172,0.1877858601398719,0.5225556796950547,2.4132993457633125,-148084.88680395664,15541.406370898581,0.5289485513888175,0.5328554775509824,-2.598526660499232,True,224.69243748454696,308.12583746775374,-7.378416154623096e-07,253.5217218203373,91.81365100684046,118.96117286015159,0.022396913477279925,1.0,0.022396913477279925,118.96117286015159,hs-SNR,,,,,,,,,,,,,,,0.6476056440432996,0.6862104854099026,True,,,,True,0.6240718591016453,0.04223514630409053,0.0,209.90333036376617,0.042235134270654284,0.10575517753801457,253.52615713903054,304.92356157146753,Hybrid,0.013782646762360537,0.5773502691896258,0.473975530870594,0.6383745070518488,1.1290532606498385
20,899.9429815087634,0.2330719408778109,206.9900480010484,-562.1362500410388,142.00132629311412,0.4785785864330445,8.339536928471052,-0.7866384706097699,-104199.55179360404,221765.49623200574,0.5410141721865254,1.953777820349468,0.4600283932763146,True,227.27922689938862,202.67295428654518,-1.0692292254613085e-05,166.2278564078911,89.15855703522574,117.01250094336376,0.022481957748065568,1.0,0.022481957748065568,117.01250094336376,hs-SNR,,,,,,,,,,,,,,,0.6491025741504041,0.6863913754074242,True,,,,True,0.6238787324847147,0.04306840856879554,0.0,214.8159488907061,0.03672395587974864,0.3661206860403371,166.5213839773951,199.9349859047584,Hybrid,0.013837272978788643,0.5773502691896258,0.4737570453118162,0.6382805680254067,1.1290051023138146
21,752.0417669094177,-0.21402478782892204,-214.554861727196,702.1256981834738,-628.1589296554384,0.3337089885366989,6.260119687427237,1.1117870500339602,-104827.01356054537,87917.99038865637,0.5476804365985081,1.7503277635291363,0.28434609667754945,True,226.8000969542716,-210.4748922508794,-3.385609630850723e-05,-173.51111026820095,89.42574523690874,117.05504228003099,0.022518693926288275,1.0,0.022518693926288275,117.05504228003099,hs-SNR,,,,,,,,,,,,,,,0.6499218533206214,0.6864693781330858,True,,,,True,0.6343330442900516,0.059505638521029885,0.0,212.67530292224617,0.05950563107683024,0.2536447282161441,-173.8043575405394,-207.57247148624302,Hybrid,0.013373010070979048,0.5773502691896258,0.4756263168825789,0.6458189139719976,1.139143684113168
22,891.0607743559652,0.2293368825095473,203.93110158355168,-572.1569921126053,145.69610742050344,0.4608804589560972,8.39722305674818,-0.6262767010568376,-101767.35934326002,215499.04103130786,0.5388468488460905,1.9949263140109053,0.4492033097474836,True,227.46190887213032,199.72410801080468,2.0469074661424943e-06,163.3978657732115,88.91020925764784,117.0984217955066,0.022793654554889086,1.0,0.022793654554889086,117.0984217955066,hs-SNR,,,,,,,,,,,,,,,0.6523465585421484,0.6870506353164634,True,,,,True,0.6266664392948136,0.043112916773307065,0.0,214.7837396536252,0.0367855725067866,0.3595533429522277,163.71020793220498,196.98187100153882,Hybrid,0.01387370554336098,0.5773502691896258,0.4736115400968573,0.6404184869753006,1.1321536659013052
23,901.0694031434673,0.22370159040885693,205.9825394998872,-613.7987569234803,144.1988694281708,0.4523256127463723,8.392056470804592,-0.4166209998228551,-107852.72888777405,223424.64950830038,0.5433050799593108,2.02857728439734,0.4471548581733649,True,227.61729452189445,201.91323701726532,2.81209445677632e-06,166.51368388739363,88.62587964480646,116.86230109185014,0.022994784730563298,1.0,0.022994784730563298,116.86230109185014,hs-SNR,,,,,,,,,,,,,,,0.6535498262028306,0.6874729755173231,True,,,,True,0.6270908955509821,0.04323177907832672,0.0,214.9549028167216,0.03684578658360002,0.3618230940670845,166.8150667056413,199.2423630349427,Hybrid,0.013960270121425613,0.5773502691896258,0.4732664931394986,0.6408218321607149,1.1328799785136114
24,867.5028716979732,0.22875163093812625,201.24484725230332,-576.951498438856,140.50339919293035,0.4416464328534172,8.099557294209331,-0.4178993779142063,-97800.72050443306,200198.80688811,0.5379122242590268,1.9552394272332985,0.436256018176496,True,227.64833700391145,197.08840137798734,-5.226836789474478e-05,160.31258158613346,88.66429351395485,117.11664036437885,0.023131255387275014,1.0,0.023131255387275014,117.11664036437885,hs-SNR,,,,,,,,,,,,,,,0.6557177214982598,0.6877581923063211,True,,,,True,0.6289643670347342,0.043143154886066966,0.0,214.7936700987881,0.03684172750753209,0.3519065929730817,160.63495525343282,194.31104838209103,Hybrid,0.013943778255424987,0.5773502691896258,0.4733321566563861,0.6422300673494725,1.1348923784178626
25,768.5938665164093,-0.2167567639088818,-217.64319461802123,697.3628462238753,-673.3461758317736,0.3484869474124249,6.476632323125871,0.9499938830633324,-108153.0152929273,91922.134177033,0.5483280340792615,1.7774903946253566,0.31365061840563274,True,227.5177531040867,-213.6655514397192,-3.987522831868706e-05,-176.64179629143922,88.57324581979162,116.7961465972059,0.023341978252364847,1.0,0.023341978252364847,116.7961465972059,hs-SNR,,,,,,,,,,,,,,,0.6570053968906979,0.6881964756316447,True,,,,True,0.6397285081346229,0.06219022165707633,0.0,213.19487486250839,0.062190214564170135,0.25997383545283964,-176.9477173330048,-210.68626393329384,Hybrid,0.013542094499243236,0.5773502691896258,0.4749422503047395,0.6501834648539023,1.145810808283546
26,885.7106842102264,0.2233449874482324,199.10692301443885,-583.7601233277695,139.66882547242562,0.4402074988242384,8.648522727699651,-0.4557341704485545,-98581.21492213992,212379.7071291816,0.5356163075555063,2.0861749868501542,0.4342037673011302,True,227.85800023709962,195.0965994999225,2.022193625380161e-05,159.0251002442206,88.39888665103929,117.26882196853741,0.023428503942880773,1.0,0.023428503942880773,117.26882196853741,hs-SNR,,,,,,,,,,,,,,,0.6586525353643622,0.6883757035570394,True,,,,True,0.6321226455448997,0.0428079103401709,0.0,214.79700498191602,0.03656701739579627,0.3497989435915562,159.37598951369574,192.34335750924225,Hybrid,0.013948710653967827,0.5773502691896258,0.4733125143666773,0.6446519134810351,1.1384187193206947
27,850.4936465254152,0.2368509207097021,201.14732933818948,-543.709068997652,144.95779729907932,0.4504786296027339,7.805342750112108,-0.5564657788797208,-93317.48903677886,187861.70300323344,0.5365547225934554,1.8585913910480736,0.4405606102095508,True,227.99999801669742,196.92228377851023,4.289382382332797e-06,158.7229779863767,88.31236264436376,117.09750131088008,0.02360493745429589,1.0,0.02360493745429589,117.09750131088008,hs-SNR,,,,,,,,,,,,,,,0.6600766374666092,0.6887398487723884,True,,,,True,0.6314179100420138,0.04279979107725194,0.0,215.06626832316792,0.036584606162689486,0.3501569852128354,159.04942334758888,194.02438896168653,Hybrid,0.014074082736707709,0.5773502691896258,0.4728142725922204,0.6442273037114344,1.1380089489998828
28,857.3773339044509,0.23196530992496084,207.52665057897994,-605.6721425052663,142.0224470845895,0.4427174728533183,7.408104296637979,-0.23189292436223616,-103851.54169927492,194093.2155569719,0.5461980131569761,1.813377253432456,0.4409027599991244,True,228.13198280921435,203.41782562449302,-4.668834444051496e-06,166.33877802953882,87.99491512029154,116.54150753027822,0.023740821158298883,1.0,0.023740821158298883,116.54150753027822,hs-SNR,,,,,,,,,,,,,,,0.6598921618959449,0.689019108436768,True,,,,True,0.6297544327362326,0.043396118913748366,0.0,215.40286353904517,0.03700036141219471,0.35802282326318235,166.62419055989494,200.62464508631282,Hybrid,0.014224889935472518,0.5773502691896258,0.4722175428221074,0.6430948149680641,1.1366106091104335
29,398.96371070514516,0.1902813233620773,324.23455591054835,-970.6986468283262,72.73537041655027,0.17142518113074467,0.4132434028599555,2.65989732658883,-164528.29741096517,9740.00049550974,0.5310431277519838,0.5466270718131272,-4.108772481451227,True,225.3187298841324,320.27221102845465,-5.962745327510074e-07,263.0520199185629,91.12281643219471,120.1091266644868,0.023845566625549,1.0,0.023845566625549,120.1091266644868,hs-SNR,,,,,,,,,,,,,,,0.6637506087334837,0.6892336719697654,True,,,,True,0.6352747454664246,0.042231667305857534,0.0,209.43775112556847,0.04223165482927429,0.0465494477611978,263.08975025521136,317.14661539014025,Hybrid,0.014012083538548051,0.5773502691896258,0.4730604173773514,0.647143253350676,1.1421579864998592
30,431.36307622832885,-0.14587439586155818,-44.784969261295394,150.8182593055998,839.9867519750055,0.15877753466531738,10.66751875613274,1.1447211002394777,4017.8000601293456,-8354.994792373778,0.4615869617547138,2.8576665390730978,0.12806780667491333,True,222.83347893661232,-41.346248986362774,1.0141562978721865e-05,31.79672902652669,94.99299530101568,132.40514089782698,0.02403059620592169,1.0,0.02403059620592169,132.40514089782698,hs-SNR,,,,,,,,,,,,,,,0.6852341755301142,0.6896112101118738,True,,,,True,0.6866666666666666,0.04435780326449282,0.0,198.40715582925318,0.04435778777143052,-0.194124214928872,31.89189855446835,-37.480472515822726,Hybrid,0.01166216324922204,0.5773502691896258,0.4827774651208136,0.6871896654024771,1.198105443914435
31,640.8402351676326,-0.13508581858378954,-191.3157399792809,990.9112046064296,-718.1553130792067,0.1881756323205961,5.2447127725685325,4.0602658851090805,-103864.40776458444,20651.5521919218,0.5977670432852532,1.9878891739936464,-0.5976519130888609,True,226.6866341942447,-188.66204739041385,-2.737178122896321e-05,-152.89557030000583,89.74553911364309,120.9121002839436,0.02412471370329447,1.0,0.02412471370329447,120.9121002839436,hs-SNR,,,,,,,,,,,,,,,0.6716373874533965,0.6898025292215952,True,,,,True,0.6533680150795272,0.04280969847552992,0.0,210.00180438449473,0.042809686296639934,0.08856853091126819,-153.38462742226983,-186.3765049432369,Hybrid,0.013278461836662387,0.5773502691896258,0.4760105025511525,0.6607971405781593,1.1609902483997119
32,853.0882258528765,0.2248944846773256,201.98076208596146,-617.213559363154,140.40150013816162,0.4211969924425557,7.697908649037394,-0.057240791481678974,-100302.2494606984,191339.51215871907,0.5427149451549513,1.914937030345736,0.4210905834047627,True,228.45310416424684,198.0683524483033,1.2486154404898413e-05,161.3666207309811,87.56428399990101,116.75369624643987,0.024322656665999698,1.0,0.024322656665999698,116.75369624643987,hs-SNR,,,,,,,,,,,,,,,0.6654946888549776,0.6902033325532383,True,,,,True,0.6350764703527286,0.04348055500502211,0.0,215.33243194007042,0.03711061851560255,0.3474844009248031,161.6894229157014,195.2745508575992,Hybrid,0.01426561636618582,0.5773502691896258,0.4720568726531828,0.6472219620158873,1.1426944477324483
33,741.8948721570016,0.11199636589445132,164.03300555386159,-1039.1056097154176,624.2559029697537,0.1841731968996834,8.439099255854517,4.864095391443496,-93845.37466825162,80099.81497196067,0.6292587216720642,2.920457379204212,-0.5167139256403329,True,227.05069952906481,161.8819995783641,-2.461024219260765e-05,131.05407054579905,89.5367941658085,123.07031718910692,0.024370335810091383,1.0,0.024370335810091383,123.07031718910692,hs-SNR,,,,,,,,,,,,,,,0.6793022544166886,0.6902995597226155,True,,,,True,0.6747483296653168,0.0433048325520829,0.0,208.0971904505864,0.043304819529480884,0.08094657644537248,132.15140302479298,159.74324247283553,Hybrid,0.012368904944694128,0.5773502691896258,0.4797703780301442,0.6776544395292912,1.1847661314538631
34,428.41056210017166,0.20364275381826588,304.31549426185217,-937.3571953540422,66.722911259251,0.1857162781810454,0.5594607833152445,2.636399342669696,-151919.50023318012,18054.860505392746,0.5372095936138369,0.5792650862737604,-2.920221484266498,True,226.40794183110583,300.3095931820405,-2.9336720409216144e-06,246.86672492567413,89.82826596037485,118.63951898475143,0.024522301805321483,1.0,0.024522301805321483,118.63951898475143,hs-SNR,,,,,,,,,,,,,,,0.6666678043419213,0.6906054501851067,True,,,,True,0.6362204695162612,0.043106114341484265,0.0,211.08019401878258,0.04310610255986541,0.09751645096496236,246.89193250001583,297.1416490221529,Hybrid,0.014310806623033785,0.5773502691896258,0.4718788293939474,0.6481495347628744,1.1441270788335671
35,744.9991807851418,-0.1616676232344504,-188.18113545654475,903.9897757577361,-447.99397405341455,0.2443516929910662,6.773978594685586,2.954316736042382,-102993.24286048333,99523.52224283926,0.5797738590760425,2.1858807713451265,-0.07776282415944244,True,227.8092365145921,-185.23772166905758,3.8625934904388655e-06,-152.0431904817166,88.1638000549036,118.71596900340094,0.02453139328997633,1.0,0.02453139328997633,118.71596900340094,hs-SNR,,,,,,,,,,,,,,,0.6720327405867415,0.6906237113543942,True,,,,True,0.6525582961468779,0.04484982100177927,0.0,212.10747563691228,0.04484981125956042,0.18832897561453146,-152.51055403529958,-182.7688889714344,Hybrid,0.013513302129513587,0.5773502691896258,0.4750584674327481,0.6603536669111232,1.1607538848837815
36,732.2637981344368,-0.2222388400553234,-220.04134173350465,697.5085040727276,-595.6431983100646,0.3376889223338739,5.637503714045737,1.1040157752087534,-106284.65825799943,79280.47646405513,0.5493466003793785,1.5933785577128932,0.2836379232687628,True,228.3096150901091,-216.13157350061752,7.02623705607827e-05,-177.45911555499177,87.58801786916203,116.46998799109751,0.02455146277381814,1.0,0.02455146277381814,116.46998799109751,hs-SNR,,,,,,,,,,,,,,,0.6668721179860226,0.6906640074307916,True,,,,True,0.6443027095769199,0.059668544904542174,0.0,213.8732256581377,0.05966853773087589,0.2532863177509974,-177.74279153390484,-213.04289817858924,Hybrid,0.013926036439083238,0.5773502691896258,0.4734028353206311,0.6541382732433633,1.1522915142822243
37,908.14262567814,0.21472591560170906,191.31311947834217,-569.8154319208587,142.0747051826929,0.4320910323287112,9.902827369633732,-0.5976445309327196,-93759.31883966082,226888.4496940367,0.5256451426209023,2.376099420586313,0.4230739361999568,True,228.62401165750492,187.62172471572342,-2.8894225058016045e-05,152.0560590465576,87.48884177727753,117.88345770327557,0.02464361572793149,1.0,0.02464361572793149,117.88345770327557,hs-SNR,,,,,,,,,,,,,,,0.6703939607105016,0.6908487612231639,True,,,,True,0.6450213479628023,0.04347683970567382,0.0,214.64704215642917,0.03722563250119913,0.3364613890746719,152.52544973143097,184.78827014119264,Hybrid,0.013936270625116648,0.5773502691896258,0.4733620601934278,0.6547162299894949,1.1531616197828376
38,775.6918847322914,-0.2148651849390968,-220.07792584651853,735.012319598408,-628.9063124029776,0.3488435306884243,6.3203604274111225,1.0866508589808268,-114299.44822053627,99427.65031293014,0.5542003663804901,1.7611985833495851,0.30213693448693835,True,228.67756786758133,-216.37762903853886,-2.675597673915074e-06,-179.5294261896705,87.06917252919581,116.34116788749724,0.02495600891957302,1.0,0.02495600891957302,116.34116788749724,hs-SNR,,,,,,,,,,,,,,,0.669974955591739,0.691471752306308,True,,,,True,0.6478344086241191,0.06111111287937342,0.0,214.11861496301069,0.061111105918571086,0.2618730445150713,-179.83821798218796,-213.3725240790009,Hybrid,0.0139506176402405,0.5773502691896258,0.473304920999485,0.6569608216280274,1.1564964128113386
39,398.7156077559819,0.2535603636061426,151.71515691534583,-296.5835483678096,165.76357824601092,0.20347122032931714,2.516721108759819,1.0230889310107616,-20888.456477921096,4540.031013923606,0.4788657975355172,0.7996950990250816,0.09949555958630599,True,225.11080976879737,146.4999883821691,-3.624113173036229e-06,68.22822367483502,92.19065825128321,122.91521227598835,0.02507789278075652,1.0,0.02507789278075652,122.91521227598835,hs-SNR,,,,,,,,,,,,,,,0.6739116727327702,0.6917134464660271,True,,,,True,0.6487323896397209,0.04004887477525836,0.0,207.29924072491696,0.03931533972124232,-0.12072393010914495,67.08773489153711,141.99417509710275,Hybrid,0.013965496651766723,0.5773502691896258,0.4732456905071519,0.6576895418101618,1.1576003890078472
40,854.5151063064192,0.2410433020833436,207.12082557674444,-560.8609868594816,135.8549063123725,0.4649573354106138,7.407474034726663,-0.5404399396632494,-99575.03844077779,191187.18362509127,0.5444618187980816,1.7617951854044576,0.4550998817424015,True,229.15946355380368,203.09036143427204,9.985655219929742e-07,164.41169438420232,86.79865677592925,116.46256028158884,0.025219429344863518,1.0,0.025219429344863518,116.46256028158884,hs-SNR,,,,,,,,,,,,,,,0.6722862348195664,0.6919931556766541,True,,,,True,0.6386253785827769,0.04376978144858472,0.0,216.08889298300042,0.037353322372765986,0.3575805993266122,164.72135553787652,200.102277768956,Hybrid,0.0145422304823138,0.5773502691896258,0.4709709202806394,0.6502290688236813,1.1475617617831164
41,772.9741820568062,-0.2054861264911572,-216.2509393839381,770.0432413326207,-656.030855474844,0.328895688038495,6.4922357282977785,1.3779151427489589,-114368.0115152212,95579.12669294327,0.5563624568791976,1.8527114558659377,0.2557833496978978,True,228.87958620602456,-212.75095354795934,-1.960411988468624e-05,-176.59434227932343,86.77760074496094,116.570843236653,0.025401025974125108,1.0,0.025401025974125108,116.570843236653,hs-SNR,,,,,,,,,,,,,,,0.6741439170172018,0.6923505415976894,True,,,,True,0.6509640309867284,0.057267684399327,0.0,214.0921260937009,0.05726767708121217,0.25154439620723273,-176.93091214510926,-209.82862462761258,Hybrid,0.01401019874731738,0.5773502691896258,0.473067907779028,0.6595133049164094,1.1603840450718421
42,673.6908254697488,-0.1389722460024236,-183.1109207213368,955.4796059131463,-647.4682285526518,0.1984384684775327,6.052332135869107,3.8845046749581553,-97807.55171474967,43958.16307922649,0.595575077607433,2.160500479793636,-0.4248492258785268,True,227.78655925216333,-180.55063698141004,2.355293854274523e-05,-145.67192530950123,88.37118960908823,120.5543659765622,0.025404085681129486,1.0,0.025404085681129486,120.5543659765622,hs-SNR,,,,,,,,,,,,,,,0.6821097662603266,0.6923565488989388,True,,,,True,0.6634196764976286,0.04385679067624563,0.0,210.645232794394,0.04385677910799611,0.10891367176794972,-146.2692783175177,-178.16424058230956,Hybrid,0.013388775351828999,0.5773502691896258,0.4755623737518801,0.6690960502849449,1.1736556355829388
43,680.1664302253051,-0.14091465954224575,-197.73047896479468,1058.2236094244083,-618.5270343881514,0.2018046264634781,5.293343460064643,4.0750659094529125,-117348.66331864707,45958.277141151935,0.6051982080376873,2.002513516591647,-0.5824899451843678,True,228.07870308693526,-195.17337644907641,3.9763276312205055e-05,-161.28133281271715,87.89764057995058,119.58031859660124,0.02556076289447574,1.0,0.02556076289447574,119.58031859660124,hs-SNR,,,,,,,,,,,,,,,0.6815343633154662,0.6926635347302897,True,,,,True,0.6594325304613455,0.04423779548406837,0.0,211.61267106737031,0.044237784033511,0.1329485919308769,-161.73302247602624,-192.8527463002463,Hybrid,0.013660907834692563,0.5773502691896258,0.4744638271543886,0.6660605239044628,1.169562827892476
44,807.9741090221754,-0.2188923458534197,-217.74640655240208,694.4492605987094,-624.3526949266222,0.3769111259407279,6.9818746790336,0.6699110246132638,-112486.16183204405,118730.16833894148,0.5508700042413268,1.857120507193944,0.3608416316598412,True,229.19555449978557,-214.09153086529807,-6.611669649676876e-06,-177.22909395178056,86.46321195775053,116.30008353578579,0.025616127707615188,1.0,0.025616127707615188,116.30008353578579,hs-SNR,,,,,,,,,,,,,,,0.6750836856924399,0.6927717207231495,True,,,,True,0.6542438826842939,0.06731713982448352,0.0,214.2965859921343,0.06731713335444363,0.26990099063995915,-177.570509005777,-210.96303850636986,Hybrid,0.013948051058601413,0.5773502691896258,0.4733151408951315,0.6620969077013994,1.1641259931763293
45,408.1245546485044,0.20760738764387304,316.40743520819814,-917.0116107689353,69.1523920074638,0.1819639657834592,0.4704545498670235,2.5074495186747447,-153604.66730589382,13376.077466436036,0.5299605280819208,0.5355218905792133,-3.1591149389052875,True,226.99975131548024,312.4659349640712,3.5180350893322632e-06,255.5259962850216,89.17506754268274,118.97640300091734,0.02565676019935648,1.0,0.02565676019935648,118.97640300091734,hs-SNR,,,,,,,,,,,,,,,0.6766741062027632,0.6928510219959246,True,,,,True,0.6433257265001232,0.0431602444014747,0.0,211.13373155580902,0.04316023269144773,0.0780252815523471,255.5542783641269,309.12058358977464,Hybrid,0.014520386689075312,0.5773502691896258,0.4710563423785046,0.6538960113880539,1.1529364337556764
46,740.4860761580568,-0.2379247196707357,-228.46347058537376,661.9659927269131,-564.6752973842291,0.3731487125264626,5.363714748039052,0.728370334146589,-109608.00007211242,85215.02987444864,0.5514246020980826,1.4623237427008609,0.34842129092659235,True,229.20896588142853,-224.48862398419342,3.3126053533944506e-06,-184.3447956244906,86.50401666961612,115.86845967305064,0.025688294101834114,1.0,0.025688294101834114,115.86845967305064,hs-SNR,,,,,,,,,,,,,,,0.6748485379766292,0.6929125094074018,True,,,,True,0.650382271003725,0.06763077928630326,0.0,214.6640252745388,0.06763077280653297,0.2686948114699553,-184.6109123750872,-221.1568926926414,Hybrid,0.014177514898727974,0.5773502691896258,0.472404698612958,0.6591949882762983,1.1602024459749514
47,828.7472715172493,0.21857619620671195,190.4230532603981,-595.9985980624142,149.8795990161752,0.3893942760718713,8.120952312235268,0.0994018329634765,-88086.75488728448,174087.88974434376,0.5333403629881573,2.046805050219396,0.3890901022503599,True,229.19247904793446,186.7786607550268,-5.049404663800003e-05,149.38568055848782,86.65448301924447,117.35915699615452,0.025745940589433386,1.0,0.025745940589433386,117.35915699615452,hs-SNR,,,,,,,,,,,,,,,0.6786684302451825,0.6930247861936583,True,,,,True,0.6619286951000758,0.06626732967471087,0.0,213.4784460609229,0.06626732336034485,0.25702512675600875,149.85657597043524,183.492103743889,Hybrid,0.01362130277081486,0.5773502691896258,0.4746230985246328,0.668070212833274,1.1725260819844396
48,879.2003955836517,0.2230175466111861,195.43554966228103,-572.3253871728414,146.57816732835582,0.4346746196583641,8.847203066191467,-0.4665770750757614,-94415.63628058737,206378.6486413466,0.5323980802797688,2.1340379207019065,0.4285231228136114,True,229.35532463135257,191.7552597781224,-5.106057392626477e-05,154.842304107961,86.51045537449488,117.24420871044472,0.02575040275540172,1.0,0.02575040275540172,117.24420871044472,hs-SNR,,,,,,,,,,,,,,,0.678065489036925,0.6930334702154972,True,,,,True,0.6477896160616652,0.04379633679547327,0.0,215.4731044729369,0.03746437524026304,0.3398679236605581,155.2643859998808,188.82283485709428,Hybrid,0.014338749298004466,0.5773502691896258,0.4717688635322476,0.6572700767791425,1.1576258181096446
49,776.6331791797769,-0.21905254125124496,-218.19169504839803,710.8124302030533,-574.9264856717832,0.35792329296022435,6.323851856216197,0.937915351664547,-111072.09218983533,105311.80327365793,0.5525429347115451,1.737282189331474,0.32314681388982514,True,229.21117793998832,-214.53444469572776,-6.011641416364956e-05,-177.03996895652503,86.41183029392876,116.21898386691223,0.025760838885564186,1.0,0.025760838885564186,116.21898386691223,hs-SNR,,,,,,,,,,,,,,,0.6761992172965297,0.69305377660829,True,,,,True,0.6530761453712339,0.06411780737761058,0.0,214.410958075391,0.06411780062585161,0.26301925714093555,-177.35996116974346,-211.417785479278,Hybrid,0.014075869354189231,0.5773502691896258,0.4728071866094106,0.6612673695020098,1.1631115101248732
50,761.1852642696088,-0.2126486345227109,-217.4511376375902,732.5946491134407,-663.6069326329987,0.3362092513138456,6.307381730955776,1.1966499580414436,-110632.60939220696,88104.30858792471,0.5524665224873929,1.7762870924125176,0.2794515036793292,True,229.1670825682245,-213.8897444212028,5.124283927246822e-05,-176.55765847761643,86.4481344677288,116.46624956951142,0.02585229278615681,1.0,0.02585229278615681,116.46624956951142,hs-SNR,,,,,,,,,,,,,,,0.6774865009484621,0.6932314964407684,True,,,,True,0.6530929727126121,0.05755545462729876,0.0,214.31656088531653,0.05755544749675048,0.25189733246828244,-176.89241153401386,-210.85188785734297,Hybrid,0.01411851574284763,0.5773502691896258,0.472638162796133,0.6613181866531049,1.1632619124484354
51,688.6428549916047,-0.13680796261586076,-189.28621443050517,1034.8075115617112,-614.4784079625971,0.1994334740890392,5.809849596433875,4.137393289290708,-109666.35553577963,51556.938643872316,0.606609606010376,2.142027947323588,-0.5371614646497769,True,228.22017671763146,-186.82371164309254,-3.2104274964413863e-06,-153.18079713952983,87.77256135007053,120.07169595204464,0.02585650208763636,1.0,0.02585650208763636,120.07169595204464,hs-SNR,,,,,,,,,,,,,,,0.6848484586406781,0.6932396663772756,True,,,,True,0.6644911938401333,0.0442065468672368,0.0,211.26301199607886,0.0442065353016012,0.12306392590071467,-153.72259567433426,-184.50148938163707,Hybrid,0.013542833135435115,0.5773502691896258,0.4749392703243901,0.6701116832898164,1.1754795045327866
52,893.8013150700052,0.21732487593971844,192.4491881152817,-576.2170501039751,145.31469618723716,0.42944362117089097,9.44589541021914,-0.4863192832747891,-93867.84713119737,216396.3946021662,0.5289599890277394,2.280420638675653,0.4231841181006728,True,229.4531390043407,188.8858159160761,-5.8803451103157364e-05,152.62593112823774,86.38117223954931,117.5282965031597,0.02596288876897563,1.0,0.02596288876897563,117.5282965031597,hs-SNR,,,,,,,,,,,,,,,0.6802107005290591,0.6934458672931583,True,,,,True,0.651399977359075,0.04383107065775425,0.0,215.26504271679062,0.037520589627046345,0.3353618573926648,153.0945180356082,185.96738550026973,Hybrid,0.014257374396758603,0.5773502691896258,0.4720893717269541,0.6600798818677944,1.161657208278878
53,912.6780752116088,0.2156463036544267,197.35235578385144,-607.3447293830425,153.49965676899708,0.4377728451203317,9.404630643372363,-0.43864672522431536,-101867.75313510072,229434.0521168948,0.5351109575878963,2.2780498733057053,0.432658052289908,True,229.6213306658809,193.8516827583392,6.999991022934355e-05,158.353786082567,86.09434364397967,117.13588350921054,0.02613644805446073,1.0,0.02613644805446073,117.13588350921054,hs-SNR,,,,,,,,,,,,,,,0.6804443927468878,0.6937810824033256,True,,,,True,0.6503517472216357,0.043988819616795134,0.0,215.64826274546257,0.03757780004153352,0.344879771259211,158.78058542201734,191.00070750940125,Hybrid,0.014394048472370118,0.5773502691896258,0.4715515175238458,0.6593605232575698,1.1608225243086614
54,790.6646437731963,-0.2140925172249786,-221.17524779118682,753.3298913840927,-605.5212925431317,0.3560225513124628,6.422283686573343,1.0822250000191762,-118567.41127218615,109813.9808939146,0.5576054659024406,1.7859417549798655,0.31043086586904794,True,229.6195448478064,-217.68603447206038,6.119550503913733e-05,-181.04507314905965,85.81517321229703,116.01787726657636,0.02639949847716573,1.0,0.02639949847716573,116.01787726657636,hs-SNR,,,,,,,,,,,,,,,0.6806243491919269,0.6942863791561499,True,,,,True,0.6562365324053531,0.06398977299921244,0.0,214.7397828574628,0.06398976624721428,0.2653127386971709,-181.3670101899773,-214.62325059053447,Hybrid,0.014216066243500882,0.5773502691896258,0.4722523800369047,0.6639407928503922,1.1673589153866697
55,384.8964875825502,0.19460295112030107,326.76237045339377,-929.457577262217,76.74679929437062,0.16994480640169554,0.3842771373872637,2.5319683472420333,-158236.90497301175,6482.407855051833,0.5249725662480094,0.5180640088871548,-4.000784523882962,True,227.11773233534592,323.09180852446775,1.7313885013979595e-06,261.7136239074099,89.06360490637371,120.22334824798298,0.02663073220752425,1.0,0.02663073220752425,120.22334824798298,hs-SNR,,,,,,,,,,,,,,,0.6867074968460279,0.6947278442356043,True,,,,True,0.6510789916237263,0.042712883345036576,0.0,210.33202203572392,0.04271287139864938,0.023516801908755068,261.7678844933792,319.7244962724772,Hybrid,0.014592479316982437,0.5773502691896258,0.4707746326827683,0.6601147614880689,1.1622852993510424
56,415.496523070776,0.2131325403788502,303.83304989264184,-878.4050535031444,72.98965688473851,0.18701416581060049,0.5425445578642353,2.4572019837264936,-142135.01396731165,14758.49496870958,0.5303919808059809,0.5451698034204744,-2.595172799900475,True,227.8224674817953,299.9685323218114,8.948940624096729e-07,243.28570847935958,88.18212564434326,118.53703645458135,0.026714108201477283,1.0,0.026714108201477283,118.53703645458135,hs-SNR,,,,,,,,,,,,,,,0.6839007796762251,0.6948864072056972,True,,,,True,0.6481052271705721,0.04358330874394943,0.0,211.91552926375155,0.04358329742443425,0.08742163160509073,243.30528867287103,296.5453712597076,Hybrid,0.01478739343601243,0.5773502691896258,0.4700160474311789,0.657914291825797,1.1593438712256492
57,819.5208898087633,0.230175647271456,195.1110983204381,-572.1286463594603,149.57354223802488,0.4107250853289292,7.588762237563428,-0.10102369983147352,-88655.6798419782,167775.84021690066,0.53565470375023,1.8803532760856119,0.4103888714771787,True,230.169813171996,191.4901533760074,-2.000523670422823e-05,152.46290196453782,85.39306337912215,116.84509804556208,0.027307405781463817,1.0,0.027307405781463817,116.84509804556208,hs-SNR,,,,,,,,,,,,,,,0.6892362088632433,0.6960054587297987,True,,,,True,0.6541624788298497,0.04406837848005832,0.0,216.04797298126888,0.03773610092490821,0.32893838109653545,152.86972767875903,188.396922268394,Hybrid,0.01475049520778158,0.5773502691896258,0.4701593109838838,0.6627248234742459,1.1664562798353348
58,405.26195508716756,0.20387146581813256,302.52948037534645,-883.5016910103578,70.87927590163999,0.17931649074561734,0.4975784682827285,2.5248441141257127,-140874.11327748987,12109.68632348461,0.5293615653734569,0.5452019694249676,-3.023614407086669,True,227.9753239803181,298.8599665252832,-1.24199578574909e-05,240.5161388015497,87.99606101421854,119.14173682021955,0.02739675520135207,1.0,0.02739675520135207,119.14173682021955,hs-SNR,,,,,,,,,,,,,,,0.6900672759744984,0.696172597083897,True,,,,True,0.65304695879189,0.04337783730454375,0.0,211.5471112941164,0.04337782578576927,0.05902764992796222,240.54155571013263,295.448126553828,Hybrid,0.014851733446017425,0.5773502691896258,0.4697666136504474,0.6619148096485649,1.1654146525177544
59,387.2854671316449,0.1944894335471875,322.3858723485398,-925.5498949522442,76.8575712800551,0.17046611601521364,0.39804510803113935,2.5499877454434845,-155538.00931965286,6864.973957642826,0.5259840293131622,0.5245092345816988,-3.913516685629503,True,227.6784807890829,318.8276408230656,-2.581359406909296e-06,257.4823652607064,88.37583243453365,120.0765844698645,0.02749417735454156,1.0,0.02749417735454156,120.0765844698645,hs-SNR,,,,,,,,,,,,,,,0.6926773848553219,0.6963544281378954,True,,,,True,0.6553816019021722,0.042931511237343775,0.0,210.73122758587425,0.04293149943727537,0.023162557935879784,257.5378586761113,315.4329634841139,Hybrid,0.014773099274895129,0.5773502691896258,0.4700715281523561,0.6637264776276735,1.1679983847057616
60,748.0991678984124,-0.21428098630023115,-215.09298998648185,717.1410826200882,-654.5900989669827,0.3319856061851484,6.212084769839572,1.1996005593046923,-106379.14155188324,81913.64513528234,0.5504776416423465,1.7529546190106755,0.2740726206415974,True,230.11661493716485,-211.70328716345085,9.08856159413741e-06,-173.37079010132527,85.20318657312755,116.40040775632744,0.02757941428088335,1.0,0.02757941428088335,116.40040775632744,hs-SNR,,,,,,,,,,,,,,,0.6902169024490675,0.6965131687872312,True,,,,True,0.6616767505391532,0.051334865997957516,0.0,214.92274929893185,0.05133485891084985,0.2445369808094799,-173.7324160605869,-208.57124135992734,Hybrid,0.014476920922930419,0.5773502691896258,0.4712264882203818,0.6685908254601537,1.1748358141236095
61,819.2455042799322,0.22440836603858624,190.7647519808669,-578.113867194468,142.96199737497759,0.3968383374970591,7.888287016027213,0.00250359007191426,-86184.06058239371,168021.68860773192,0.5330249669136028,1.9724890190187887,0.3968381388492654,True,230.39572801986483,187.2851578042967,3.5341534852705607e-06,148.58284743085997,85.0643878097715,117.08169455064692,0.027848027131366856,1.0,0.027848027131366856,117.08169455064692,hs-SNR,,,,,,,,,,,,,,,0.6935501163405402,0.6970113142121085,True,,,,True,0.6729016837952649,0.06420838754245653,0.0,214.2675781264593,0.06420838145111363,0.2554021776112433,149.07873930073333,183.81642625936627,Hybrid,0.013999066794772756,0.5773502691896258,0.4731121566793698,0.677479105437533,1.1876099544374326
0,382.3185715425311,0.2418149145930677,146.9614892167512,-291.0832744480213,164.11200997527743,0.19081251087831488,2.3792448899644696,1.1419815248757814,-18879.96262937881,1849.487699397884,0.4774903008877252,0.7851414766370809,0.053781450240301835,True,226.6627276585901,142.36821924030284,-2.873373728513637e-07,55.86164730165244,90.3243274230624,39.07720763120032,0.02820729284209725,1.0,0.02820729284209725,39.07720763120032,hs-SNR,,,,,,,,,,,,,,,0.6999270531429322,0.6976726456407757,False,,,,True,0.6722209206473629,0.040340058248961516,0.0,206.50577122736286,0.04127743758755428,-0.21075091410260688,55.2657863031525,137.4479437280381,Hybrid,0.014193166591951243,0.5773502691896258,0.4723428358160138,0.6770694464787341,1.1873275000598564
62,421.2351055993957,0.2070660732877416,299.4548937696917,-902.9529229439778,68.77846761099046,0.1854835163276652,0.5565238459612517,2.573792735676606,-143750.53378964454,15927.720102917336,0.5344846040624347,0.5680964174364139,-2.790313969393592,True,228.7332544362397,295.8823228387522,8.15338105484335e-06,239.6902744562577,87.00880567030077,118.40488218779076,0.028261693431178382,1.0,0.028261693431178382,118.40488218779076,hs-SNR,,,,,,,,,,,,,,,0.6949143839734722,0.6977722996320882,True,,,,True,0.6559929476058732,0.04349838138255796,0.0,212.49475437753202,0.043498370175181336,0.08154910159254831,239.7238306476255,292.4783616205408,Hybrid,0.015097227432260827,0.5773502691896258,0.4688192341984284,0.6644938080686908,1.1697020499621016
63,880.1970415229969,0.2317219889711371,201.621584060062,-568.9224229595047,148.61565617705102,0.4593218613575779,8.353448721134539,-0.5963415217896885,-98986.52078585906,206021.75982232328,0.539314849182962,1.98897192665202,0.44867885562179416,True,231.0032325643033,198.1660473237069,-7.221917396021688e-06,159.99666280443194,84.25684072964583,116.49357749972744,0.028586356488943112,1.0,0.028586356488943112,116.49357749972744,hs-SNR,,,,,,,,,,,,,,,0.6968298072239737,0.6983644129887273,True,,,,True,0.6603165790827649,0.0440778479613871,0.0,216.86649545980725,0.03765985554739328,0.3480767997066533,160.40490086640852,195.0525432526676,Hybrid,0.015010144414534353,0.5773502691896258,0.4691545102566722,0.6679259889912479,1.174744655092253
64,891.2098626801532,0.2340311520311195,202.0201757106041,-549.6377728556091,149.54116141464976,0.4744694229526902,8.577548142932484,-0.8105902492294367,-98819.18706515893,212834.04907700245,0.5379615996705288,2.0092886608615483,0.4553189459982931,True,231.03629211312702,198.53791744914287,7.708123625406317e-06,160.19826815446459,84.25909252840952,116.57258696612408,0.02859258575620569,1.0,0.02859258575620569,116.57258696612408,hs-SNR,,,,,,,,,,,,,,,0.6969440147995958,0.6983757301699619,True,,,,True,0.661063112175526,0.044608229719609566,0.0,216.86919540141568,0.03811290419356597,0.3508040114534562,160.61444467029182,195.38682462118481,Hybrid,0.014972024716506143,0.5773502691896258,0.4693015439998611,0.6685027447963304,1.1755557333767588
65,837.6274264386641,0.22843904250999536,197.6299688090205,-590.977240681148,144.71597443923636,0.4192580766617184,7.737454721365794,-0.1193925395064806,-93713.3134087421,179359.43114194114,0.5391558310968327,1.9144649237570348,0.4187975060024018,True,230.935962225292,194.20723525819733,1.0196948453071786e-05,155.62346427827418,84.28681180216812,116.53743579769069,0.028686503302161614,1.0,0.028686503302161614,116.53743579769069,hs-SNR,,,,,,,,,,,,,,,0.6979377889163881,0.6985461597234324,True,,,,True,0.6607979405469766,0.04394764123774897,0.0,216.6399901233931,0.03759188491876174,0.33420885843177395,156.0360758857494,191.0982799955236,Hybrid,0.01502932013826306,0.5773502691896258,0.4690806087503757,0.6683340525440132,1.1753969774799673
66,805.1368765169432,-0.21275033809222565,-207.89755083799642,689.0185846431477,-601.5846155799742,0.3617223491861344,7.457705533636791,0.763426116407739,-104821.5090133458,119956.91901188035,0.5471720780221333,1.9916640694771544,0.3421848576418287,True,230.8236520669509,-204.6842468655909,8.077912791756474e-06,-167.42341673619708,84.26651378111892,116.4828989640036,0.028722144929946486,1.0,0.028722144929946486,116.4828989640036,hs-SNR,,,,,,,,,,,,,,,0.6980041749904735,0.6986107408350395,True,,,,True,0.6727210867106868,0.058652827953513564,0.0,214.99602669438045,0.05865282139675384,0.25444326891314245,-167.86433775803658,-201.4505603524427,Hybrid,0.01439143288685654,0.5773502691896258,0.4715617894077125,0.6776483176931812,1.188579424829035
67,861.6685810927553,0.2296586645049975,197.8151184108147,-570.0890024191046,145.1157895336327,0.4397737431206852,8.256533029027995,-0.4262259441670743,-94454.86993097268,194117.8588491989,0.5366289391321247,1.99309559989582,0.4342729913268508,True,231.02509411559825,194.39534284783142,3.7955639245973917e-06,155.97158951681956,84.21430762966601,116.66197595129715,0.02877059342128325,1.0,0.02877059342128325,116.66197595129715,hs-SNR,,,,,,,,,,,,,,,0.6985705797383043,0.6986984423393385,True,,,,True,0.6806737884008468,0.04527010141231963,0.0,214.4072128830697,0.03870387429117609,0.341858278604768,156.45612392479285,190.75879305805438,Hybrid,0.01398074136672582,0.5773502691896258,0.4731850331722704,0.6839956592054965,1.197718284763289
28,853.7743152273242,0.22626529506337426,193.1738625763176,-565.5120005808135,138.08692887785708,0.4251940348149471,8.45456382809203,-0.3513477527600065,-90024.71034690824,189444.8550372597,0.5324590096212167,2.055082998229673,0.4215437801749816,True,231.0274566273237,189.80614593888507,-6.861697460842868e-05,151.3598830937704,84.21535461322766,116.96766420483738,0.028913042773267464,1.0,0.028913042773267464,116.96766420483738,hs-SNR,,,,,,,,,,,,,,,0.7002133133883418,0.6989557385250831,False,,,,True,0.6652204533733629,0.04396286428394073,0.0,216.3650081464818,0.04757543077592677,0.18367133843273792,151.83738579869438,186.65031223980748,Hybrid,0.014887799333352138,0.5773502691896258,0.4696270018634097,0.671838174043783,1.1804994266596474
27,824.3368212840946,-0.2112393561700928,-208.52212650010785,701.8818511087453,-574.779772147825,0.369824061490342,7.68357141495656,0.7148620407297918,-108399.58898235342,133890.6409767544,0.5491994310209892,2.040036527194105,0.3531967761539418,True,231.00557045702942,-205.36995410280304,-1.931443365127923e-07,-168.71584772663888,83.99144782280561,116.36270369189268,0.028999613980926424,1.0,0.028999613980926424,116.36270369189268,hs-SNR,,,,,,,,,,,,,,,0.6994494206051856,0.6991116954740022,False,,,,True,0.6747886838417213,0.06145203379808625,0.0,215.0999168996534,0.061452027370511614,0.259614001067349,-169.15749630922897,-202.1446090362838,Hybrid,0.014398827199813018,0.5773502691896258,0.47153275271544,0.6793829823810469,1.1912865826248369
26,862.2234512255939,0.2355660600673804,206.99546296645542,-594.7270872302065,147.20180618333941,0.4560926603062033,7.552180392737756,-0.3678519427187744,-103340.70604388486,194893.60955340764,0.5472206477852296,1.8267364410646432,0.4516133230577149,True,231.28750608232897,203.5451629660406,3.629562239197185e-06,164.91278676965734,83.79307510875672,115.96027789399193,0.02911491285585508,1.0,0.02911491285585508,115.96027789399193,hs-SNR,,,,,,,,,,,,,,,0.6993450376668118,0.6993189259344857,False,,,,True,0.6773084135337223,0.04578772930431923,0.0,215.26862762296798,0.03904800621857787,0.3551644603801786,165.31253514009074,199.94683429366899,Hybrid,0.014310544879537984,0.5773502691896258,0.4718798599102465,0.6814242163361359,1.1943037742675555
25,657.3172049842074,-0.1409317496262667,-189.3610712549365,980.3152582462958,-658.106448192991,0.19684828284616784,5.460068963317148,3.9347555416425197,-103156.22377010404,33517.45588463482,0.5968737709035992,2.0208098311030405,-0.5120393372783489,True,229.924660350122,-187.06784315352684,4.058449370736236e-05,-150.7115227947568,85.531693721443,119.95979346548849,0.029182174188695863,1.0,0.029182174188695863,119.95979346548849,hs-SNR,,,,,,,,,,,,,,,0.707396464936201,0.6994395654052674,False,,,,True,0.6827598792647517,0.04482356959149335,0.0,211.9192387299869,0.044823558371196816,0.1007149393505683,-151.3182342869103,-184.51475791655534,Hybrid,0.014041114857638,0.5773502691896258,0.4729450994541186,0.6858108071144765,1.2006847962074023
24,800.3570174251378,-0.22023782286575724,-216.25429045851,693.5031012789402,-609.5667490697879,0.37509479782792654,6.900069087048628,0.7046370387093898,-110760.36094464909,115030.39722203734,0.5514087574389314,1.8424567782137224,0.3571053635897575,True,231.24833570141698,-213.0179321968536,-8.01091965886469e-06,-175.0471655931007,83.64984253482831,115.92639073006654,0.02944191998644701,1.0,0.02944191998644701,115.92639073006654,hs-SNR,,,,,,,,,,,,,,,0.7015627165526365,0.6999037170311935,False,,,,True,0.6742182339864896,0.06266225761934689,0.0,215.56656244406932,0.06266225132078307,0.2633622383629649,-175.43892128502875,-209.6969470729483,Hybrid,0.01462170691928911,0.5773502691896258,0.4706605979229594,0.6790847864906989,1.191220072718603
23,948.1544781176692,0.2297413337851769,212.32344477961982,-602.7166553591387,143.23723182451042,0.5069510209387935,8.8458922849635,-0.9084250488051856,-117718.79043717525,254807.116653206,0.5501259486812575,2.060068896440011,0.4836284424268591,True,231.64347932767032,209.0417723893898,3.30716870864488e-05,172.39942974558053,83.27757634999928,115.83392800862171,0.029580051946657214,1.0,0.029580051946657214,115.83392800862171,hs-SNR,,,,,,,,,,,,,,,0.7011964607293901,0.7001494429975016,False,,,,True,0.6627335112564879,0.044592067456138834,0.0,217.7456751675169,0.037967827035406826,0.3698048533556005,172.76215715393482,206.009895277626,Hybrid,0.015325713902388119,0.5773502691896258,0.4679435780932405,0.6701576791144951,1.1786763107660458
22,839.9808134606208,0.23528227684982994,200.4765965398176,-572.2810779984393,144.4841059251425,0.4383474744609539,7.595326615097513,-0.3141522117393567,-94471.80077654142,180260.9116596705,0.5405855436534139,1.8464729518178191,0.4350990423282081,True,231.4796389909557,197.0748618916882,-3.8439402233888506e-05,157.6324955123809,83.55165060125407,116.30136492417692,0.02970724011384559,1.0,0.02970724011384559,116.30136492417692,hs-SNR,,,,,,,,,,,,,,,0.7040355428617707,0.7003750263791411,False,,,,True,0.6650519654559042,0.04420722675935182,0.0,217.1367491979072,0.03780227758068521,0.33963449804313234,158.03865771154395,193.85883368483482,Hybrid,0.015251950607596638,0.5773502691896258,0.4682256365284024,0.6719968825505731,1.1813653322157027
21,909.1802680770876,0.23433101777648435,211.49044268969035,-599.6912288556033,143.8407087810334,0.489727289911699,8.131004893559519,-0.6819568917385993,-112395.77266549008,226658.55350504024,0.550950256378818,1.9190917414334467,0.4754281593528752,True,231.73131152084386,208.1608472789337,-1.973321404922337e-06,170.41577762871327,83.14799939393042,115.73660271208985,0.029857029858007894,1.0,0.029857029858007894,115.73660271208985,hs-SNR,,,,,,,,,,,,,,,0.7031676780136591,0.7006398730177604,False,,,,True,0.6632082684316339,0.04456285875039885,0.0,217.81254431410943,0.037965507694188855,0.3645320341837297,170.77185709960648,205.05856159842227,Hybrid,0.015423189062162956,0.5773502691896258,0.4675717662873348,0.670625259136345,1.1795546802362908
20,677.0793327802389,-0.13692395671127675,-188.45781940817287,1024.3314328078313,-639.3626172402022,0.1971249773832807,5.7149689800156125,4.144912003994033,-107488.57596743989,43372.81031288621,0.6057686374368019,2.119560912336241,-0.5544230879225307,True,230.42248865632016,-186.2984173844729,-4.256016949271488e-06,-151.16583022400914,84.83457009306892,119.90830474436487,0.03002221143248885,1.0,0.03002221143248885,119.90830474436487,hs-SNR,,,,,,,,,,,,,,,0.7127136718843878,0.7009309095259966,False,,,,True,0.6887018515129886,0.04481502665091305,0.0,212.12776251147255,0.04481501539761816,0.1069194977438705,-151.818918388859,-183.78137044204067,Hybrid,0.014062576916483402,0.5773502691896258,0.4728599158720327,0.6908882313595871,1.2087721395318274
18,867.713708979628,0.22187281662458105,194.5806061678861,-593.6635724066831,141.34339446750863,0.4235814569327168,8.613736817688887,-0.252713509853989,-94624.3354384346,198501.19752525206,0.5357624808011857,2.111315286113224,0.4217279025632713,True,231.69970018234585,191.42405625021016,-6.316710177974094e-05,153.63414346488082,83.17939771671209,116.728295105234,0.03032099529316665,1.0,0.03032099529316665,116.728295105234,hs-SNR,,,,,,,,,,,,,,,0.7084244056038391,0.7014546400041876,False,,,,True,0.6724314691473446,0.04432414021863223,0.0,216.7624963655601,0.0379336211792007,0.3314986894807806,154.12369758656826,188.26944560749283,Hybrid,0.015102747428629978,0.5773502691896258,0.468798010607921,0.6779784444210518,1.1903422304647735
17,854.6404448572351,0.2358460110639528,201.94499985707,-570.6020907180125,142.89349472866897,0.4509923637315982,7.7805217782306615,-0.4406736850130622,-96879.31884742106,189457.30478875322,0.541636260235665,1.8716848303888216,0.44475263771456136,True,231.82972018677668,198.6158120473693,5.997809742540124e-05,159.29260202468038,83.04487751222588,116.1935813289538,0.03039726747021573,1.0,0.03039726747021573,116.1935813289538,hs-SNR,,,,,,,,,,,,,,,0.7079619146881678,0.7015877828917659,False,,,,True,0.6818920940333351,0.04572649631593615,0.0,215.8026810888788,0.03906472227659597,0.3458042443483648,159.73909690041611,195.00816288901606,Hybrid,0.014598378845401359,0.5773502691896258,0.4707516068901298,0.6855169466547861,1.2012474179308639
16,399.10050601440366,0.20539024646594067,304.8020020017433,-878.086467916256,68.33846435518008,0.1783567818421698,0.4672881056159591,2.4986806161522632,-140762.47955990548,11001.100119199924,0.5277915651728394,0.5332687957627003,-3.161876334783634,True,229.6158642940574,301.45496061120105,-2.1354768737428e-06,240.87702418811344,85.88626853405349,119.02199080626735,0.030517095117223118,1.0,0.030517095117223118,119.02199080626735,hs-SNR,,,,,,,,,,,,,,,0.7105018628635204,0.7017965072315727,False,,,,True,0.6687176983361232,0.04397006475790437,0.0,212.4563986359288,0.04397005360921398,0.04617316832300277,240.9212248858732,297.8707408906684,Hybrid,0.015400621786562454,0.5773502691896258,0.4676577550841397,0.6751360408845193,1.1864484985725074
15,414.860431917944,0.20092161171555864,287.8426415252103,-876.8434249200218,67.08598068839338,0.1804788408525824,0.5604115109185888,2.61450233814732,-133143.11768634614,14036.421610589197,0.533678499761173,0.5758532674208671,-2.8688975294566696,True,229.75387521891795,284.5823336462953,-2.5305758053186167e-06,226.54649571981014,85.67613972795793,118.73414953525659,0.030581170514075464,1.0,0.030581170514075464,118.73414953525659,hs-SNR,,,,,,,,,,,,,,,0.7104421663457587,0.7019078935274286,False,,,,True,0.6683580343878076,0.043604151599949736,0.0,212.7591249690754,0.043604140498199856,0.055234548814076787,226.5822504214508,281.1075485169474,Hybrid,0.015449647785438237,0.5773502691896258,0.4674710204165706,0.6748781691517228,1.1861333249174826
14,854.703194428791,0.2365750968036448,200.406850513218,-558.3874803509883,136.47846863777673,0.4529970491468841,7.894795729744346,-0.5149052951381659,-94786.56026239447,189677.28807676907,0.5395456191880953,1.8878813832463917,0.4446014087770379,True,231.9104628107648,197.08620662587228,1.3974850141612119e-05,157.52610106905175,82.95160949945551,116.306388901945,0.030599987681777945,1.0,0.030599987681777945,116.306388901945,hs-SNR,,,,,,,,,,,,,,,0.7094234468149572,0.7019405749376976,False,,,,True,0.670345592767948,0.044424705660771314,0.0,217.35959690505084,0.037992096830782654,0.34188777704104256,157.95523069323562,193.8047636906329,Hybrid,0.015343426277109412,0.5773502691896258,0.4678759381737292,0.6764375092499433,1.1883646622164843
13,404.2567610674865,0.20777968614094808,326.9161824224396,-950.0991257454393,74.38258102402548,0.1809475520605357,0.43682938949815103,2.5356428143555743,-164137.35819933764,11136.939812600715,0.5306270418738269,0.5318144831004668,-3.498683807781996,True,229.94203224483115,323.5972021192918,-3.411629584711605e-06,264.17208205517454,85.42599861571955,118.57051695985076,0.030879395524921163,1.0,0.030879395524921163,118.57051695985076,hs-SNR,,,,,,,,,,,,,,,0.7120652240441365,0.7024242719387624,False,,,,True,0.6697403543746966,0.044296871122361005,0.0,212.92663489291786,0.04429686004038868,0.062205892590823535,264.2376848495434,320.0123991227183,Hybrid,0.015500068688211806,0.5773502691896258,0.46727924507063,0.6760608531030837,1.1880474865939779
12,756.0201721960361,-0.21236406473561376,-205.1418285933543,680.7531214996503,-654.5034650739243,0.33279188732195863,6.897805395783952,1.0506054359513577,-97372.54278124664,87283.38164815749,0.5446726520710294,1.899552254937881,0.29278743232801285,True,231.6856196982716,-202.1113894466758,-8.984451395356109e-06,-163.07501033024653,83.0308164633115,116.61867715454387,0.030913775365952943,1.0,0.030913775365952943,116.61867715454387,hs-SNR,,,,,,,,,,,,,,,0.7122116657346779,0.7024835858325417,False,,,,True,0.6822508862981211,0.047969568196591664,0.0,215.3889651164254,0.04796956126535811,0.23321177562508105,-163.5586428124736,-198.7819708299948,Hybrid,0.014793486741002409,0.5773502691896258,0.4699924043484222,0.6859733010698432,1.2023207727243068
11,381.96304313969557,0.2450784360509054,150.26470275942725,-296.7121857010183,170.01367186830598,0.19232452616952256,2.30143698546193,1.14589081618245,-19990.915041341592,1302.4271403554958,0.4784091956711069,0.7663410490625575,0.0496891019860824,True,228.2519234560604,146.00416445561268,5.8930919827228964e-08,58.3950398052561,88.34904348455136,123.27668083680076,0.03094469815338626,1.0,0.03094469815338626,123.27668083680076,hs-SNR,,,,,,,,,,,,,,,0.7164551954657435,0.7025368976935603,False,,,,True,0.6842872057162471,0.039974379573440834,0.0,207.62560454610215,0.04096464299858895,-0.20955712505472326,57.7350770628407,140.92328168613886,Hybrid,0.014668456797314284,0.5773502691896258,0.4704784071859279,0.6876007215693001,1.20467024480703
10,728.9226190129473,-0.2317199046351625,-219.96359292035592,660.4775937645869,-621.7513326662097,0.3534181007985289,5.682576453231017,0.8743010254381853,-102707.7016714016,73678.14144211015,0.5476397417045991,1.5663609508807852,0.3197888883553053,True,232.00053102295658,-216.72637653128362,2.4609921679474558e-06,-175.3717068534169,82.60090302057573,115.75791476445627,0.031396088987242256,1.0,0.031396088987242256,115.75791476445627,hs-SNR,,,,,,,,,,,,,,,0.7134465734406897,0.7033110745046324,False,,,,True,0.6790602830352338,0.050167323511912734,0.0,216.29213870885133,0.05016731701612268,0.24763275736636234,-175.73749149590904,-213.21976728316338,Hybrid,0.015179028996123656,0.5773502691896258,0.4685050686602952,0.6835852302857357,1.1992448258508726
8,406.20314944405465,0.24428614036220994,143.8972681250794,-295.244779309075,174.87541910493493,0.20114346921438786,2.8794111742181787,1.0624107000348,-19293.355336278048,4473.339425014368,0.4793403290207208,0.8969212435603446,0.10314457054590363,True,228.74639056872255,139.7546543267257,1.238201203877086e-06,56.51919401497218,87.7354557189813,122.8716811199782,0.031521990013240415,1.0,0.031521990013240415,122.8716811199782,hs-SNR,,,,,,,,,,,,,,,0.7176078862672015,0.7035256724248141,False,,,,True,0.6857230593848479,0.04013219295275156,0.0,208.47361744528203,0.04071693979126064,-0.18771152792925944,55.667351652336215,134.7973678004191,Hybrid,0.014844852163171057,0.5773502691896258,0.4697932682356309,0.6889568896471706,1.2071451484008022
7,740.3435563641083,-0.2351638338024934,-221.8157468355796,659.6838073967651,-574.3037818171351,0.36752679112836617,5.65479158884216,0.7647579568211114,-105236.92904468236,83882.2082836382,0.5501297923438062,1.5411575566807252,0.3416701913168357,True,232.23927246786167,-218.58526237847613,6.689563860450749e-06,-177.26123063965167,82.24653760338519,115.50442072796518,0.03180450762388092,1.0,0.03180450762388092,115.50442072796518,hs-SNR,,,,,,,,,,,,,,,0.7153084904967246,0.7040051342954223,False,,,,True,0.681233854202857,0.054982925145054436,0.0,216.5122155622574,0.054982918880046576,0.2556435387428996,-177.6170628963249,-215.0198595770661,Hybrid,0.015222904590154684,0.5773502691896258,0.468336868695134,0.6854487832058763,1.2022583104733795
6,680.6157666521739,-0.14190221761360816,-193.13211240202446,1031.4844481872867,-639.4588576712417,0.20292162594762256,5.575331963125813,4.022925856832467,-111885.19660868672,44518.112010215584,0.6035842055872409,2.0643206335868647,-0.5227720438019408,True,231.3263736220049,-191.026815725024,-1.4387467837986895e-05,-155.6229492592957,83.49225364484495,119.28665708932988,0.0318308175726295,1.0,0.0318308175726295,119.28665708932988,hs-SNR,,,,,,,,,,,,,,,0.7222022542011087,0.7040496389717086,False,,,,True,0.6962813560592398,0.04584007662138839,0.0,212.88579206405842,0.04584006577378175,0.11910694896578435,-156.25391487979527,-188.40668948570183,Hybrid,0.014360204824887746,0.5773502691896258,0.4716844915370058,0.6976283370701382,1.2201740650866546
5,660.4059381227636,-0.13974997783141402,-193.57996223865933,1016.480700018222,-722.8670695168221,0.1963752346856933,5.454134054304934,4.0339672974245255,-109284.28538970932,27567.610729116524,0.6007710699809454,2.035861396480321,-0.5495219139114511,True,231.18338642109367,-191.48369308356632,2.391415650702332e-05,-154.98376027553962,83.74188958994664,119.75468774203895,0.03184942644903765,1.0,0.03184942644903765,119.75468774203895,hs-SNR,,,,,,,,,,,,,,,0.7228934201464496,0.7040811019270209,False,,,,True,0.6971859441535001,0.04509784788529561,0.0,212.45906537102178,0.0450978368065817,0.09858288528289376,-155.64703611414703,-188.84877788746627,Hybrid,0.014315357397138009,0.5773502691896258,0.4718609137688964,0.6983768109504263,1.221306989740503
3,888.3953052773558,0.2324912893898868,200.6874420534896,-559.4813092686528,148.40480188296934,0.467827768466765,8.609106527364661,-0.7225232182004563,-98473.72828854714,210563.78249337134,0.5383102320537737,2.0318560954744243,0.4526682452578407,True,232.47581312121414,197.55407925519816,4.482337957921383e-05,158.7787519099347,82.09418620970325,116.33278506027351,0.031867941128558085,1.0,0.031867941128558085,116.33278506027351,hs-SNR,,,,,,,,,,,,,,,0.7165039398624011,0.7041123933419345,False,,,,True,0.6786061271230229,0.04532554519993348,0.0,217.53549853468812,0.03874236903359588,0.3453413582418661,159.24861715149726,194.2436030282176,Hybrid,0.015403709411855471,0.5773502691896258,0.4676459869290597,0.6833784903582862,1.1993120005390154
2,430.75269328435775,-0.15010224820108906,-44.200307191687095,160.67100377431552,854.3176564696613,0.1604140629859995,8.655196556222856,1.3265902618652663,3917.558784330974,-15292.985335311721,0.4699831076494626,2.3848975160332584,0.10958212313795307,True,227.7677236212111,-41.45193771130649,-5.542586604012539e-10,34.7534512907325,89.07651994394706,41.51403829283547,0.032094173434836275,1.0,0.032094173434836275,41.51403829283547,hs-SNR,,,,,,,,,,,,,,,0.7345808094617013,0.7044937605760311,False,,,,True,,,,,,,,,,,,,,
1,796.6692830743773,-0.2239483233435662,-215.338054608594,677.6057694324867,-586.1847849636844,0.3809182088537122,6.847148731489903,0.6183715543099119,-108488.07206160002,114650.84737702385,0.5507260677685126,1.8148491085907947,0.3669567997265421,True,232.53191588497128,-212.32822148665142,4.44464538750716e-05,-173.34308874895916,81.76209936171456,115.67928984394405,0.032397130956691084,1.0,0.032397130956691084,115.67928984394405,hs-SNR,,,,,,,,,,,,,,,0.7186812589009051,0.7050016385315808,False,,,,True,0.6884993816628249,0.059560562849912485,0.0,216.31603279176147,0.059560556751934286,0.26123953700179353,-173.76912178685487,-208.83290815814968,Hybrid,0.01503837337228656,0.5773502691896258,0.4690457328676139,0.6914691824547599,1.2115084536051912
0,654.5616755623571,-0.1441804742987352,-190.54879037169948,971.7252863034784,-657.8831099347096,0.19937140416400367,5.380681579898878,3.8484333346155535,-103210.21385505267,32087.675070456164,0.5945385729363935,1.9865759507439789,-0.4887588499244815,True,231.4716142917778,-188.43066689248352,-2.7429039442133866e-05,-151.13925769066748,83.30910586722564,119.55238340278324,0.03253842562122185,1.0,0.03253842562122185,119.55238340278324,hs-SNR,,,,,,,,,,,,,,,0.7263075591262037,0.7052374094432576,False,,,,True,0.6996913968600016,0.04527535277673613,0.0,212.68286303159002,0.04527534193863749,0.10015121250596654,-151.79715047249704,-185.7085231855947,Hybrid,0.014438051094421957,0.5773502691896258,0.4713788346709141,0.7006410572832455,1.2252423238079249
29,919.8281704404736,0.2271779834603937,200.30590487289268,-565.7905181615821,145.63331688931166,0.4765690934369269,9.315505324507068,-0.8706194191314169,-101909.90745137047,232596.92957466445,0.5365102195000646,2.1837730946048644,0.4562272508163594,True,232.81196632377186,197.32058937708808,-1.2286051525349514e-05,159.4831332687611,81.56073288767637,116.42572282359295,0.03268109355279407,1.0,0.03268109355279407,116.42572282359295,hs-SNR,,,,,,,,,,,,,,,0.7208169497438353,0.7054747712940759,False,,,,True,0.6841557715836795,0.04499497856974508,0.0,217.59163892712712,0.038453215166406735,0.3473015795672796,159.9878758186969,194.02838512782643,Hybrid,0.015411706833509538,0.5773502691896258,0.4676155104438209,0.6880624482749472,1.206733842757998
28,758.2153679614061,-0.2172808583835011,-219.58425457944526,737.2969584191461,-650.7497956948495,0.3434579888776877,6.1184855523204185,1.1801018660561409,-112629.65904159295,86125.3124033871,0.5554013874365932,1.726305032422795,0.28655500192281,True,232.60266254069327,-216.67678779539798,4.545002729366762e-05,-177.60037467069012,81.5681078086294,115.62149524891285,0.03285830312790841,1.0,0.03285830312790841,115.62149524891285,hs-SNR,,,,,,,,,,,,,,,0.7212933907836007,0.7057686280961757,False,,,,True,0.6867949184415939,0.04897995381337017,0.0,216.56301967572202,0.04897994717451682,0.24813861985453745,-177.99992107194458,-213.32002327838225,Hybrid,0.015326140951049397,0.5773502691896258,0.4679419468766316,0.6902361759444077,1.210049415765858
26,400.4974130051484,0.2494813352913653,147.56184319097167,-297.3013444684345,171.4180527103147,0.20186239032867914,2.659239235739642,1.0614699463575588,-20078.071244453586,3717.335926627442,0.4796605915079814,0.8417214666611703,0.0959375047563838,True,229.51946174642958,143.52997876030622,5.771619128246169e-07,59.23464306530722,86.71559179751014,122.61549590690387,0.033078275150267816,1.0,0.033078275150267816,122.61549590690387,hs-SNR,,,,,,,,,,,,,,,0.7261410805938641,0.7061319078786231,False,,,,True,0.6923637855540553,0.04039555696381382,0.0,209.0042706498245,0.04084530201105853,-0.1807651668195601,58.22843701894635,138.41819275785645,Hybrid,0.015081221386094756,0.5773502691896258,0.4688807945089948,0.6948071558261527,1.2169607763539003
25,795.1850986619348,-0.20728469352955484,-208.42025594151409,741.7957213149907,-586.8186104735647,0.3445275454772309,7.143782426575509,1.1387681137350047,-108988.43405531344,114659.32564976935,0.5542139260563175,1.9757402922663785,0.299145675641883,True,232.74614442673183,-205.67771292272994,-2.7130196238255466e-05,-168.216329952503,81.33950382400234,116.04043306124966,0.033256145493281486,1.0,0.033256145493281486,116.04043306124966,hs-SNR,,,,,,,,,,,,,,,0.7239951367034443,0.7064244632038116,False,,,,True,0.6929078305617908,0.049106034485891584,0.0,216.1949046640382,0.04910602783198903,0.2459880419377037,-168.6976234530092,-202.378584670355,Hybrid,0.01511905908015354,0.5773502691896258,0.46873531465387297,0.6953021587933872,1.217830268639014
24,891.1081902716884,0.2320556644753909,204.18829567351207,-588.8518564436147,132.98251735082226,0.4686885398171614,8.306628679479411,-0.5817947822410339,-103955.70782451966,214139.06433756527,0.5446043025606144,1.979691372829681,0.4585013392781785,True,233.1043004737912,201.202232896163,5.604889806367162e-06,162.59081394491875,81.05036191024676,115.86377623127764,0.033423859839155565,1.0,0.033423859839155565,115.86377623127764,hs-SNR,,,,,,,,,,,,,,,0.7240185718465171,0.7066993444952157,False,,,,True,0.6837477492481354,0.04513384534900789,0.0,218.13025071143696,0.038530845461314266,0.3497289103923174,163.03631289009076,197.88705641959282,Hybrid,0.015739932270770602,0.5773502691896258,0.4663706682979666,0.6879671073399346,1.2071561125545969
22,826.2188879926456,0.2432158388656304,207.6585432815248,-589.869083246136,146.21633584428272,0.4481666508242213,6.820493945195548,-0.20879306863694952,-99827.77871036279,171332.96633041013,0.5498850961309812,1.6703246415260615,0.4465687260309025,True,233.3206161524524,204.57619443557329,1.1351034410898746e-05,163.68605411576598,80.70500244682412,115.4153187758017,0.03411397974067505,1.0,0.03411397974067505,115.4153187758017,hs-SNR,,,,,,,,,,,,,,,0.7273698201819505,0.7078206888270312,False,,,,True,0.6833059486400423,0.045739244213991295,0.0,218.50574380141487,0.04684470884687593,0.2376130300968125,164.07635742485982,201.1266677326073,Hybrid,0.016048456736490576,0.5773502691896258,0.4652109351262932,0.6878272434428827,1.2074656171243907
21,766.8943808824312,-0.21926923145794605,-209.07122565829303,675.9966649805522,-608.3605087861196,0.3525022445242853,6.751634929678046,0.8720672315265643,-100905.3568210323,96365.16624119037,0.5470887388211597,1.833253271007272,0.3243423519862763,True,233.1010841551207,-206.24646712825668,-3.7422549278621666e-05,-166.4835894692643,80.86586911401307,115.98539650681721,0.034266605861427005,1.0,0.034266605861427005,115.98539650681721,hs-SNR,,,,,,,,,,,,,,,0.7293072479752769,0.7080665971464272,False,,,,True,0.6971362032953236,0.049304458872103885,0.0,216.38670761364617,0.04930445240741258,0.2427948642334784,-166.96981128571326,-202.71791596875119,Hybrid,0.015259221537231325,0.5773502691896258,0.4681978070211501,0.6990386558648182,1.2241501230425575
19,795.3777258352839,-0.21574355404887013,-218.99483654454886,749.6681672251054,-612.0218324185364,0.3623075222838651,6.616441218162137,1.0303213091281829,-117505.93508978767,110764.353790111,0.5585852976010169,1.8258305227285645,0.3221967601293694,True,233.28900848915126,-216.25417470746999,2.9969190725963482e-05,-178.11530419415138,80.4702115629015,115.3556626478855,0.03449037794930463,1.0,0.03449037794930463,115.3556626478855,hs-SNR,,,,,,,,,,,,,,,0.7290692026671511,0.7084257894744969,False,,,,True,0.6956530745704276,0.052743999397873984,0.0,216.93610622564896,0.052743993096487585,0.2580838740611803,-178.53783662508653,-212.85743122768883,Hybrid,0.0154363451139725,0.5773502691896258,0.4675216629724542,0.6978943544890135,1.2226111958605468
18,394.6495660752399,0.19846789944832285,315.71368983102934,-927.4054557283922,73.35244650796326,0.17400087272018358,0.4235414762162255,2.5890838659737367,-153213.99236787652,8498.994171242943,0.5293804126877409,0.5373993467163459,-3.782728067341953,True,231.3553699683398,312.8266649961194,3.40989884753797e-06,250.39497940118656,83.44196656471506,119.12563048410892,0.03482817106615093,1.0,0.03482817106615093,119.12563048410892,hs-SNR,,,,,,,,,,,,,,,0.7345352186524642,0.7089650074201096,False,,,,True,0.6891275345541346,0.04394823931688651,0.0,213.1271030782692,0.043948228395316716,0.02362254404615307,250.4862010763981,309.1338595834122,Hybrid,0.01597363150547108,0.5773502691896258,0.4654912918917058,0.6927060050980388,1.2151522926082796
17,784.8157768549391,-0.22087094497828952,-214.2370425835463,699.578891792812,-573.7076970070408,0.3667347226290471,6.656868767454664,0.8326879506126222,-108537.14104803107,108894.215018665,0.5525641745021262,1.8029985169657696,0.3406951067331576,True,233.39729651741158,-211.45524166883519,5.6742955690739626e-05,-172.21493092679898,80.36021086943255,115.53723110481084,0.034867305270928364,1.0,0.034867305270928364,115.53723110481084,hs-SNR,,,,,,,,,,,,,,,0.7313837865688112,0.7090272461594866,False,,,,True,0.6983337360203695,0.051600856905374484,0.0,216.84854428259945,0.05160085068555114,0.2542683530520253,-172.66362629202956,-207.9365312797652,Hybrid,0.0154171602369403,0.5773502691896258,0.4675947326741317,0.7001877775771731,1.226319119734018
16,939.6505224598294,0.2156502071437943,198.33269661595082,-614.4299520137305,146.42581716161797,0.4566546029172464,9.894036883978734,-0.614687389806926,-106271.31434326225,247628.8992812745,0.5372168087954114,2.3710613226935293,0.44710742334791703,True,233.61253633147209,195.66928669049327,2.181241831569047e-05,159.1950795419656,80.17893019311009,116.40977041308227,0.035017807892645615,1.0,0.035017807892645615,116.40977041308227,hs-SNR,,,,,,,,,,,,,,,0.7324486153053229,0.709266160741942,False,,,,True,0.6978850108394608,0.04600301335024731,0.0,217.62066624277543,0.0392994542562832,0.3424624538851196,159.76190047766315,192.384447100094,Hybrid,0.015502636193777437,0.5773502691896258,0.4672694869574574,0.6998636193817463,1.2259446143996215
15,389.8069385013418,0.2405631367494256,147.25134227682574,-303.2279242926718,169.15441539322637,0.1928946035154648,2.4607000241345123,1.1892979785083058,-20064.771555605552,2081.0897437128947,0.4805028661076554,0.8133913357850123,0.04919264189771011,True,230.1659365357275,143.52056720889968,1.3787813881456178e-10,56.51727148861059,85.75523766257447,122.95526358462988,0.035128017143526,1.0,0.035128017143526,122.95526358462988,hs-SNR,,,,,,,,,,,,,,,0.7379932049849659,0.7094406671462764,False,,,,True,0.7034832021451772,0.040540366664204665,0.0,208.43434518555242,0.04170728638218482,-0.2185684527667129,55.29610220154182,138.26300650474082,Hybrid,0.015105791968404397,0.5773502691896258,0.4687863062559847,0.7044273859849061,1.232742885073201
14,810.6090912980056,-0.22373213206719209,-214.3112093489452,668.5231697147392,-620.7418178114423,0.3895382150786401,7.22853257610744,0.48937489924045297,-108422.04629129963,119260.61137760682,0.5496612102530825,1.8886956272336024,0.3812554900066737,True,233.55131416159992,-211.52820939907642,4.843970746357924e-06,-172.38302041639443,80.16099222942243,115.5927607866625,0.03514987808059135,1.0,0.03514987808059135,115.5927607866625,hs-SNR,,,,,,,,,,,,,,,0.7326603592680522,0.7094752374664633,False,,,,True,0.7027417073247978,0.058461702915208864,0.0,216.6991091840709,0.058461697000076265,0.2610341530909337,-172.86353463427105,-207.89872866620075,Hybrid,0.015251783045191597,0.5773502691896258,0.4682262779430486,0.7038866392777984,1.2321137483137323
13,761.1102667513138,-0.2206613065102221,-215.0329683528775,711.4533671563948,-567.2504563962484,0.35180928195501937,6.206756670264224,1.0348127737821675,-107736.76101973989,96106.26821718148,0.5535233217971769,1.7241579631964172,0.3086773559882343,True,233.58732060310882,-212.2940404965139,-4.905909119850905e-05,-172.45266033481477,80.03302971537124,115.47592938528166,0.0355775178403414,1.0,0.0355775178403414,115.47592938528166,hs-SNR,,,,,,,,,,,,,,,0.7348752996176842,0.7101485568606406,False,,,,True,0.7002518319805274,0.04977873121745193,0.0,216.9711149759101,0.049778724796010164,0.2474455429873476,-172.89114806971625,-208.7592658977377,Hybrid,0.015568962972607925,0.5773502691896258,0.4670176505391421,0.7019557523869997,1.2295012874066098
11,812.5411406188824,-0.20816853142361288,-210.38415981179284,744.0795535866789,-623.1206170374935,0.3561732822779126,7.417251613502708,1.0204335132767184,-112370.35139657576,120940.89175929801,0.5551061861042298,2.024385155588463,0.3210765709460945,True,233.72767159751731,-207.83076047877807,3.633182091108168e-05,-170.36764566111634,79.76525259603756,115.78176990875559,0.035932538801437604,1.0,0.035932538801437604,115.78176990875559,hs-SNR,,,,,,,,,,,,,,,0.7366745607587271,0.7107033379771349,False,,,,True,0.7059535544667914,0.05005996604950521,0.0,216.655825254166,0.05005995965225469,0.2503447594798163,-170.88256302182864,-204.4123785536049,Hybrid,0.015343526309424354,0.5773502691896258,0.467875556268705,0.7067527930157875,1.237059927978794
10,783.3429895192095,-0.2308818298359497,-220.2608222511349,670.0411700174436,-609.9335789406563,0.3873765325061857,6.435778180221517,0.5856006483977679,-109898.04956376787,103438.50979009588,0.5525897751817433,1.7065446531216741,0.3740553726634733,True,233.82170308144032,-217.44827405158574,2.411535235260496e-05,-177.02939684236878,79.72039864092893,115.217972479616,0.03595026640144952,1.0,0.03595026640144952,115.217972479616,hs-SNR,,,,,,,,,,,,,,,0.7360448912371708,0.7107309416444403,False,,,,True,0.7029514837533516,0.05685638603283509,0.0,217.18397304548802,0.0568563801400335,0.2616006131177951,-177.4609443737449,-213.7451375106991,Hybrid,0.015539842187074153,0.5773502691896258,0.4671281610032793,0.7042756301898668,1.2332863210062452
9,426.10385049792256,0.21182823371856885,285.7188701487077,-866.9947548711383,69.75117107106172,0.1895729189237509,0.6259199125829594,2.5496162789443693,-132156.5952856348,16474.471399003058,0.5355219529966344,0.581416024636468,-2.4068228176460407,True,232.27762877367653,282.8264242732182,-7.860561262044027e-07,224.68531117836383,82.06854183767939,117.63803968551943,0.036044297377443454,1.0,0.036044297377443454,117.63803968551943,hs-SNR,,,,,,,,,,,,,,,0.7380785133438825,0.7108772013841447,False,,,,True,0.6917662339026112,0.04503038069948833,0.0,214.6736984626156,0.045030370369060296,0.07442693951251672,224.741355121446,279.07231775093237,Hybrid,0.016286162916013504,0.5773502691896258,0.4643240893427183,0.6951856671010512,1.2197050341861804
7,946.3190985366252,0.2339030515392675,211.98276216451615,-588.5066116968022,146.1067069747204,0.5189717946211968,8.846736805915228,-1.024900738818689,-116323.89652890574,251370.17294858352,0.5512831817718966,2.0408674116756917,0.4892879250917917,True,234.23405394424304,209.23068586162015,2.0942863478176165e-06,171.0894276510778,79.21132885523552,115.3639614009371,0.03640602517012688,1.0,0.03640602517012688,115.3639614009371,hs-SNR,,,,,,,,,,,,,,,0.7371717952335807,0.7114374168281279,False,,,,True,0.6965375113616495,0.04650540248434437,0.0,218.9945733758496,0.03961507933939462,0.3656328913503429,171.52976919336302,205.82669365043202,Hybrid,0.01611979929728451,0.5773502691896258,0.4649441629485044,0.6991551864436574,1.2258953650997828
6,776.9086327827815,-0.2274320538963245,-218.3177125001883,685.6006419516256,-588.1456462433523,0.3756376839819085,6.366863236089452,0.7375305182185049,-109333.37624360117,102235.09702262221,0.5530507621621354,1.7146375620587806,0.3542790005481116,True,233.94770846394425,-215.57533800509918,-4.4470763496645016e-05,-175.3193293948168,79.48217047380638,115.24772530487516,0.036452836660059405,1.0,0.036452836660059405,115.24772530487516,hs-SNR,,,,,,,,,,,,,,,0.7384832749136533,0.7115096347195591,False,,,,True,0.704293571588855,0.052188316303851866,0.0,217.26865293137143,0.05218831026674888,0.2570284318846883,-175.75782478751495,-211.9199766476041,Hybrid,0.015642539332288118,0.5773502691896258,0.4667388408731493,0.7055161777544098,1.2355377294422194
3,855.6391632908228,0.227896415826434,194.66981142948785,-579.1243549266923,140.3876476186753,0.4307466198676727,8.347971634376915,-0.3151753464136217,-92600.559154303,189315.0830445876,0.5367424857453457,2.0344636841919583,0.4277717804893894,True,234.10588185974166,191.96124924733624,-4.189226860233211e-06,152.31932873382686,79.39951854097191,116.23677304828541,0.036822708046308536,1.0,0.036822708046308536,116.23677304828541,hs-SNR,,,,,,,,,,,,,,,0.7415154370852175,0.7120780170655882,False,,,,True,0.7038852942130518,0.04587934360229149,0.0,217.86542357014469,0.03929342621140759,0.3266143715101006,152.8936954582097,188.42012121255462,Hybrid,0.015806467695162973,0.5773502691896258,0.4661197227618972,0.7052771723090719,1.235435966831854
2,384.7291284481265,0.1946136923435426,328.8596402797125,-953.6796572808696,73.31036304745712,0.16990952558361544,0.36655643246699504,2.5897613166179303,-163288.16634452788,6132.5221019399605,0.5273629662296316,0.5232659942197372,-4.404327265128362,True,231.9253344537748,326.1455793487435,2.492170822458093e-06,261.3707938636395,82.59886457224681,119.52956370344471,0.03683468270440756,1.0,0.03683468270440756,119.52956370344471,hs-SNR,,,,,,,,,,,,,,,0.7448229714763859,0.7120963527113144,False,,,,True,0.6990834499561743,0.04397533991967421,0.0,212.96222451730992,0.043975329015583486,0.003127717591927629,261.50487191471626,322.36522529633305,Hybrid,0.016119342030499566,0.5773502691896258,0.4649458711546651,0.7013458433774994,1.2294911751958195
1,772.1984949017623,-0.21721252181338035,-208.61038968013185,686.540849751771,-622.1860863851026,0.3515238137238821,6.886483273669852,0.9118645650575524,-102070.73965615784,97787.95600616912,0.5482577456514159,1.8735982459270548,0.3213379789529335,True,233.96281677478981,-205.9957663635251,-2.1666881073286526e-05,-166.24496353466841,79.44393489464463,115.86395263164788,0.0368651535233265,1.0,0.0368651535233265,115.86395263164788,hs-SNR,,,,,,,,,,,,,,,0.7414445755636214,0.7121429912371489,False,,,,True,0.709857599553597,0.04991660073375589,0.0,216.64858392596662,0.04991659430534184,0.24086479707552794,-166.77481616436782,-202.37066110394284,Hybrid,0.015437546712752909,0.5773502691896258,0.4675170877599468,0.7102408758147348,1.2431096361803993
0,822.1978909695047,0.24151323516924336,200.3247479038216,-562.7247162216785,144.49857278632,0.4406740238531427,7.252008008496529,-0.3003553660526143,-92043.1088520289,167838.66656832234,0.5423236869197892,1.7629427744486963,0.4375640801723406,True,234.18805805339127,197.47023029435505,-3.1147661863082863e-06,155.87208033910372,79.31043114218784,115.73664758877358,0.03695218652705602,1.0,0.03695218652705602,115.73664758877358,hs-SNR,,,,,,,,,,,,,,,0.7415744581815655,0.7122760574729075,False,,,,True,0.6994548635849074,0.04549096118227757,0.0,218.48366474784484,0.04698949877344803,0.2206231498085397,156.3562040751381,193.83439913105803,Hybrid,0.01614014353577719,0.5773502691896258,0.464868184796234,0.7016808567835627,1.2300795739569592
