,ms,theta,u,muhs,mu3,lamh,lams,lammix,muh2,mus2,Pih,Pis,lamh_tilde,th_bool,h_low_0,s_low_0,h_high_0,s_high_0,Tnuc_0,dT_0,alpha_0,vwf_0,xi_J_0,v_calculable_0,num_FOPT,alpha_max,dT_max,tran_type,h_low_1,s_low_1,h_high_1,s_high_1,Tnuc_1,dT_1,alpha_1,vwf_1,xi_J_1,v_calculable_1,h_low_2,s_low_2,h_high_2,s_high_2,Tnuc_2,dT_2,alpha_2,vwf_2,xi_J_2,v_calculable_2,h_low_3,s_low_3,h_high_3,s_high_3,Tnuc_3,dT_3,alpha_3,vwf_3,xi_J_3,v_calculable_3
2450,847.4707476757758,0.17953380901060634,391.09676395946144,56.60953284520542,136.149811201396,0.31387247528229434,2.4629142078940918,-1.4267343126293046,-67949.26155464357,284617.9126070749,0.43199045652700296,0.37793949986863895,0.10725029653268177,True,-1.4304112016129186e-05,50.95199265910696,-0.00012644200318122774,57.586248533786744,858.5172636591005,0.7076055332032638,1.0142081986408384e-05,0.001377961913985299,0.5799446740298435,True,3.0,6.49640999212924e-05,97.94129314374528,s-SNR,6.76548815398975e-05,185.1686620465107,1.0219248662576793e-05,69.84921696312023,808.1911865868306,97.94129314374528,6.49640999212924e-05,0.0932258466700707,0.5838936454664657,True,4.057096009509906e-05,257.5895663355011,-8.997506303987733e-10,224.8690617368632,766.1018122926346,16.103154306673787,5.884557473440605e-05,0.023846964748311876,0.5835796207889189,True,,,,,,,,,,
5596,786.3715964707985,-0.2974660101018987,-292.46507249873736,-26.453266366015786,-848.6159466130298,0.5561900111674196,4.778894435829925,-2.4361442817217958,-62738.99519492213,89484.63005701627,0.5110904757573784,0.7886995620038488,0.2457207676500568,True,1.9728979299823225e-05,-89.55901236608665,6.3835693069464445e-06,-101.62120424031968,795.0681155720371,17.930221298839573,-4.2313040480857815e-06,,,False,3.0,0.00024847703817100627,0.08520815482478382,noneSNR,5.8544611510681495e-05,-144.33862212690633,7.0410143978521885e-06,-127.72278243977013,605.7201872001073,22.891355599290023,2.329814073352294e-05,0.01977443439488684,0.5812778731090025,True,46.91635626516727,-252.43692340829327,0.006734244526559555,-250.6601252707277,151.6649590936261,0.08520815482478382,0.00024847703817100627,0.06273034689371125,0.5900766087193697,True,,,,,,,,,,
6975,944.2436915943857,0.2939546777890369,440.1611300003472,25.97141514757141,420.4667735694909,0.7356540275335355,2.5934579562545195,-2.3005442609643882,-166832.95212090344,249453.29164929554,0.6064724848053284,0.26494044556956525,0.2254757264073787,True,-0.00010648820850302698,107.12942183450129,-1.0039511477176866e-05,115.73592083691021,968.5118326120523,1.0891389437132375,7.394196824503225e-06,0.0014972511055291262,0.5795662358259313,True,3.0,8.004407908565058e-05,20.241498189639515,s-SNR,1.4728203006702701e-05,213.9800940399376,-1.7338534222702207e-07,140.27960448883908,855.2863999794452,76.21287646819542,4.740262165666068e-05,0.058024327725667374,0.582944379135272,True,2.2929975523065e-05,331.54596219761885,-1.997750241221749e-05,296.47020280063145,731.3467422038774,20.241498189639515,8.004407908565058e-05,0.030232633277285707,0.58460889231843,True,,,,,,,,,,
3286,483.22509664429117,-0.29198503428725026,-360.3795355402361,697.6012646722148,-751.5693478882301,0.27798048823171584,1.6463648686760388,1.258851987903563,-152805.88818159228,-77545.80276772955,0.5259438921905832,0.6213998818196035,0.037343015093223325,True,-6.959033056842661e-06,-199.6809307643698,-1.1276244821114756e-05,-217.0741022353866,767.4019097570589,23.44765036828824,-8.632977197483841e-07,,,False,3.0,0.09370590747032627,114.9742281425888,hs-SNR,9.923295794979974e-06,-247.67640332172888,4.866485888734545e-07,-238.92188916860906,413.0281255878575,4.653458838115569,7.664760808634717e-06,0.022278731199483776,0.5796063352804236,True,240.8228965721676,-358.85568930664164,-5.253887469344065e-05,-293.4663915177917,64.86997187305447,114.9742281425888,0.09370590747032627,0.8607133254768075,0.7719441268790999,False,,,,,,,,,,
4757,96.07734905167472,0.03779054022647621,146.1240329583627,-52.64793665255411,375.7991995097973,0.1289985412890414,1.246561289962938,0.3670301443237325,4044.5020917276756,-28092.340951646416,0.4142936752367531,0.3728120132113566,0.10198199426344244,True,6.473084949430138e-06,59.90937799506909,2.6548756306949038e-05,60.44882910339468,266.804064872779,0.08667223901380794,8.888157200942621e-07,0.0037816508648933845,0.5781195245362909,True,3.0,0.0027090435829725265,11.028423105564856,hs-SNR,25.31444632913404,7.79930265739837,7.13546242066727e-05,7.1371903048048555,126.96829604948923,0.14463062121664905,9.033527639870035e-05,0.02179181526677534,0.5850583248227117,True,209.67179719475524,133.7485054320723,168.4590824918931,43.333324977431715,106.8466219331442,11.028423105564856,0.0027090435829725265,0.24781498361006785,0.6182590370269001,True,,,,,,,,,,
591,8.469213874691205,0.20443110944539414,-72.67687546898195,37.82920943664567,-419.4783942484253,0.12377893438165648,1.4601439951796036,0.3474731993925079,5671.146298184618,-28018.338089361558,0.4108689990775929,0.4229481986936522,0.1031067224808682,True,-6.5473570418540046e-06,-59.65791233663885,-3.956942049243467e-06,-70.06085627940767,238.67865325402568,7.723256370421637,1.7622903382295363e-05,0.03126759412098156,0.5807677030917687,True,3.0,0.000790441023716253,40.827586519799475,noneSNR,25.597628051062266,-11.920659341877744,0.0003739799852613602,-11.39102882180771,144.35747256476432,0.04621265045429368,7.199876274210938e-05,0.028379076209414107,0.5842367226740971,True,235.22378492678868,-125.79951298273001,229.11867534295163,-61.948688042379096,80.67749938591008,40.827586519799475,0.000790441023716253,0.4359584547232237,0.5998453557828165,True,,,,,,,,,,
4472,778.8293354049575,-0.27539388656251695,-388.49688465280167,-30.34107174232554,-225.96177475558773,0.4895113534244182,2.1633633623605864,-1.6947937365817949,-86438.59634208729,189733.0831561544,0.5086407529333778,0.2583752178265141,0.15758308613339994,True,-1.7366436723974468e-05,-77.4783945476888,-1.1060548752388974e-05,-83.82183663694109,845.8898516643169,0.7013079914079299,6.357311856486e-06,0.0015784533385869801,0.5794052863682179,True,3.0,5.181290972717877e-05,67.82416545940725,s-SNR,4.4077438835113495e-07,-185.00969637216235,1.1327792729647447e-06,-108.51995804412779,753.2682710402098,67.82416545940725,5.181290972717877e-05,0.06447172434805336,0.5831975195446905,True,1.7868326540556492e-05,-276.1738506175541,6.9551132473117784e-06,-254.74771156176703,660.2438961020844,5.149094081002204,4.7306218790357926e-05,0.021227128827674982,0.582938715806728,True,,,,,,,,,,
9791,219.940406766082,-0.15501492807642314,204.5100540679639,-254.0993689686682,381.39548510693976,0.13550920768106395,1.0512628885419488,1.3416274615582937,-15695.704493163386,-31025.885576749955,0.4581572299842045,0.4864202990618695,-0.2925388726863061,True,-4.594330812133585e-07,136.17424556743828,3.6564809126424876e-05,137.6794561851508,524.3758795611861,0.18697853156868405,-5.254580947689042e-08,,,False,3.0,0.00012984296886778236,0.015983686042090994,noneSNR,-7.8753980505781e-06,159.51235515007386,9.436166127809637e-05,158.26112017791814,315.47071925003866,0.15662455380362414,8.130578541474602e-07,0.0019142205541548816,0.5780860323082031,True,35.44775302909056,227.3021620573016,0.0003221161077398734,228.520429987433,153.12607873798996,0.015983686042090994,0.00012984296886778236,0.049937946069841664,0.5865788810806826,True,,,,,,,,,,
9135,931.9487774429097,0.21853637648818972,398.7315302540303,12.985521544022047,205.16599625364344,0.4597519349175868,2.8657530015987116,-1.8713354487921967,-115713.50549636186,318082.8853792659,0.4864051390045286,0.4045490089343116,0.1542566288014719,True,1.1767539825855852e-05,66.29490641835264,7.211690389422287e-06,84.39965766507767,868.6504916015166,4.494742347707302,1.662566463574268e-05,0.008050181998547524,0.5806698872849451,True,3.0,8.040985173545244e-05,26.949792991726557,s-SNR,-8.190205883564842e-05,175.49354092642452,-1.509045355255709e-06,78.21963560237063,833.5638160287701,107.64962169465592,4.0825679337501864e-05,0.08611807343625569,0.5825436491164537,True,1.1663972727820835e-05,271.5907824913553,-8.027389666036913e-06,230.98476539315553,773.2990725658134,26.949792991726557,8.040985173545244e-05,0.03079078413041325,0.5846253517096133,True,,,,,,,,,,
1536,553.8239982054945,-0.2990013949045965,-346.5567042120585,-73.90696474651065,-181.7135164396464,0.3374089790547042,1.4608562439872468,-1.1735749405026996,-24409.273811236893,83372.60923442131,0.4543070155851498,0.16961823757969516,0.10171190984535043,True,-8.285494882075636e-06,-86.63854995624473,-2.630872289811287e-05,-94.03842157618328,691.90358542337,1.9364291804258755,2.9125561041455278e-06,0.003744931414880393,0.5787420370335666,True,3.0,1.4849262022984469e-05,0.050208036284971065,noneSNR,-2.633877032967025e-06,-137.67440847244632,1.0413249754207426e-05,-104.04267590481987,643.3133884841792,33.87181261527894,1.2636794666812233e-05,0.03800045978290676,0.58024546830845,True,-2.6186789158590766e-05,-245.58995336470886,-1.1040519538782993e-05,-239.08358260532842,522.3223100378093,0.050208036284971065,1.4849262022984469e-05,0.006510998058373794,0.5804880327732861,True,,,,,,,,,,
7609,323.757551767897,-0.13053769886217126,-289.8624809982035,262.8190259330084,-601.8631261242822,0.14153711926936854,1.489438310189762,0.7454386867012205,-36286.206337675554,-54202.0048222562,0.4363299868259786,0.4965993586643106,0.048267255081431135,True,-7.097658887822763e-06,-154.3564911763971,0.00013131874787572902,-158.20243631661782,695.0453669247747,0.006906905174332678,-1.0608714002539943e-07,,,False,3.0,0.00014470164530384908,0.02044397561613209,h-SNR,-7.504380175636287e-06,-199.5309519367875,4.978925702350283e-06,-198.4802211495821,344.25929763212355,0.08006454075677992,1.3195407613033528e-06,0.0012871536573921163,0.5782874269984152,True,35.24198565116575,-263.9173735830472,-0.00016132378646400468,-262.98261095221403,152.66430636923016,0.02044397561613209,0.00014470164530384908,0.045277813128677784,0.5870881828511263,True,,,,,,,,,,
8059,558.0480976918275,-0.2262977646734909,-669.9019636908306,-246.44100924475998,-951.294374544902,0.2518979178323004,1.052826639554714,-0.7599842728761143,9831.412609996129,-176682.09406191375,0.42878442945838896,0.13654261440932616,0.11474900999707555,True,1.4499534543185538e-05,-356.2954590518384,5.247107423291122e-05,-364.3015261379347,854.0989395084871,0.27493254146168056,1.9999331335567454e-06,0.0042591185816372255,0.5785037951882189,True,3.0,1.5350473814543448e-05,0.7973748740581641,noneSNR,-9.914456916314108e-05,-420.36862243419563,2.253972999051055e-05,-381.23431149080415,791.7151504396471,13.299732889125721,9.258603240071446e-06,0.0355538442459656,0.5798293499906755,True,-1.46423457682931e-06,-573.3419629876563,1.8439876123750928e-05,-564.1549016091882,609.3522878919557,0.7973748740581641,1.5350473814543448e-05,0.009853026112204906,0.5805404019839967,True,,,,,,,,,,
8860,495.56505668223093,0.2197288547704987,743.3164319249727,35.350609112818354,830.8115273158077,0.21918487054026609,0.7725140812738979,-0.3148369067416741,-47414.279675910315,-198827.38878343985,0.43097571273464014,0.14065570252819548,0.18710704819066887,True,7.028656919861325e-05,398.7788948420211,3.905506698344338e-05,405.9462572899926,823.0855453177518,0.10385878453030273,1.9782409026526193e-06,0.002359946674668485,0.5784975285360094,True,3.0,1.592981292835548e-05,32.985513960458434,s-SNR,1.8224309011494158e-05,501.8350424009529,1.4747829804721704e-05,419.6855951983009,776.5841061244851,32.985513960458434,1.592981292835548e-05,0.06601644759805056,0.5805998742887256,True,-1.2582569009564075e-05,655.0553589487242,2.9929086270885625e-05,647.5699934878804,574.7313145449323,0.10197910755232442,1.1131765022367482e-05,0.007857239862864619,0.5800680184248936,True,,,,,,,,,,
2528,32.8124908944034,-0.193041665004456,-113.57569482229886,58.140421721246405,-377.8977118639373,0.1246504591615936,1.124792693743742,0.6100203003392399,4886.73864364137,-25437.320668998822,0.4222442240070086,0.3828682234924755,0.0419408254451346,True,-4.854775550755266e-06,-181.5634206441948,7.556166929702315e-05,-174.49754193512615,292.3525152092876,0.6777257209931236,1.4416926935251724e-05,0.0168291381265916,0.5804421417095079,True,3.0,0.0026962683415631713,1.5878127289213635,hs-SNR,32.439695226518765,-239.50540485865588,6.075841638988515e-05,-240.6642418913149,83.13143754066184,0.23186553169668397,0.0003590232410485264,0.036572297664723696,0.5926125753550822,True,240.77491106485897,-126.23554239597908,222.92562199742227,-161.2730730683546,48.58827531665331,1.5878127289213635,0.0026962683415631713,0.1485632636429117,0.6181662540574688,True,,,,,,,,,,
6947,866.7822785512086,-0.2258775394375485,-398.46338043362084,161.8550153431829,-34.930459486189875,0.4334574612382817,2.254851096083652,-1.2306271742738346,-135914.7397791963,294483.49222936557,0.499954080269808,0.35860824497527377,0.2655480098457296,True,3.685111677006727e-07,-36.452329807191724,1.5146254034437534e-05,-41.24245622900662,895.9425720036211,0.17545674709776904,7.744521056803696e-06,0.0007470191682635956,0.5796180201931675,True,3.0,7.158965965763598e-05,110.61449424636145,s-SNR,9.843991778375079e-06,-191.56264363265012,5.4995908675369035e-06,-59.632072178324954,827.0541410733687,110.61449424636145,7.158965965763598e-05,0.10768797422076344,0.5842172487068368,True,1.6202213290544232e-07,-277.5103366663789,1.2731549149354662e-09,-240.86841458801644,761.6404852112546,24.747606986231176,6.595496908564444e-05,0.030662420319616933,0.5839430695502914,True,,,,,,,,,,
777,813.414259031813,0.2704242059685721,403.21414035055517,-20.462053872866136,176.08071624134098,0.5093526967450485,2.1066407577368547,-1.6244563532564207,-109429.85241622076,220732.11338930152,0.5214921488989169,0.25591746389147696,0.19619317560414312,True,-4.918505818012517e-05,66.8633236699241,0.00011363324986545966,69.18845832081328,919.051831509713,0.01909051958250529,3.082699796644082e-06,0.001096828080564533,0.5787820618687205,True,3.0,7.261688626628512e-05,75.89662102946829,s-SNR,1.3698554485706605e-06,204.20447261814743,5.229369619486534e-10,111.58781544074286,782.5997214291385,75.89662102946829,7.261688626628512e-05,0.07330519092178184,0.5842660404221479,True,1.09525645050064e-05,291.3886365838336,-3.458795214657605e-06,266.20406173168567,692.1527703330197,8.635374749268749,5.29944266199772e-05,0.024352368796492455,0.5832634680014804,True,,,,,,,,,,
2126,896.9786225718651,0.2785826734064077,245.04803240094571,-135.40417514441194,207.83584878603847,0.62119594234987,6.487205577932061,-2.9047808233755936,-82741.0036158943,233835.0033735357,0.5240669187796954,1.1376712572537495,0.2960269797477818,True,-1.5802458318575171e-06,31.245785263794122,-1.2997993117958446e-05,43.376850146790495,697.8322796951513,15.127521723172551,-3.896715808202056e-06,,,False,3.0,0.0015180891807987892,1.8107695609064651,noneSNR,-5.068702815978078e-06,117.96458180901764,-5.414286504363836e-05,81.63754032732557,544.252954331634,8.350245869214405,8.379083609730572e-05,0.022131491165114803,0.5847757320820848,True,108.68891600609993,213.79389671398198,3.8256128171747976e-05,204.38832558173738,138.53253720908995,1.8107695609064651,0.0015180891807987892,0.0940966818378459,0.6082759344573909,True,,,,,,,,,,
6801,471.97423434125017,0.20979652326951964,383.9938959369638,-520.282478011864,830.3336910193774,0.20317354212467348,1.6668409812092833,0.9086798390695126,-120477.027958347,-86589.59380852924,0.4739499129356433,0.5681568851472396,0.07933163710198267,True,1.4761285299132934e-05,211.25450555610286,2.2473905887531614e-05,225.23843197754468,839.6473441547313,4.999976496224576,-1.1277435390883687e-06,,,False,3.0,0.0012184036380255244,1.2524398457760526,noneSNR,7.984096932701607e-06,262.74211655060344,0.00010729082347705396,248.13346647260067,552.8768193872684,1.3282175346729446,8.855373507177179e-06,0.02700115802555783,0.5797748800646058,True,94.7157889392766,355.48473238554175,4.7863617364967896e-05,347.83866678167334,139.12348158105158,1.2524398457760526,0.0012184036380255244,0.07664342190667342,0.6051393319670473,True,,,,,,,,,,
9155,445.47150803077295,0.17800353459274493,698.0036333720279,34.511529152539204,740.8908915626313,0.17634885299118022,0.7300324021287213,-0.2348133911208143,-22423.147503718945,-167084.1802669409,0.4128920171109664,0.14337253534537794,0.15746704429033348,True,0.00018573778159037733,373.14595090791465,-1.6829372194617202e-05,388.52080318363767,749.0263513442912,0.9305936434561772,2.558361049663607e-06,0.010566747233340529,0.578654767563534,True,3.0,8.842985947000068e-06,0.9208060349603784,noneSNR,8.61976865419785e-05,449.6769445733391,-1.6351748937454747e-05,380.07052631474534,736.0233300282847,30.409159523021454,7.930149179754511e-06,0.06041617217273354,0.5796449830688217,True,-2.4475808544714056e-05,614.4569318830568,4.374784998176549e-06,608.6077468775875,545.6622309765082,0.9208060349603784,8.842985947000068e-06,0.0037404231644618357,0.5797731871895598,True,,,,,,,,,,
1858,368.57898167114894,-0.17969671590616432,-725.7989611422827,-68.008334484501,-460.7192397102755,0.16074859190087398,0.4453816527742544,-0.21199490969996576,3266.2871498772947,-103354.7074692966,0.4060426566250153,0.07601292824356931,0.1355220017063988,True,1.341061141395516e-05,-402.18744099054464,0.00014542592805489766,-406.9020961243847,821.7120174089157,0.011028020501498759,2.9542338506483103e-07,0.002076847765485316,0.5777938878722515,True,3.0,4.078404341864337e-06,0.4430423010215918,noneSNR,-4.917999266661815e-05,-443.6820351102029,1.7611762448612016e-05,-416.63218160385765,789.7981711211432,1.7579899055203896,1.821006149221913e-06,0.02853635163945045,0.578451035873539,True,9.684646188629043e-06,-659.5024496062617,3.460795991083937e-06,-656.5291298128981,492.21697106062203,0.4430423010215918,4.078404341864337e-06,0.0015721358842365398,0.5789968325655659,True,,,,,,,,,,
3374,64.07567132607028,-0.07596517966641332,-141.39203163258273,58.247019048956425,-238.79059806001976,0.1285257412363931,0.6365157958238358,0.4370442166309124,3923.4813478192623,-20277.6373337252,0.4169745282232281,0.2319696517277777,0.05350496070599455,True,2.770965294576997e-06,-41.521787555607965,-2.112621193085633e-06,-42.613833324337,227.2203001769086,0.001637869264385472,2.9306288879959754e-06,0.002529859036046359,0.5787463431731644,True,3.0,0.0014318781805657186,19.044120887540487,hs-SNR,50.147509691212406,-11.544717220659793,-1.1811736493145525e-05,-7.522487923039153,126.51603129763632,0.3931789994876311,0.00035215623417531733,0.03722065870826539,0.5924679072099995,True,181.24665231467887,-169.88926398835213,151.11990313079133,-52.24924671282241,121.28984853631994,19.044120887540487,0.0014318781805657186,0.2611662852839471,0.607410060406379,True,,,,,,,,,,
9271,351.92964069824865,-0.26004667482664906,-234.10324578263,152.8624822600641,-456.11240712792505,0.18808604389314812,1.858322136368148,0.18646980820356154,-19275.196610439016,-19071.630984643096,0.436314079200466,0.4956588354592973,0.18340830413385265,True,-1.3233154095735114e-05,-101.47229411457396,2.4727745529390225e-05,-104.66948419063002,584.1430277915883,0.7986997689552027,-3.012185219840173e-07,,,False,3.0,0.0009749505230090221,1.0716340316225796,noneSNR,-5.8082238463116675e-06,-128.7684506935567,-1.1737527836288866e-05,-128.42533083675542,348.4399653930758,0.04847222635316939,3.5875999569302383e-07,0.0009757728995649284,0.5778391155203596,True,85.08395391003539,-195.45259425127887,-2.8813835050939082e-05,-186.02175001496482,143.53484567413966,1.0716340316225796,0.0009749505230090221,0.06609926614151941,0.6022761654648576,True,,,,,,,,,,
4315,577.2316912391592,-0.2865131914627743,-701.3724145899953,-202.5043873721157,-885.4085207212439,0.3382816600956257,0.9529799534831338,-0.7872491294009364,-31097.336112271118,-167316.95582334048,0.4708402649015174,0.10703680013729404,0.17569660532156928,True,0.00016323519215198084,-370.19591878057497,0.00012895954889397562,-371.1654707106986,951.3419410722076,0.005122323162595421,2.765702426475205e-07,0.0005026606816683184,0.5777795045935589,True,3.0,1.5450172033897066e-05,0.6612074603659721,noneSNR,3.6111817466916396e-06,-448.494247649342,7.1959503122350326e-06,-409.20516074342737,830.0878346079402,11.346273258079007,1.0550809052706932e-05,0.033164458864511616,0.5799963156706072,True,-7.286600227988225e-06,-608.6009917806664,-0.00011868551425631543,-599.2126103738664,598.7312015499767,0.6612074603659721,1.5450172033897066e-05,0.011045696790252456,0.5805507159451229,True,,,,,,,,,,
8124,842.9176069118557,0.27662356419984085,426.4148963153307,-25.24017636161523,218.54801790351345,0.5566028169455285,2.06258826577748,-1.6797386630570217,-129737.77732207894,229145.45873891676,0.5428137794241318,0.235690622601533,0.21461478872591733,True,-2.0896624871018045e-05,79.79620563507504,-1.4662309597952414e-05,83.55617433655264,975.9006727203666,0.016121529939368884,4.034884276134581e-06,0.0015546774102013026,0.5789880364302545,True,3.0,6.267310390065803e-05,73.44608281499234,s-SNR,3.389803771948873e-06,214.9703252491085,2.2581470693992635e-05,127.22398925285644,826.003577058957,73.44608281499234,6.267310390065803e-05,0.0664199571883084,0.5837778909545104,True,-1.2108942509810378e-05,316.56572708080057,8.649127408604881e-06,289.2987378307052,713.6909506735125,9.778208290378984,5.599490093809688e-05,0.02627782450917234,0.5834276795419496,True,,,,,,,,,,
8472,318.5199806556904,-0.0015260040633971461,151.9693366507347,-503.6743374426744,154.67627250265582,0.12907574431690694,0.5307096407973715,3.3178153047660777,-30407.260799460488,-11143.414114613013,0.5372816584357836,0.6856466276603558,-5.056386112001109,True,-2.2904336986956573e-10,81.83945584955302,1.435787939232979e-05,103.3275433388075,160.2058080366676,0.6059600598842962,5.583707793283042e-05,0.002510230240028219,0.5834191545937598,True,3.0,0.011504216840890992,142.22276704536728,hs-SNR,-9.167360207929347e-06,49.22008689830439,-1.5361702644394946e-08,86.00454124178957,143.26658696315712,10.994261571909163,0.00020904689880738941,0.09862150957344566,0.5890342625980356,True,196.1897461589727,151.83460663616006,5.942877797191332e-06,21.541192609975962,114.58778547147499,142.22276704536728,0.011504216840890992,0.6382907267085584,0.6581072007629728,True,,,,,,,,,,
5252,960.2828360903503,-0.26252875921208657,-233.92653916890072,162.9482072705548,-108.82082010789419,0.6327057030583627,7.9075971966399825,-3.2482998850719773,-88642.9335957474,287702.1980400925,0.5155085048965925,1.4355159849813326,0.29911978938024697,True,5.856075288211003e-07,-27.90840411334225,-0.0005461303139982174,-27.90838086883592,612.8212542226307,12.694573708036273,6.939565042991907e-12,0.02964844822509956,0.5773524200869874,True,3.0,0.002318803514305077,3.5389895554228303,hs-SNR,8.348482968520695e-06,-131.41187004162816,4.966096626331657e-05,-56.18992773816896,548.5539868729153,35.78597315716593,0.0001840477392471881,0.054934963287047014,0.5883204542214242,True,131.54617969864321,-208.17782986728557,7.012640909064588e-06,-195.22226273055387,134.4716532678724,3.5389895554228303,0.002318803514305077,0.13829749726630555,0.6153093463354666,True,,,,,,,,,,
9532,845.4712115625902,0.2994528446845483,244.95070065659863,-39.722065721499355,399.8254287601428,0.6309723956900261,6.224910542323961,-3.1057204681540282,-64656.83678931519,176521.89965511125,0.520582660250672,1.038607557555319,0.2435973659313697,True,6.948065698599706e-07,47.008654220414975,1.8816474494608912e-05,57.099571674763034,661.357562955082,14.478177842518107,-4.827651575430719e-06,,,False,3.0,0.0008270342339905043,0.8213961632394273,noneSNR,2.221307202684053e-05,94.95814485897829,5.094042028670703e-05,88.6857470888775,526.4109559954128,0.8233693554385582,1.2095285767929767e-05,0.0063092029594103045,0.5801829119273131,True,81.7727296492503,207.0105011024895,-3.0018462540566493e-05,201.15334435132996,143.46522985038962,0.8213961632394273,0.0008270342339905043,0.05811147382280772,0.600349294274679,True,,,,,,,,,,
4112,710.0274185448691,-0.2586137015091522,-227.0740305855261,76.92258310740567,-211.48337884566672,0.3926163245490564,4.944916459269964,-1.8215403716911207,-40630.595121749015,141477.87907722787,0.454912128699475,0.9326390528689712,0.22486782196917285,True,-1.612374701767453e-05,-46.74288045745189,-0.0006873300297748768,-46.74288985243511,574.9007451641291,13.106493451229653,-7.315179607771253e-12,,,False,3.0,0.00017875901925645758,0.009043842468628329,noneSNR,4.1233199016081045e-06,-73.9237169132626,-9.213801581745373e-05,-68.81708701084955,516.5306630974414,1.5171328677540714,6.781851895505778e-06,0.005322219019974222,0.5794726696025778,True,40.017232457887545,-191.80023527985358,5.019826918323188e-05,-190.65666903768292,152.9810332277428,0.009043842468628329,0.00017875901925645758,0.052838936608444284,0.5881632171929788,True,,,,,,,,,,
7222,418.24429110135793,0.25525950717038004,314.1104842350196,-659.4542976333757,389.582653203533,0.21284014995744585,1.1327041280477983,1.5962312933088838,-115493.92568583168,-25863.975782905498,0.5074311941120032,0.5492145808967636,-0.3495208140945526,True,-1.1430893875110672e-05,176.4737975885738,5.402904925112987e-07,190.91372358162621,757.2886429043904,44.535210487597745,-7.506791224292769e-07,,,False,3.0,0.02002392018477396,119.67550605232469,hs-SNR,-1.2027846693509045e-07,204.15403078260826,-1.1149245623499591e-06,192.7815833133036,513.5687245770981,3.3011707735616937,3.003244230799845e-06,0.03606330853501457,0.5787635122368728,True,222.40706692791485,308.14690702684084,-2.066337868930064e-06,250.12627478612643,94.58825407075929,119.67550605232469,0.02002392018477396,0.6218633369097369,0.6809758694385671,True,,,,,,,,,,
1740,625.9056835197015,-0.2999676489723498,-306.03749393825,45.38566789965171,-932.0958312351332,0.39996398071170747,3.414942961643776,-1.2608422547656488,-48690.70274971622,-8123.522855403359,0.4819483783193619,0.6435953646166692,0.2835840580264604,True,2.888476833094607e-05,-119.59463614215065,2.8012524354902687e-06,-128.6902290891295,782.5504741462971,4.359477126751358,-2.03771892102018e-06,,,False,3.0,0.000281980839498301,0.17075409137791553,noneSNR,-1.4011680011481023e-06,-167.8946857200238,-3.869831614958256e-06,-156.96327763585037,555.1237894623157,3.3037458720996256,1.2696701183956289e-05,0.017085092743299484,0.5802523053885594,True,48.51680413612587,-264.56534519098494,-7.313001155065963e-05,-262.4892749239796,148.6278096398641,0.17075409137791553,0.000281980839498301,0.04434820608309886,0.5908973901724349,True,,,,,,,,,,
4404,560.8021658907688,-0.259224572068893,-381.0222858384785,526.2234453665267,-856.0689704606073,0.2910506177314875,1.9947494582785696,0.5917500735849455,-139906.44895378535,-60510.14453822267,0.50468304384386,0.5973123768338001,0.24716438578710376,True,0.00017786957738847426,-190.9789989969296,-2.6077959625483075e-06,-209.35213839366642,981.7928245146608,32.83364039863625,-1.490474887928684e-06,,,False,3.0,0.0034123722893198137,5.720388731754284,hs-SNR,-1.4908780173080585e-05,-249.35073183327674,1.0865829068045534e-05,-228.9622318618724,642.7733334701188,23.88705174458391,1.138189473707411e-05,0.03266670897116074,0.580098309810377,True,149.38265244417175,-357.8473576948011,0.000129051516998965,-338.6856012431385,128.72878648013304,5.720388731754284,0.0034123722893198137,0.18754827315178832,0.6230421965614574,True,,,,,,,,,,
4976,256.34068975261766,0.22437103505530426,-103.09632910529024,168.25775995488402,-3.5693064181919,0.1495170968407373,0.6650542898142149,2.059880861668106,2663.223215922666,19667.32353801009,0.4950883995686166,0.5095770493982381,-1.4455065084696894,True,1.1969766188845884e-05,-33.60780226392223,4.262613005841263e-06,-37.22351747366344,834.5160447839805,10.915263794868906,-6.414783149407071e-08,,,False,3.0,0.010393454491714185,43.12457554691996,hs-SNR,7.127251133866702e-06,-64.38453131428443,-8.230522927963354e-06,-59.95212851689927,474.29803423350404,2.112825992418493,1.281596010718225e-06,0.008490064182110629,0.5782738651266689,True,205.36785117240657,-111.53643225611782,-6.732627293075997e-06,-171.41967097944573,108.0685620986566,43.12457554691996,0.010393454491714185,0.4926236706692566,0.6544352166720027,True,,,,,,,,,,
610,769.168820993525,0.27066020762288184,300.95565915029437,-117.95108456932962,654.5865474837285,0.4687102645090985,4.060590902601218,-1.6107737246797995,-80034.79455115469,110087.55439897996,0.5017410423049677,0.7466854382036712,0.30896799704399025,True,-1.565038849096806e-05,87.47130596277512,7.0164084459744e-05,102.73734448194807,873.1444799488684,31.400282672440085,-3.944487252392488e-06,,,False,3.0,0.0002577148458562536,0.09679168698369267,noneSNR,3.2646035306912686e-05,152.08119888987488,5.7493356775013816e-05,129.02451202158002,653.2907032738757,45.773582806563816,2.6475671629665355e-05,0.02813505806630945,0.5815361996464157,True,47.38854114410196,264.80931596661884,-8.798578405511453e-05,263.17016500962944,149.0383407509047,0.09679168698369267,0.0002577148458562536,0.05336732159438964,0.5903082987002808,True,,,,,,,,,,
2632,951.3021194563389,-0.2927244691910767,-447.4077737227346,-18.959021567120885,-425.5205476930388,0.7399230786261606,2.5542530814535116,-2.273021202065105,-174167.11358260387,253308.4527184593,0.6097538044724444,0.2597264033525272,0.23423460333836746,True,-1.04798005086216e-05,-110.32424865593524,9.105696255029354e-05,-119.28926796821672,985.2368196377984,1.2132224329728842,7.218403467167313e-06,0.0014372203446579635,0.5795397861552289,True,3.0,8.036638805985212e-05,20.915778868116373,s-SNR,1.4725148125521679e-05,-216.787343094252,1.3959026220473275e-05,-143.63676957115192,871.0765271513077,76.21390087175631,4.4851199402611374e-05,0.0567233856146068,0.5827924765457736,True,5.910794399379868e-06,-339.2061454938355,-2.0197409468349537e-05,-303.35019700409737,740.2937116549866,20.915778868116373,8.036638805985212e-05,0.03122129567923485,0.5846233978772001,True,,,,,,,,,,
8418,968.6768199109616,0.27103931189822145,440.29533984043815,170.10744312859399,525.6726516817871,0.6746461137992342,2.876705208406776,-2.582047746053299,-134487.05945101182,259681.27326012825,0.5642392160594731,0.2888350110928109,0.09525319030679448,True,3.1725396607912948e-06,110.90125979983131,-7.677432569227299e-06,118.7178877760096,964.0910198044317,0.561075486980485,8.051351558386817e-06,0.0014342708979801044,0.5796624172932682,True,3.0,8.419482166644704e-05,20.797705752419915,s-SNR,9.404700329106346e-06,219.66545260500786,1.5164007397522228e-05,144.37808883772988,850.838058198015,76.5156698730972,5.530851007432115e-05,0.05892707665571674,0.5833905144899303,True,-6.3131116021855435e-06,325.6268445840531,1.0546374232856564e-07,289.21967119509964,752.7341238704212,20.797705752419915,8.419482166644704e-05,0.026567465529556383,0.5847934934750956,True,,,,,,,,,,
8561,331.10793213898705,0.08930511591067658,151.43242533429543,-273.32255506631475,-43.843637661489204,0.1352407567645979,1.0366313110050411,1.5809823271310657,-15064.985661565895,23624.392387022963,0.4679961239248369,0.5226548822731045,-0.467554347957211,True,-6.954511019113703e-06,27.70458382155811,0.0001275273903231713,35.779812777231655,675.215249637177,44.074709755287465,-3.097693018462041e-07,,,False,3.0,0.00040087298831279226,0.4081605328373144,noneSNR,1.6198048086367918e-06,63.05439416128437,2.7575528542628087e-05,57.400555308128034,395.44515458883234,5.9310492423025485,3.2403171727083166e-06,0.014583181219594218,0.578818162987209,True,55.852990146248224,128.46299214006848,1.3243901376394826e-05,125.29889413020793,147.93415078026084,0.4081605328373144,0.00040087298831279226,0.036574191614191606,0.593465021086242,True,,,,,,,,,,
2946,429.888315243088,-0.2298013105437448,-181.78688878823948,279.1132181733351,40.5663205836388,0.20147252619505465,1.8476926068893624,0.6971019872386595,-27008.59822348932,43028.06190452047,0.4642836611445483,0.5781068162621172,0.13572144038130024,True,3.976173029391636e-06,-19.432573958806177,-5.488921743074655e-06,-28.046225357903705,717.7931845675599,21.78662131159888,-3.2775415078536035e-07,,,False,3.0,0.002420833805683168,3.7918637547692238,hs-SNR,2.3866087237720846e-06,-74.19206715320638,-4.436065615457279e-05,-71.2947032634037,380.03391392017755,0.4544139040218624,4.028309064707738e-06,0.0021718648222355482,0.5789867033407144,True,128.08547011629844,-155.48041543030942,-6.978344844132837e-06,-138.61213737415486,134.91491155968885,3.7918637547692238,0.002420833805683168,0.14110419392236706,0.616104894986003,True,,,,,,,,,,
4354,776.7324012755737,-0.2696913292369104,-278.3859524104422,103.55050355429785,-339.872301654042,0.4731888892753922,4.160964170304468,-1.8299215517984984,-71053.23192558135,161120.66636336086,0.4948491952248355,0.7352541172763674,0.2719967647652455,True,-1.8514270526091546e-06,-45.92641440598064,-1.2331794304396187e-05,-55.32425927136445,972.376127429252,8.991650690341999,-1.0121645236142691e-06,,,False,3.0,0.00020293285428154068,0.03866743963411068,noneSNR,1.1099803722863574e-05,-142.9371384394809,4.311887913613043e-06,-120.46423513347011,585.8703413508173,18.2810299914903,4.158351363913672e-05,0.020900828591762826,0.5825914082797227,True,42.67306233997567,-242.3615578830089,0.001705044577844688,-241.061874340498,151.5599181791007,0.03866743963411068,0.00020293285428154068,0.0548911747557112,0.5888639009763912,True,,,,,,,,,,
4531,472.28712018595,0.259598984572248,282.0372278237487,-178.15010646241248,643.6349169560808,0.24180594682881715,2.3368790697733868,-0.10938761808331972,-39938.6490316522,-18100.895964050284,0.4508466379063471,0.5659884977627935,0.2405258580188405,True,-1.645389912311903e-05,128.51373234087544,-1.138333341938947e-06,136.0824484143403,625.2509354489196,1.5397721957826889,-2.192253796990749e-06,,,False,3.0,0.0003367247227424826,0.2648790740361449,noneSNR,-9.636525177436552e-05,150.73678748925187,5.298122715313874e-05,143.09378885802434,530.6893913857712,0.18230108899012976,4.808545891082562e-06,0.014705795237500876,0.5791379369419719,True,51.80361528779153,243.94271677037207,-0.0001237961313248437,241.4999683773036,146.33381554435,0.2648790740361449,0.0003367247227424826,0.03489685891545463,0.5921374269119822,True,,,,,,,,,,
3074,570.8957003637993,-0.2876495044737844,-688.4975647946524,-199.22516326000755,-876.0232010720316,0.3350686433154259,0.9628727519994312,-0.7873202737737791,-29130.242447894707,-161802.05751305431,0.469230792162549,0.10949814237089467,0.1741249432761334,True,1.2336785103648822e-05,-364.3908898546543,6.9041130349991255e-06,-369.4141608307368,921.3825425137378,0.025343671950622596,1.208794177447838e-06,0.0011398594381208493,0.5782472696262897,True,3.0,1.5147695547689087e-05,0.5695711232580152,noneSNR,-3.42493741964746e-06,-433.3306378989335,-1.280148985155992e-06,-397.72394295754026,821.7560335788307,9.784302491750962,8.5168209149086e-06,0.032024157573316725,0.5797281773470362,True,1.007337284194332e-05,-595.6194954897521,-2.5315979596555797e-06,-586.5499794798247,591.2681657487592,0.5695711232580152,1.5147695547689087e-05,0.010016752817254872,0.5805193197639956,True,,,,,,,,,,
8983,674.4346060886552,0.2961330475242627,319.07887937486225,-79.52480975890035,-220.85084519872876,0.4376144120958541,1.6669836939752114,-1.3113386469277275,-65603.50134549345,192890.0978159201,0.4986695776713486,0.1981894823391816,0.1797221103982985,True,9.340967257309352e-06,-92.5317368089428,-1.763530194374403e-06,-96.60644954317463,981.2791959309067,0.07453997056438766,2.950355927159989e-06,0.000862577160323242,0.5787510283008716,True,3.0,4.2822500009256564e-05,4.02757545837062,s-SNR,1.4593695645960975e-05,-212.62954387502515,-1.682347975077269e-05,-136.94018670452238,852.9736651755887,57.31620084089877,4.059253322463774e-05,0.05432418664471145,0.5825288662843109,True,5.786747421930073e-06,-333.2269011685003,-2.8467605035054262e-06,-309.7283034446632,721.089583561366,4.02757545837062,4.2822500009256564e-05,0.022038861698292483,0.5826685535056232,True,,,,,,,,,,
466,161.00988270815677,-0.2440782257663484,192.8612406630093,-90.07917345439328,543.1054712417931,0.1340247564292797,1.5581539994783582,0.5178201888673822,381.3339889248563,-45249.563283267096,0.4230897013295243,0.4758418646808199,0.09100305445238603,True,-3.322633504404181e-05,77.10910956386452,-5.5441070398621265e-05,77.7978989518883,308.9349324065355,0.12822736925573966,9.828883875505336e-07,0.001048748669905654,0.5781591821718274,True,3.0,0.2272306632605693,161.9820010836637,hs-SNR,15.108566089501169,1.343493914172842,2.820300901783963e-05,1.1186827637448105,68.8526830504299,0.09543620512452833,0.00011823966130284314,0.02256121452882486,0.5861601746957289,True,244.3546801846888,192.8630187216079,114.98331632611709,15.035177336051285,49.965667786751105,161.9820010836637,0.2272306632605693,0.9483076415863716,0.8376906168976588,False,,,,,,,,,,
2636,943.5035902147057,0.25326488435062194,406.0375058227378,85.11382651856252,300.32358977192916,0.5819963510124735,2.9223271024388433,-2.3317574072686016,-122377.50142187258,295535.0046959921,0.5283430987821218,0.3419555410649438,0.116862536781476,True,-1.738309860731019e-05,70.48463089803826,0.0001802391710907121,74.38711251430831,927.1159816269864,0.007977445073493072,7.5498402224885226e-06,0.00033065287658080666,0.579589391502467,True,3.0,9.751747529777494e-05,91.4104056007162,s-SNR,-9.480600491705306e-06,211.77133428067523,-1.6509675029210213e-05,112.6726199809955,796.4695699522043,91.4104056007162,9.751747529777494e-05,0.0798243693873393,0.5853567565966842,True,-1.0606445829250245e-05,287.1470072598097,7.064665796808534e-06,250.39384829620343,742.3354874172026,22.480805952982227,8.398685668143676e-05,0.028336685841801733,0.584784355613807,True,,,,,,,,,,
2968,730.9012180180289,0.22824220799585965,400.0281769064859,-94.17480239093628,57.7500351680128,0.3480709399899717,1.6361274591236383,-0.9250521259845662,-90589.0458920908,203544.93745381336,0.4699931133243725,0.25485651045014857,0.21731684882538155,True,-3.558400209210325e-06,54.44564086081073,5.412309534249566e-05,65.1836135213301,872.9131790757024,2.3540044310816484,6.973179720603291e-06,0.004063479694247385,0.5795023439605868,True,3.0,3.755455759912916e-05,5.103870649671421,s-SNR,-1.5591258134416806e-05,172.2993473467924,7.14923338004053e-08,74.94410925698512,820.7384706582375,81.78378636804962,3.511259709587789e-05,0.07763926253740835,0.582168177777335,True,-0.00011463984011159648,286.8984492683204,1.898258469998655e-05,265.00287387337124,704.135432164481,5.103870649671421,3.755455759912916e-05,0.02125306548306931,0.5823321767436995,True,,,,,,,,,,
3222,76.5570782494068,0.2990146598423619,172.88214485044182,-53.50872033942779,292.9389223190785,0.12206882319959285,0.8025524624619748,0.37423600810018537,3741.0580856313427,-24695.360761855733,0.4111290605160477,0.2630107836321913,0.07844158500972878,True,-6.2637828157585935e-06,45.69256068164685,-5.2824903234099765e-05,46.69668560299471,240.6895479892057,0.026752017939372763,2.6410853727026057e-06,0.0026585553945754985,0.5786756660844438,True,3.0,0.003118844432074573,44.47432011865944,hs-SNR,30.47010518533793,7.3628235501756025,-0.00041385991245668685,6.274386728433432,123.38956219500365,0.2124155248790771,0.00013897674971008058,0.02466460710976753,0.5868952552312701,True,202.00225938041115,182.63884253266357,160.99469366094758,41.61700558002112,108.98038819962628,44.47432011865944,0.003118844432074573,0.4755915594630075,0.621118205200333,True,,,,,,,,,,
7848,245.309797807847,-0.17911019308348672,269.1000693179544,-466.0527025941141,398.6008740463897,0.14073231335918512,0.7839429986667106,1.849718499845255,-49910.86284617768,-46923.46679410994,0.4819392427518884,0.5042721663075534,-0.9503733328704576,True,8.244219323061161e-06,193.19209219979726,0.0002338038757573039,196.25613897695683,773.623334046759,0.8764480903839742,-1.8938256368004293e-08,,,False,3.0,0.002480729637017434,5.713917946966916,hs-SNR,6.468611330552369e-06,234.49348787227768,0.0001031868188840726,230.7624411885183,354.1460097029703,0.3336253157165743,2.517569336304424e-06,0.007698267125391307,0.5786443377481814,True,137.08092254770926,290.27175646863293,7.4951100653523e-06,316.73285772239217,134.14322233221714,5.713917946966916,0.002480729637017434,0.17547903940702025,0.6165635175697031,True,,,,,,,,,,
2073,443.63703896926177,0.27760127685286434,289.728869892336,-364.5256400031842,541.3944194104147,0.24130941417456164,1.798449770023159,0.5887802775240815,-66274.82886443555,-26177.728186140164,0.479688700562861,0.5477424887598034,0.19312038201759596,True,1.6494942946726918e-05,134.91674320592398,1.0437143156668049e-05,144.41967117110525,776.330297826064,5.842798658120272,-6.528669791518496e-07,,,False,3.0,0.0049916694597520956,12.049295285300445,hs-SNR,8.454858652367206e-06,174.34482920243613,-1.0681129479926992e-05,167.04219522608645,456.4566048453356,1.3132987752110241,5.4020506855236706e-06,0.016528858929426706,0.5792448745987779,True,169.25080069499924,268.91186119965613,-5.765701018279872e-07,237.38266814033744,124.62215561648476,12.049295285300445,0.0049916694597520956,0.26612440519276204,0.6320975205108671,True,,,,,,,,,,
2824,413.3230881708854,-0.2569722955436907,-261.7449274078669,219.891665997322,-458.80132064483803,0.21176263480663932,1.8642393095681509,0.24814338087719864,-36219.452620261916,-10309.655304940274,0.4507221068519465,0.5074170575382375,0.2035052269248918,True,2.9110705805804468e-05,-107.60990684247871,-9.265411316258612e-06,-113.54823706145595,799.5069652082158,0.210431287622896,-3.623201833338248e-07,,,False,3.0,0.0008871030648542824,0.85010721693655,noneSNR,-8.230563639494846e-06,-148.55614452214363,-1.130132171837428e-06,-143.53749336478677,444.99703852156716,1.8437939474417249,4.338459251075369e-06,0.008467275613106591,0.5790484406945584,True,81.51317563623019,-225.11397232185848,-0.0001835829874473731,-218.06573929118957,142.2951428021857,0.85010721693655,0.0008871030648542824,0.05982804244416697,0.6011519191160501,True,,,,,,,,,,
6695,890.7021747402854,-0.2544431619566841,-347.96748523059784,105.54954599167765,-74.39690897642333,0.5355142367801348,3.1415759621084303,-1.908075531246373,-119784.11494685568,287477.0150919655,0.5227554531668787,0.4673814019860454,0.2457908402386039,True,-3.2659085538767726e-06,-31.41895951449352,0.00023334211499038398,-32.96417350649312,778.1665537060277,0.00015372481266240356,5.367064310007554e-06,0.0008774359819296646,0.5792387395275319,True,3.0,0.00011097749747284206,110.92763222576036,s-SNR,-2.783284540615626e-06,-173.96588191648124,-8.502349675338555e-07,-53.62330609822622,706.6232091438768,110.92763222576036,0.00011097749747284206,0.11737663533503286,0.5858874180338287,True,-7.043351220289348e-06,-228.5932487480604,9.705787578118371e-05,-190.49951902586486,684.804372402182,26.74053582682529,8.819526361969838e-05,0.03183624303896753,0.5849670949623518,True,,,,,,,,,,
2083,797.524476774503,0.2657408698979396,390.0751516710413,3.539783734036291,188.35256716199643,0.4820407216800075,2.191798952091776,-1.6460801482273502,-94633.23505505246,210416.36963637132,0.5069351699092743,0.2736030466517189,0.1729818260406233,True,0.00013370197245817945,68.08982150894218,-1.7064458077089428e-05,73.41540881014676,865.5498107567531,0.3126327071850028,6.460043778404049e-06,0.0009431819241601636,0.5794217941747875,True,3.0,6.426359644614439e-05,75.05977459687915,s-SNR,1.0306024176381249e-06,191.02605111673628,-9.571502308371328e-07,103.21622775309706,762.4774480607869,75.05977459687915,6.426359644614439e-05,0.07244985060938275,0.5838584742352928,True,-1.161023574491919e-05,276.394762019886,2.5573202303925832e-06,252.5564269433159,678.6509925372467,7.7775037981098185,5.120325108293914e-05,0.022667150006071574,0.5831631931349169,True,,,,,,,,,,
4519,281.4673743282816,0.11873407957307593,150.04283265520144,-140.45972584622882,65.76587046002783,0.1364327541201394,1.3287515840323678,0.7336992065818109,-4546.349461439688,13911.14914014324,0.4332886592463887,0.4544710971050605,0.03515074395967853,True,2.6904556362067943e-05,33.59879096352131,0.00014392689260577212,36.14300173715117,805.7049247505122,2.089245749584052,-3.9536397442317496e-08,,,False,3.0,0.00013472484856403565,0.05139227027285642,noneSNR,5.672764341834252e-06,65.90746091928443,-1.8664536374220192e-05,64.80077960510276,337.882148106783,0.29122890272827817,9.62552821917228e-07,0.0006448083112826044,0.5781507762368722,True,34.03161284061798,123.1658480977882,-0.0008577656891896053,122.13598164448122,153.07509330911802,0.05139227027285642,0.00013472484856403565,0.03882172278014898,0.5867493372457182,True,,,,,,,,,,
8952,331.3612124764328,0.21114482171067733,217.7698150430915,-138.16935683026043,336.6111372066918,0.1631874342478616,1.6841721461831969,0.2746071544327215,-13686.157735951849,-4340.656944550556,0.4275371638040377,0.4668108956179196,0.15199364247358627,True,2.0174493872569228e-05,85.45097712077033,5.040619155416884e-06,88.41486300785019,690.474969096583,1.4967481864341607,-1.8238018395401625e-07,,,False,3.0,0.00017533908917643026,0.08097609128915906,noneSNR,7.032042096268377e-06,115.92185130628836,3.394160984273302e-05,113.79947088035343,389.77855094314924,1.140607385403257,1.760687640043633e-06,0.002076258778437364,0.5784326688875917,True,38.40010260036644,182.17168142152767,0.0002324440426448213,180.7714412479454,151.2092042702072,0.08097609128915906,0.00017533908917643026,0.040474145370183005,0.5880602748798751,True,,,,,,,,,,
4126,632.4924674861411,-0.2954859567713071,-656.9748613042618,-256.0113806489212,-824.7333343789287,0.3979633195680201,1.0670235814834896,-1.0517494622528216,-34660.56627442967,-101350.0710476724,0.4896602474355527,0.09146431832873547,0.13878982271540724,True,2.009248381795972e-05,-335.2373057154488,1.5816292192184625e-05,-343.25438659211295,996.8163553634863,0.2109012497032836,6.921708227086199e-07,0.003612126740814528,0.5780291685089796,True,3.0,1.8851834247875956e-05,1.0304264087208141,s-SNR,3.5341172089046637e-06,-367.68135111178077,0.0001731369632405603,-351.31905508511255,940.0630797047211,7.826002031187954,1.6876735990725903e-06,0.021081393418057776,0.5784100090922302,True,1.8562737739920317e-05,-562.5396631397139,-1.383710778058192e-05,-551.1138118928524,635.3240103949221,1.0304264087208141,1.8851834247875956e-05,0.013096480393470382,0.5808844905051801,True,,,,,,,,,,
4263,830.8467098274283,0.23908609362199,261.0325476172052,-179.5288595160223,142.87145327433154,0.4411755558375933,4.9085716515959525,-1.7275720863458812,-78977.9118741723,223963.980853817,0.4831070895664618,0.9392142318413412,0.289170781060032,True,-3.168349001735495e-05,31.608966033822032,1.1287992788447916e-05,45.32137249661018,790.1156732861859,17.848367452180582,-2.892722171983739e-06,,,False,3.0,0.0002592799820910441,0.07343224446034924,noneSNR,-9.037257716777887e-07,122.04438269847536,-9.096493946814596e-05,85.17611235955272,600.778420886659,30.441074557201205,6.027435676848915e-05,0.031351382377181804,0.5836543750499246,True,48.003863030610844,229.43415778627326,-0.0005367927114662863,227.97085822704486,149.73579180083794,0.07343224446034924,0.0002592799820910441,0.06531826716046442,0.5903471297567611,True,,,,,,,,,,
6689,553.7887275412704,0.24339205617322884,686.2821013783519,155.89741671768138,998.3788496602548,0.2685047547285712,1.0423230445473055,-0.6300378115291447,-25103.715848128355,-206463.00949425067,0.4425022837959814,0.15557445921530233,0.17329731255577685,True,1.865528052287197e-05,365.5671403986226,-6.698334327730928e-05,373.02457987441943,822.399221517104,0.4900690839140225,2.754539166596556e-06,0.002921446492682971,0.578703801332489,True,3.0,1.864371697784113e-05,26.251203882137705,s-SNR,2.2615938439218532e-05,455.96724043966316,-4.567363335610957e-06,393.4285709947889,756.2260681684129,26.251203882137705,1.864371697784113e-05,0.05248551202209421,0.5808649882092006,True,4.129629908455642e-06,590.0395785266887,-9.515573372825255e-07,580.6585626302565,591.2101416337015,0.7911608364512404,1.5864199395033656e-05,0.010730740157247606,0.5805931939346528,True,,,,,,,,,,
8259,376.70015436540916,-0.2559366879205868,-270.4081434689847,239.58381341515843,-539.6446357392276,0.19581712175009466,1.729224111530379,0.4215555819221109,-37503.878048318016,-33558.72721286185,0.44997485870054543,0.5025652915362799,0.17012509208998086,True,-3.2815389621677684e-05,-126.05557058933071,-2.7914718466206524e-06,-131.0122502286701,751.2697063913057,2.7547359797066515,-1.795982945876231e-07,,,False,3.0,0.0020887378293917755,3.1793871954022848,hs-SNR,0.00010554243481192656,-165.84549575077938,-0.00010243799904903665,-165.0853494660706,355.1866146309752,0.28600535648382674,9.087991615922399e-07,0.0018996646240642,0.5781281183331373,True,120.01414656290186,-239.18413519101387,-2.951792683571291e-05,-221.5403331530105,137.42037961894815,3.1793871954022848,0.0020887378293917755,0.12552383151493174,0.6134434661708295,True,,,,,,,,,,
9378,897.7159414327182,0.18511184259810515,400.7303021553887,20.59260961387247,121.07046392344569,0.3499043620674228,2.5818043066142145,-1.5004586029212594,-91014.06398963011,322164.5496809475,0.4469345544907357,0.3953746428333437,0.1319002308758455,True,1.4941694964542727e-05,46.19179005065229,3.4702384043713683e-06,50.91057585906864,894.7670530702194,0.16744001233462313,8.887022889765729e-06,0.0008963385702104681,0.5797791998541948,True,3.0,7.992953209855941e-05,106.7594330866342,s-SNR,-9.663570655175555e-05,196.4235503716051,1.0542779265491494e-05,69.91830261673857,828.900378823893,106.7594330866342,7.992953209855941e-05,0.1006418057859902,0.5846037299929946,True,-7.3645737298726045e-06,267.0570580160375,1.4314642650469721e-05,228.23038064982444,792.7760952966876,22.847385786551172,6.94595876513808e-05,0.027893798090696042,0.5841149312928032,True,,,,,,,,,,
