,ms,theta,u,muhs,mu3,lamh,lams,lammix,muh2,mus2,Pih,Pis,lamh_tilde,th_bool,num_FOPT,Tc_0,Tmin_0,Tc_1,Tmin_1,Tnuc_1,action_Tn_1,h_low_Tnuc_1,s_low_Tnuc_1,h_high_Tnuc_1,s_high_Tnuc_1,Delta_rho_Tnuc_1,Delta_p_Tnuc_1,alpha_Tnuc_1,beta_Tnuc_1,vwall_1,xi_Jouguet_1,f_peak_Tnuc_1,Omega_peak_Tnuc_1,SNR_Tnuc_1,Tp_1,volume_shrinks_1,action_Tp_1,s_low_Tp_1,h_low_Tp_1,s_high_Tp_1,h_high_Tp_1,Delta_rho_Tp_1,Delta_p_Tp_1,alpha_Tp_1,beta_Tp_1,vwall_Tp_1,xi_Jouguet_Tp_1,f_peak_Tp_1,Omega_peak_Tp_1,SNR_Tp_1,Tc_2,Tmin_2,Tnuc_2,action_Tn_2,h_low_Tnuc_2,s_low_Tnuc_2,h_high_Tnuc_2,s_high_Tnuc_2,Delta_rho_Tnuc_2,Delta_p_Tnuc_2,alpha_Tnuc_2,beta_Tnuc_2,vwall_2,xi_Jouguet_2,f_peak_Tnuc_2,Omega_peak_Tnuc_2,SNR_Tnuc_2,Tp_2,volume_shrinks_2,action_Tp_2,s_low_Tp_2,h_low_Tp_2,s_high_Tp_2,h_high_Tp_2,Delta_rho_Tp_2,Delta_p_Tp_2,alpha_Tp_2,beta_Tp_2,vwall_Tp_2,xi_Jouguet_Tp_2,f_peak_Tp_2,Omega_peak_Tp_2,SNR_Tp_2,Tc_3,Tmin_3,Tnuc_0,action_Tn_0,h_low_Tnuc_0,s_low_Tnuc_0,h_high_Tnuc_0,s_high_Tnuc_0,Delta_rho_Tnuc_0,Delta_p_Tnuc_0,alpha_Tnuc_0,beta_Tnuc_0,vwall_0,xi_Jouguet_0,f_peak_Tnuc_0,Omega_peak_Tnuc_0,SNR_Tnuc_0,Tp_0,volume_shrinks_0,action_Tp_0,s_low_Tp_0,h_low_Tp_0,s_high_Tp_0,h_high_Tp_0,Delta_rho_Tp_0,Delta_p_Tp_0,alpha_Tp_0,beta_Tp_0,vwall_Tp_0,xi_Jouguet_Tp_0,f_peak_Tp_0,Omega_peak_Tp_0,SNR_Tp_0
0,847.4707476757758,0.17953380901060634,391.09676395946144,56.60953284520542,136.149811201396,0.31387247528229434,2.462914207894093,-1.4267343126293048,-67949.26155464358,284617.91260707506,0.43199045652700296,0.3779394998686392,0.10725029653268178,True,2.0,809.8490052634241,726.7150223989088,766.2043837405789,758.2415993808766,,,,,,,,,,,,,,,,,,,,,,,,,,,,,,,,,,,,,,,,,,,,,,,,,,,,,,,,,,,,,,,,,,,,,,,,,,,,,,,,,,,,,,,,,,,,,,,,,
1,786.3715964707985,-0.2974660101018987,-292.46507249873736,-26.453266366015786,-848.6159466130298,0.5561900111674196,4.778894435829928,-2.4361442817217966,-62738.995194922114,89484.63005701626,0.5110904757573784,0.7886995620038493,0.2457207676500568,True,2.0,795.0922095474352,784.8663275525904,605.8062003028034,595.7507527216652,,,,,,,,,,,,,,,,,,,,,,,,,,,,,,,,,,,,,,,,,,,,,,,,,,,,,,,,,,,,,,,,,,,,,,,,,,,,,,,,,,,,,,,,,,,,,,,,,
2,944.2436915943857,0.2939546777890369,440.1611300003472,25.97141514757141,420.4667735694909,0.7356540275335355,2.593457956254519,-2.3005442609643874,-166832.95212090347,249453.29164929554,0.6064724848053284,0.2649404455695652,0.22547572640737878,True,2.0,855.9812411321211,795.79769060521,731.4786253792057,721.7113523417316,,,,,,,,,,,,,,,,,,,,,,,,,,,,,,,,,,,,,,,,,,,,,,,,,,,,,,,,,,,,,,,,,,,,,,,,,,,,,,,,,,,,,,,,,,,,,,,,,
3,483.22509664429117,-0.29198503428725026,-360.37953554023613,697.6012646722148,-751.5693478882301,0.27798048823171595,1.6463648686760395,1.258851987903563,-152805.88818159234,-77545.80276772947,0.5259438921905832,0.6213998818196037,0.03734301509322355,True,2.0,767.60880397997,756.4720885862896,99.33860040045121,0.0,68.65159841727153,10456.817881365148,239.45623712195498,-358.46599729659323,1.3447020695610812e-05,-293.50421335113344,51718405.91264801,35882732.444095194,0.07260271856222733,268.0734899829184,0.8329524083443337,0.7542629946970161,0.0016542810872429733,2.128611161269413e-14,0.7805937928816479,64.99280493415044,True,9123.544358125177,-358.84397611891865,240.7817746139253,-293.4676906720596,-2.6055597435816637e-06,52788807.349842384,39031103.3341151,0.09291689345358546,174.7678044910549,0.8598733497757622,0.7713447833599245,0.0011913462963053807,1.407867333615824e-13,3.740933522100832,,,,,,,,,,,,,,,,,,,,,,,,,,,,,,,,,,,,,,,,,,,,,,,,,,,,,,,,,,,,,,,,,,
4,96.07734905167472,0.03779054022647621,146.1240329583627,-52.64793665255411,375.7991995097973,0.1289985412890414,1.246561289962938,0.36703014432373254,4044.5020917276756,-28092.340951646416,0.4142936752367531,0.3728120132113566,0.10198199426344245,True,2.0,126.9841148678469,126.85864215031687,108.50450037026066,104.03154255719582,106.89737014099566,16091.141863777078,209.607205385628,133.71223630944496,168.24766500159325,43.19025920401065,11903715.682391196,708517.5288079977,0.0027083487516082593,23258.997914939566,0.2439686522050291,0.6182539967614766,0.22114256172313124,2.196173595230215e-22,1.1510762569599841e-12,106.7463538676939,True,13001.482060729668,133.81975791571477,209.79932842129887,43.62008992861681,168.87911284640597,11843579.692080349,771665.9848023653,0.002710254952929347,17624.47446269791,0.25525436947073193,0.6182678225592353,0.2898885857780164,1.0259634750846095e-22,2.415251216786372e-13,,,,,,,,,,,,,,,,,,,,,,,,,,,,,,,,,,,,,,,,,,,,,,,,,,,,,,,,,,,,,,,,,,
5,8.469213874691205,0.20443110944539414,-72.67687546898195,37.82920943664567,-419.4783942484253,0.12377893438165649,1.4601439951796036,0.34747319939250787,5671.146298184617,-28018.33808936156,0.4108689990775929,0.4229481986936522,0.10310672248086819,True,2.0,238.73202944360017,234.99278575613238,84.95260274320472,66.26533083994141,80.83921479704449,12264.561848906442,235.12570299526948,-125.78001363118433,228.98551167407254,-61.85444814150176,1096238.706699565,200955.1654150784,0.0007845647327904665,6158.482188800657,0.4281510572501942,0.599763306176678,0.044088178980134715,4.511308493403406e-23,2.2449918385696876e-11,80.83915961074564,True,12264.210995185611,-125.78002051912252,235.12573530389867,-61.854478216111374,228.98555437544815,1096238.6234365255,200957.64210796356,0.0007845668772674601,6159.6826740764645,0.4281537118980962,0.5997633361779424,0.07663765740201034,9.304457601542017e-23,1.0472624564524363e-11,,,,,,,,,,,,,,,,,,,,,,,,,,,,,,,,,,,,,,,,,,,,,,,,,,,,,,,,,,,,,,,,,,
6,778.8293354049574,-0.2753938865625169,-388.49688465280167,-30.34107174232554,-225.96177475558773,0.4895113534244177,2.1633633623605855,-1.6947937365817936,-86438.5963420872,189733.08315615426,0.5086407529333776,0.2583752178265141,0.15758308613339989,True,2.0,754.0381731980128,698.5689882226603,660.305315473557,657.7133534371204,,,,,,,,,,,,,,,,,,,,,,,,,,,,,,,,,,,,,,,,,,,,,,,,,,,,,,,,,,,,,,,,,,,,,,,,,,,,,,,,,,,,,,,,,,,,,,,,,
7,219.940406766082,-0.15501492807642314,204.5100540679639,-254.0993689686682,381.39548510693976,0.13550920768106395,1.0512628885419488,1.3416274615582937,-15695.704493163401,-31025.88557674997,0.45815722998420444,0.48642029906186945,-0.29253887268630613,True,,,,,,,,,,,,,,,,,,,,,,,,,,,,,,,,,,,,,,,,,,,,,,,,,,,,,,,,,,,,,,,,,,,,,,,,,,,,,,,,,,,,,,,,,,,,,,,,,,,,,,
8,931.9487774429097,0.2185363764881897,398.7315302540303,12.985521544022047,205.16599625364344,0.45975193491758676,2.8657530015987116,-1.8713354487921965,-115713.50549636182,318082.88537926594,0.4864051390045287,0.40454900893431184,0.15425662880147206,True,3.0,868.6641427560867,866.6959262512026,834.9793103696638,740.0527366844074,,,,,,,,,,,,,,,,,,,,,,,,,,,,,,,,773.4692046586914,760.2196821191636,,,,,,,,,,,,,,,,,,,,,,,,,,,,,,,,,,,,,,,,,,,,,,,,,,,,,,,,,,,,,,,,
9,553.8239982054945,-0.2990013949045965,-346.5567042120585,-73.90696474651065,-181.7135164396464,0.3374089790547041,1.460856243987248,-1.1735749405026996,-24409.273811236882,83372.60923442134,0.45430701558514974,0.16961823757969538,0.10171190984535045,True,1.0,643.556383324631,616.4412102469353,,,,,,,,,,,,,,,,,,,,,,,,,,,,,,,,,,,,,,,,,,,,,,,,,,,,,,,,,,,,,,,,,,,,,,,,,,,,,,,,,,,,,,,,,,,,,,,,,,,
10,323.757551767897,-0.13053769886217126,-289.8624809982035,262.81902593300845,-601.8631261242822,0.14153711926936854,1.4894383101897617,0.7454386867012208,-36286.20633767557,-54202.00482225623,0.4363299868259786,0.49659935866431054,0.04826725508143104,True,,,,,,,,,,,,,,,,,,,,,,,,,,,,,,,,,,,,,,,,,,,,,,,,,,,,,,,,,,,,,,,,,,,,,,,,,,,,,,,,,,,,,,,,,,,,,,,,,,,,,,
11,558.0480976918275,-0.2262977646734909,-669.9019636908306,-246.44100924476,-951.294374544902,0.2518979178323004,1.0528266395547141,-0.7599842728761144,9831.412609996158,-176682.09406191375,0.42878442945838896,0.13654261440932614,0.11474900999707549,True,1.0,791.9748170384923,784.5236842050303,,,,,,,,,,,,,,,,,,,,,,,,,,,,,,,,,,,,,,,,,,,,,,,,,,,,,,,,,,,,,,,,,,,,,,,,,,,,,,,,,,,,,,,,,,,,,,,,,,,
12,495.56505668223093,0.2197288547704987,743.3164319249727,35.350609112818354,830.8115273158078,0.21918487054026609,0.7725140812738981,-0.31483690674167414,-47414.27967591031,-198827.38878344002,0.43097571273464014,0.1406557025281955,0.18710704819066887,True,1.0,777.4670137263922,753.169532717791,,,,,,,,,,,,,,,,,,,,,,,,,,,,,,,,,,,,,,,,,,,,,,,,,,,,,,,,,,,,,,,,,,,,,,,,,,,,,,,,,,,,,,,,,,,,,,,,,,,
13,32.8124908944034,-0.193041665004456,-113.57569482229886,58.140421721246405,-377.8977118639373,0.1246504591615936,1.124792693743742,0.6100203003392397,4886.738643641369,-25437.32066899884,0.4222442240070086,0.38286822349247546,0.04194082544513468,True,2.0,83.16162383612063,82.9417014436127,48.85263092785094,48.1823156859629,,,,,,,,,,,,,,,,,,,,,,,,,,,,,,,,,,,,,,,,,,,,,,,,,,,,,,,,,,,,,,,,,,,,,,,,,,,,,,,,,,,,,,,,,,,,,,,,,
14,866.7822785512086,-0.2258775394375485,-398.46338043362084,161.8550153431829,-34.930459486189875,0.4334574612382817,2.2548510960836516,-1.2306271742738348,-135914.73977919633,294483.49222936557,0.4999540802698079,0.35860824497527377,0.26554800984572957,True,2.0,829.3040279965953,739.9288578607845,761.7981437079345,749.7315980609037,,,,,,,,,,,,,,,,,,,,,,,,,,,,,,,,,,,,,,,,,,,,,,,,,,,,,,,,,,,,,,,,,,,,,,,,,,,,,,,,,,,,,,,,,,,,,,,,,
15,813.414259031813,0.2704242059685721,403.21414035055517,-20.462053872866136,176.08071624134098,0.5093526967450485,2.106640757736856,-1.6244563532564207,-109429.85241622067,220732.11338930152,0.5214921488989169,0.25591746389147724,0.1961931756041434,True,2.0,783.6235657010097,725.268942778065,692.2361578925035,687.9376220146189,,,,,,,,,,,,,,,,,,,,,,,,,,,,,,,,,,,,,,,,,,,,,,,,,,,,,,,,,,,,,,,,,,,,,,,,,,,,,,,,,,,,,,,,,,,,,,,,,
16,896.9786225718651,0.2785826734064077,245.04803240094571,-135.40417514441194,207.83584878603847,0.62119594234987,6.487205577932058,-2.9047808233755927,-82741.0036158943,233835.00337353576,0.5240669187796954,1.137671257253749,0.29602697974778186,True,3.0,697.8483367868474,688.9207551687572,544.3440354049769,538.0197058119927,,,,,,,,,,,,,,,,,,,,,,,,,,,,,,,,138.87889502779,137.35383890486045,138.5461650297692,20705.678595430898,108.43291236655979,213.75206644518795,-0.00010879109356607615,204.38846136009994,19026935.426117897,162171.65578460693,0.001510346071153185,102775.71147207104,0.09232154277564487,0.6081992481959134,1.0,1.8439261235074495e-24,5.788693791438537e-17,138.48341102319506,True,15592.911617810432,213.9413222032507,109.58739998255272,204.38783962390923,-0.00013325136649747172,19434292.88962078,195095.73989725113,0.001545506477980191,65071.12771795522,0.1001934938892864,0.6085458159764282,1.0,1.742810980597267e-25,4.52117592545159e-18,,,,,,,,,,,,,,,,,,,,,,,,,,,,,,,,,
17,471.97423434125017,0.20979652326951964,383.9938959369638,-520.282478011864,830.3336910193774,0.20317354212467362,1.6668409812092835,0.9086798390695124,-120477.02795834701,-86589.59380852923,0.47394991293564337,0.5681568851472396,0.07933163710198286,True,3.0,839.7508938660759,837.6322614894476,553.0165146006259,552.1282212346599,,,,,,,,,,,,,,,,,,,,,,,,,,,,,,,,139.34474404915568,138.24783187263918,,,,,,,,,,,,,,,,,,,,,,,,,,,,,,,,,,,,,,,,,,,,,,,,,,,,,,,,,,,,,,,,
18,445.47150803077295,0.17800353459274493,698.0036333720279,34.511529152539204,740.8908915626313,0.17634885299118022,0.7300324021287214,-0.23481339112081437,-22423.14750371896,-167084.1802669409,0.41289201711096635,0.14337253534537797,0.15746704429033348,True,2.0,749.0464312228653,748.2017341523307,736.7609290444859,711.2888048894313,,,,,,,,,,,,,,,,,,,,,,,,,,,,,,,,,,,,,,,,,,,,,,,,,,,,,,,,,,,,,,,,,,,,,,,,,,,,,,,,,,,,,,,,,,,,,,,,,
19,368.57898167114894,-0.17969671590616432,-725.7989611422827,-68.008334484501,-460.7192397102755,0.16074859190087404,0.4453816527742545,-0.21199490969996584,3266.2871498772947,-103354.70746929658,0.40604265662501526,0.07601292824356931,0.13552200170639883,True,1.0,789.96991623138,789.1847182148781,,,,,,,,,,,,,,,,,,,,,,,,,,,,,,,,,,,,,,,,,,,,,,,,,,,,,,,,,,,,,,,,,,,,,,,,,,,,,,,,,,,,,,,,,,,,,,,,,,,
20,64.07567132607028,-0.07596517966641332,-141.39203163258273,58.247019048956425,-238.79059806001976,0.1285257412363931,0.6365157958238356,0.43704421663091253,3923.481347819261,-20277.6373337252,0.4169745282232281,0.23196965172777764,0.05350496070599446,True,,,,,,,,,,,,,,,,,,,,,,,,,,,,,,,,,,,,,,,,,,,,,,,,,,,,,,,,,,,,,,,,,,,,,,,,,,,,,,,,,,,,,,,,,,,,,,,,,,,,,,
21,351.9296406982486,-0.26004667482664906,-234.10324578262995,152.8624822600641,-456.11240712792505,0.18808604389314815,1.8583221363681481,0.18646980820356193,-19275.19661043901,-19071.63098464309,0.43631407920046605,0.49565883545929734,0.18340830413385262,True,1.0,143.70367647798145,142.7882692427688,,,,,,,,,,,,,,,,,,,,,,,,,,,,,,,,,,,,,,,,,,,,,,,,,,,,,,,,,,,,,,,,,,,,,,,,,,,,,,,,,,,,,,,,,,,,,,,,,,,
22,577.2316912391592,-0.2865131914627743,-701.3724145899953,-202.50438737211567,-885.4085207212439,0.33828166009562594,0.9529799534831338,-0.7872491294009363,-31097.33611227112,-167316.9558233405,0.4708402649015175,0.10703680013729408,0.17569660532156955,True,1.0,830.3219805825099,824.5548953307302,,,,,,,,,,,,,,,,,,,,,,,,,,,,,,,,,,,,,,,,,,,,,,,,,,,,,,,,,,,,,,,,,,,,,,,,,,,,,,,,,,,,,,,,,,,,,,,,,,,
23,842.9176069118557,0.27662356419984085,426.4148963153307,-25.24017636161523,218.54801790351345,0.5566028169455285,2.06258826577748,-1.6797386630570217,-129737.77732207895,229145.4587389168,0.5428137794241318,0.235690622601533,0.21461478872591733,True,2.0,826.8928223524138,770.5277747032086,713.7872358660516,708.9063459447226,,,,,,,,,,,,,,,,,,,,,,,,,,,,,,,,,,,,,,,,,,,,,,,,,,,,,,,,,,,,,,,,,,,,,,,,,,,,,,,,,,,,,,,,,,,,,,,,,
24,318.5199806556904,-0.0015260040633971461,151.9693366507347,-503.6743374426744,154.67627250265582,0.12907574431690697,0.5307096407973715,3.3178153047660777,-30407.26079946049,-11143.414114613013,0.5372816584357836,0.6856466276603558,-5.056386112001109,True,4.0,160.20604228478456,159.8762974569331,143.68947684159872,134.8199181697536,,,,,,,,,,,,,,,,,,,,,,,,,,,,,,,,139.5219609357522,134.8199181697536,,,,,,,,,,,,,,,,,,,,,,,,,,,,,,,,138.96477191283682,0.0,,,,,,,,,,,,,,,,,,,,,,,,,,,,,,,
25,960.2828360903503,-0.26252875921208657,-233.92653916890072,162.9482072705548,-108.8208201078942,0.6327057030583627,7.907597196639982,-3.2482998850719773,-88642.9335957474,287702.1980400925,0.5155085048965925,1.4355159849813326,0.29911978938024697,True,3.0,619.9546702481174,578.3459373133917,549.1651582432577,521.6414090431915,,,,,,,,,,,,,,,,,,,,,,,,,,,,,,,,135.21480590306862,132.3126165901921,134.4996081052606,20116.635345608192,131.25164510672735,-208.12468499416286,-1.0779381757208354e-05,-195.22266420327105,25854270.639482975,476901.6790533066,0.0023062616432020446,46653.80391184991,0.1358151696391196,0.6152102648646725,0.5621794126922296,3.449488375618394e-23,1.142193292676314e-14,134.38450328867805,True,15664.28011603616,-208.33949988961237,132.43933494987158,-195.22101525918458,-3.152469783338139e-05,26333379.776673794,559177.8712310791,0.0023573673086397257,31369.929214669624,0.14572084701300436,0.6156122089863039,0.6529913881836514,6.466662006362055e-24,1.3608716141136862e-15,,,,,,,,,,,,,,,,,,,,,,,,,,,,,,,,,
26,845.4712115625902,0.2994528446845483,244.95070065659863,-39.722065721499355,399.8254287601428,0.6309723956900261,6.224910542323961,-3.105720468154028,-64656.83678931518,176521.8996551112,0.520582660250672,1.038607557555319,0.24359736593136966,True,2.0,661.3710530056935,653.1730903562512,143.60149673255657,142.8304103359858,,,,,,,,,,,,,,,,,,,,,,,,,,,,,,,,,,,,,,,,,,,,,,,,,,,,,,,,,,,,,,,,,,,,,,,,,,,,,,,,,,,,,,,,,,,,,,,,,
27,710.0274185448691,-0.2586137015091522,-227.0740305855261,76.92258310740567,-211.48337884566672,0.39261632454905643,4.944916459269965,-1.8215403716911207,-40630.59512174901,141477.87907722787,0.454912128699475,0.9326390528689712,0.22486782196917285,True,,,,,,,,,,,,,,,,,,,,,,,,,,,,,,,,,,,,,,,,,,,,,,,,,,,,,,,,,,,,,,,,,,,,,,,,,,,,,,,,,,,,,,,,,,,,,,,,,,,,,,
28,418.24429110135793,0.25525950717038004,314.1104842350196,-659.4542976333757,389.582653203533,0.21284014995744585,1.1327041280477983,1.596231293308884,-115493.92568583167,-25863.9757829055,0.5074311941120032,0.5492145808967636,-0.3495208140945526,True,3.0,757.695038330747,737.205038509946,513.8506635241605,511.69612317047836,513.5733880387456,74032.57118725218,7.736005271534066e-06,204.15363150688117,3.2258734661530394e-06,192.7810139362811,7158364.032989502,9155.991027832031,3.0031148984118064e-06,354146.0748670263,0.03576397552940014,0.5787634818438164,1.0,5.0918865321443795e-37,4.265938999324916e-30,513.5731556892028,True,73921.88651050786,204.1536581252749,4.08759072789492e-06,192.78102215316653,-1.020636715325435e-05,7158385.448944092,9163.662322998047,3.0031293183340884e-06,353773.8208195583,0.03577890119403288,0.5787634852325245,1.0,3.1783327733361973e-40,2.6452644688776652e-33,109.20709198342607,0.0,,,,,,,,,,,,,,,,,,,,,,,,,,,,,,,,,,,,,,,,,,,,,,,,,,,,,,,,,,,,,,,,
29,625.9056835197015,-0.2999676489723498,-306.03749393825,45.38566789965171,-932.0958312351332,0.3999639807117077,3.4149429616437756,-1.2608422547656488,-48690.702749716205,-8123.522855403302,0.481948378319362,0.6435953646166691,0.2835840580264606,True,1.0,555.1807031740055,553.4541600561245,,,,,,,,,,,,,,,,,,,,,,,,,,,,,,,,,,,,,,,,,,,,,,,,,,,,,,,,,,,,,,,,,,,,,,,,,,,,,,,,,,,,,,,,,,,,,,,,,,,
30,560.8021658907688,-0.259224572068893,-381.02228583847847,526.2234453665267,-856.0689704606073,0.2910506177314875,1.9947494582785712,0.5917500735849458,-139906.4489537853,-60510.14453822268,0.50468304384386,0.5973123768338005,0.24716438578710376,True,3.0,981.9408935976539,965.0532273961766,643.0123140700152,631.4127605121276,,,,,,,,,,,,,,,,,,,,,,,,,,,,,,,,129.98758929405255,125.4014129683604,128.77875907536685,19284.40376835139,149.03046430463976,-357.7706288114007,0.00011939133116935777,-338.68518463265195,31831118.906062126,1077954.7605154514,0.003390080099266683,26636.025179786935,0.1840239358155481,0.6228993295745101,0.30707440697768645,3.3215491957734494e-22,6.66377693085333e-13,128.60100401710335,True,15337.249197852452,-358.03985063477376,150.2644823659665,-338.6866638854042,9.85681158808836e-05,32389347.2814548,1246942.4069800377,0.003468981060864837,18498.0989333275,0.19621043448247183,0.6234027140421629,0.3692186600298975,1.0807841222244397e-22,1.2568933080098803e-13,,,,,,,,,,,,,,,,,,,,,,,,,,,,,,,,,
31,256.34068975261766,0.22437103505530426,-103.09632910529024,168.25775995488402,-3.5693064181919,0.1495170968407373,0.665054289814215,2.059880861668106,2663.223215922666,19667.32353801009,0.4950883995686166,0.5095770493982381,-1.4455065084696894,True,1.0,116.98547039428357,80.58111267186837,,,,,,,,,,,,,,,,,,,,,,,,,,,,,,,,,,,,,,,,,,,,,,,,,,,,,,,,,,,,,,,,,,,,,108.48083307976312,16322.362881848043,204.70389764349852,-111.70046818870411,-8.56980560824345e-06,-171.38926546519804,47292736.85965222,11038127.687868,0.010133600602004435,2896.4292809291624,0.48311495673620575,0.6535431241478661,0.02813355490565531,6.670706963174376e-19,1.042152710201657e-06,107.71742270268123,True,14267.644637716596,-111.39978650563775,205.9241104549365,-171.4453926500815,-1.0784545725219816e-05,48149569.03228405,12060218.38010627,0.010618730996225302,2302.3209643427285,0.5004738424793864,0.6551980355845419,0.0383965448812729,3.734689503560172e-18,2.67228101654779e-06
32,769.168820993525,0.27066020762288184,300.95565915029437,-117.95108456932962,654.5865474837285,0.4687102645090985,4.060590902601219,-1.6107737246798002,-80034.79455115467,110087.5543989799,0.5017410423049677,0.7466854382036714,0.30896799704399025,True,2.0,873.1955502779148,854.611740462403,653.4751684284696,633.605261745741,,,,,,,,,,,,,,,,,,,,,,,,,,,,,,,,,,,,,,,,,,,,,,,,,,,,,,,,,,,,,,,,,,,,,,,,,,,,,,,,,,,,,,,,,,,,,,,,,
33,951.3021194563388,-0.2927244691910767,-447.4077737227346,-18.959021567120885,-425.5205476930388,0.7399230786261601,2.5542530814535116,-2.2730212020651037,-174167.1135826037,253308.45271845907,0.6097538044724442,0.2597264033525273,0.23423460333836754,True,2.0,871.7534393657658,811.6790878777348,740.4346984162564,730.3301539391191,,,,,,,,,,,,,,,,,,,,,,,,,,,,,,,,,,,,,,,,,,,,,,,,,,,,,,,,,,,,,,,,,,,,,,,,,,,,,,,,,,,,,,,,,,,,,,,,,
34,968.6768199109616,0.27103931189822145,440.29533984043815,170.10744312859399,525.6726516817871,0.6746461137992348,2.8767052084067766,-2.5820477460533002,-134487.05945101194,259681.27326012816,0.5642392160594734,0.2888350110928108,0.09525319030679447,True,2.0,851.5464265783157,791.2923117851108,752.845524923994,742.8196294961708,,,,,,,,,,,,,,,,,,,,,,,,,,,,,,,,,,,,,,,,,,,,,,,,,,,,,,,,,,,,,,,,,,,,,,,,,,,,,,,,,,,,,,,,,,,,,,,,,
35,331.10793213898705,0.08930511591067658,151.43242533429543,-273.32255506631475,-43.843637661489204,0.1352407567645979,1.0366313110050411,1.5809823271310655,-15064.985661565897,23624.392387022963,0.46799612392483686,0.5226548822731045,-0.46755434795721096,True,1.0,147.9871693373689,147.5994197921812,,,,,,,,,,,,,,,,,,,,,,,,,,,,,,,,,,,,,,,,,,,,,,,,,,,,,,,,,,,,,,,,,,,,,,,,,,,,,,,,,,,,,,,,,,,,,,,,,,,
36,429.888315243088,-0.2298013105437448,-181.78688878823948,279.1132181733351,40.5663205836388,0.20147252619505465,1.8476926068893638,0.6971019872386591,-27008.598223489324,43028.0619045205,0.4642836611445483,0.5781068162621175,0.13572144038130035,True,1.0,135.65078542282689,132.57913541873353,,,,,,,,,,,,,,,,,,,,,,,,,,,,,,,,,,,,,,,,,,,,,,,,,,,,,,,,,,,,,,,,,,,,,134.9435766018058,20181.308590324203,127.79469950248526,-155.41875490554074,-4.254447810263636e-06,-138.6105873910059,27334876.469210863,524206.1076672077,0.0024079602239945263,47790.893934842796,0.1384817300608904,0.6160055259578795,0.5752808798534361,3.7502864758002e-23,1.1447021994546201e-14,134.81913232901252,True,15391.893841384372,-155.68125223836012,129.03103263606118,-138.61729669860023,2.7486325226934014e-05,27871977.85631895,622743.5679804087,0.0024633294203738566,30966.654065596198,0.14947574654962406,0.6164309052364219,0.6455129398325269,7.976131263139088e-24,1.7282750984006096e-15
37,776.7324012755737,-0.2696913292369104,-278.3859524104422,103.55050355429785,-339.872301654042,0.47318888927539193,4.160964170304466,-1.829921551798498,-71053.23192558135,161120.6663633607,0.4948491952248354,0.7352541172763669,0.27199676476524515,True,1.0,585.9425801119804,577.1989338419861,,,,,,,,,,,,,,,,,,,,,,,,,,,,,,,,,,,,,,,,,,,,,,,,,,,,,,,,,,,,,,,,,,,,,,,,,,,,,,,,,,,,,,,,,,,,,,,,,,,
38,472.28712018595,0.259598984572248,282.0372278237487,-178.15010646241245,643.6349169560808,0.24180594682881715,2.336879069773387,-0.10938761808331994,-39938.64903165219,-18100.895964050284,0.4508466379063471,0.5659884977627935,0.2405258580188405,True,,,,,,,,,,,,,,,,,,,,,,,,,,,,,,,,,,,,,,,,,,,,,,,,,,,,,,,,,,,,,,,,,,,,,,,,,,,,,,,,,,,,,,,,,,,,,,,,,,,,,,
39,570.8957003637993,-0.2876495044737844,-688.4975647946524,-199.22516326000755,-876.0232010720316,0.3350686433154259,0.9628727519994313,-0.787320273773779,-29130.242447894707,-161802.05751305443,0.46923079216254904,0.10949814237089467,0.1741249432761334,True,1.0,821.9733351944946,817.1311368563315,,,,,,,,,,,,,,,,,,,,,,,,,,,,,,,,,,,,,,,,,,,,,,,,,,,,,,,,,,,,,,,,,,,,,,,,,,,,,,,,,,,,,,,,,,,,,,,,,,,
40,674.4346060886552,0.2961330475242627,319.07887937486225,-79.52480975890035,-220.85084519872882,0.4376144120958543,1.666983693975211,-1.3113386469277275,-65603.50134549344,192890.0978159201,0.4986695776713487,0.1981894823391815,0.17972211039829866,True,3.0,853.6017571559589,809.2586527785621,721.1550322721162,718.984899338863,,,,,,,,,,,,,,,,,,,,,,,,,,,,,,,,556.1709287563624,555.8934582925127,,,,,,,,,,,,,,,,,,,,,,,,,,,,,,,,,,,,,,,,,,,,,,,,,,,,,,,,,,,,,,,,
41,161.00988270815677,-0.2440782257663484,192.8612406630093,-90.07917345439327,543.1054712417931,0.1340247564292797,1.5581539994783589,0.5178201888673821,381.3339889248582,-45249.56328326709,0.4230897013295243,0.47584186468082007,0.09100305445238606,True,3.0,161.9765005235894,161.95063236328517,94.8771367792035,68.7835397825261,,,,,,,,,,,,,,,,,,,,,,,,,,,,,,,,68.86204353100486,68.7835397825261,,,,,,,,,,,,,,,,,,,,,,,,,,,,,,,,,,,,,,,,,,,,,,,,,,,,,,,,,,,,,,,,
42,943.5035902147057,0.25326488435062194,406.0375058227378,85.11382651856252,300.32358977192916,0.5819963510124735,2.922327102438843,-2.3317574072686016,-122377.50142187258,295535.0046959921,0.5283430987821218,0.3419555410649438,0.11686253678147601,True,2.0,797.6635816199212,727.0477238787748,742.4678446861856,731.5679481715192,,,,,,,,,,,,,,,,,,,,,,,,,,,,,,,,,,,,,,,,,,,,,,,,,,,,,,,,,,,,,,,,,,,,,,,,,,,,,,,,,,,,,,,,,,,,,,,,,
43,730.9012180180289,0.22824220799585965,400.0281769064859,-94.17480239093628,57.7500351680128,0.3480709399899717,1.6361274591236383,-0.9250521259845663,-90589.0458920908,203544.93745381333,0.46999311332437244,0.25485651045014857,0.21731684882538152,True,3.0,872.9166820198324,871.6896144900945,821.9671904576826,752.1115944436746,,,,,,,,,,,,,,,,,,,,,,,,,,,,,,,,704.1995817316567,701.5451747699321,,,,,,,,,,,,,,,,,,,,,,,,,,,,,,,,,,,,,,,,,,,,,,,,,,,,,,,,,,,,,,,,
44,76.5570782494068,0.2990146598423619,172.88214485044182,-53.50872033942779,292.9389223190785,0.12206882319959284,0.8025524624619745,0.37423600810018537,3741.058085631341,-24695.36076185573,0.41112906051604764,0.2630107836321912,0.07844158500972878,True,,,,,,,,,,,,,,,,,,,,,,,,,,,,,,,,,,,,,,,,,,,,,,,,,,,,,,,,,,,,,,,,,,,,,,,,,,,,,,,,,,,,,,,,,,,,,,,,,,,,,,
45,245.309797807847,-0.17911019308348672,269.1000693179544,-466.0527025941141,398.6008740463897,0.14073231335918512,0.7839429986667108,1.849718499845255,-49910.86284617767,-46923.46679410994,0.4819392427518884,0.5042721663075536,-0.9503733328704571,True,1.0,135.2752563910813,130.65328330317817,,,,,,,,,,,,,,,,,,,,,,,,,,,,,,,,,,,,,,,,,,,,,,,,,,,,,,,,,,,,,,,,,,,,,134.1875276061229,20071.35596282739,136.76613733964928,290.3564732542477,5.103196208776618e-06,316.72740159851554,27362387.816712737,811684.522793889,0.0024646848296143707,30557.564003819625,0.1722331067368684,0.6164412533285399,0.3670983151021696,9.647611155265442e-23,1.1373253179164831e-13,134.0015147480732,True,15443.793832050716,290.0062775400128,138.06966050773735,316.7503530636043,2.6519051883995795e-06,27943966.760313153,960415.1062886715,0.00253172855045531,20064.66493704252,0.18538964088943868,0.6169493302135678,0.4166869554912314,3.135092876656155e-23,2.5294997928280756e-14
46,443.63703896926177,0.27760127685286434,289.728869892336,-364.5256400031842,541.3944194104147,0.24130941417456164,1.798449770023159,0.5887802775240815,-66274.82886443555,-26177.728186140164,0.47968870056286106,0.5477424887598034,0.19312038201759593,True,1.0,127.15351095605574,117.4344924002509,,,,,,,,,,,,,,,,,,,,,,,,,,,,,,,,,,,,,,,,,,,,,,,,,,,,,,,,,,,,,,,,,,,,,124.72459633348723,18693.932999456556,168.83071416404496,268.79794519214977,1.5906518880572711e-06,237.3789715309538,40783524.78945172,2780815.69871974,0.00494753412833526,12742.058855029358,0.26112215688668433,0.6318681100194353,0.1419305997720548,4.393885400282464e-21,8.476924525901004e-11,124.34090665279058,True,14646.33364112035,269.21770202795176,170.37808683644926,237.39277473738179,3.6996298309619366e-05,41621236.56621194,3245950.743598819,0.0051129309187186904,8608.462194006126,0.27926304758547893,0.632722053402955,0.16580965089048427,3.52312425152526e-21,4.3393656661457816e-11
47,413.3230881708854,-0.2569722955436907,-261.7449274078669,219.891665997322,-458.80132064483803,0.21176263480663934,1.864239309568151,0.2481433808771988,-36219.452620261916,-10309.65530494029,0.45072210685194647,0.5074170575382376,0.2035052269248918,True,1.0,142.43255815782385,141.6716223038503,,,,,,,,,,,,,,,,,,,,,,,,,,,,,,,,,,,,,,,,,,,,,,,,,,,,,,,,,,,,,,,,,,,,,142.30049354285396,21251.192446066347,81.33456642169307,-225.08532511222808,-7.056223584124126e-07,-218.06542884637392,12393927.373012304,42712.17102479935,0.0008831202707458426,264367.8440620849,0.05870449412577851,0.6010995978723087,1.0,9.256828213668093e-27,9.613223293048382e-20,142.2673950565906,True,14715.004478566458,-225.2625660226209,82.43510154368522,-218.06737025825996,3.487776033565007e-06,12728420.317576408,54246.007499456406,0.0009078065602627861,146103.87351453197,0.0652824787073467,0.6014219402377682,1.0,6.362236501083274e-28,6.740220615682156e-21
48,890.7021747402854,-0.2544431619566841,-347.96748523059784,105.54954599167765,-74.39690897642333,0.5355142367801348,3.1415759621084303,-1.908075531246373,-119784.11494685567,287477.0150919655,0.5227554531668787,0.4673814019860454,0.24579084023860387,True,2.0,708.8255863540164,621.5150044794441,684.968664993126,671.8689679043146,,,,,,,,,,,,,,,,,,,,,,,,,,,,,,,,,,,,,,,,,,,,,,,,,,,,,,,,,,,,,,,,,,,,,,,,,,,,,,,,,,,,,,,,,,,,,,,,,
49,797.524476774503,0.2657408698979396,390.07515167104134,3.539783734036291,188.35256716199643,0.4820407216800075,2.1917989520917756,-1.6460801482273497,-94633.23505505243,210416.36963637138,0.5069351699092743,0.2736030466517189,0.17298182604062345,True,2.0,763.452677267261,703.0093036730946,678.7239525114667,674.8642968349677,,,,,,,,,,,,,,,,,,,,,,,,,,,,,,,,,,,,,,,,,,,,,,,,,,,,,,,,,,,,,,,,,,,,,,,,,,,,,,,,,,,,,,,,,,,,,,,,,
50,281.4673743282816,0.11873407957307593,150.04283265520144,-140.45972584622882,65.76587046002783,0.1364327541201394,1.3287515840323678,0.733699206581811,-4546.349461439688,13911.14914014324,0.43328865924638865,0.45447109710506045,0.03515074395967853,True,,,,,,,,,,,,,,,,,,,,,,,,,,,,,,,,,,,,,,,,,,,,,,,,,,,,,,,,,,,,,,,,,,,,,,,,,,,,,,,,,,,,,,,,,,,,,,,,,,,,,,
51,331.3612124764328,0.21114482171067733,217.7698150430915,-138.16935683026043,336.6111372066918,0.1631874342478616,1.684172146183197,0.2746071544327215,-13686.157735951849,-4340.656944550541,0.4275371638040377,0.46681089561791955,0.15199364247358627,True,,,,,,,,,,,,,,,,,,,,,,,,,,,,,,,,,,,,,,,,,,,,,,,,,,,,,,,,,,,,,,,,,,,,,,,,,,,,,,,,,,,,,,,,,,,,,,,,,,,,,,
52,632.4924674861411,-0.2954859567713071,-656.9748613042618,-256.0113806489212,-824.7333343789287,0.39796331956802006,1.0670235814834896,-1.0517494622528216,-34660.56627442967,-101350.0710476724,0.4896602474355527,0.09146431832873547,0.13878982271540724,True,2.0,940.1750687603086,940.03497978394,635.3397565613218,634.9074669618826,,,,,,,,,,,,,,,,,,,,,,,,,,,,,,,,,,,,,,,,,,,,,,,,,,,,,,,,,,,,,,,,,,,,,,,,,,,,,,,,,,,,,,,,,,,,,,,,,
53,830.8467098274283,0.23908609362198996,261.0325476172052,-179.5288595160223,142.87145327433154,0.4411755558375933,4.9085716515959525,-1.7275720863458808,-78977.91187417229,223963.980853817,0.48310708956646187,0.9392142318413413,0.289170781060032,True,2.0,790.1356441819808,779.5168776527798,600.9598477150439,584.797988854333,,,,,,,,,,,,,,,,,,,,,,,,,,,,,,,,,,,,,,,,,,,,,,,,,,,,,,,,,,,,,,,,,,,,,,,,,,,,,,,,,,,,,,,,,,,,,,,,,
54,553.7887275412704,0.24339205617322884,686.2821013783519,155.89741671768138,998.3788496602548,0.26850475472857116,1.0423230445473057,-0.6300378115291447,-25103.715848128355,-206463.00949425076,0.4425022837959814,0.15557445921530233,0.17329731255577685,True,1.0,756.7616460156244,738.7863627034915,,,,,,,,,,,,,,,,,,,,,,,,,,,,,,,,,,,,,,,,,,,,,,,,,,,,,,,,,,,,,,,,,,,,,,,,,,,,,,,,,,,,,,,,,,,,,,,,,,,
55,376.70015436540916,-0.2559366879205868,-270.4081434689847,239.58381341515843,-539.6446357392276,0.19581712175009464,1.7292241115303786,0.42155558192211107,-37503.87804831803,-33558.72721286184,0.44997485870054543,0.5025652915362798,0.17012509208998083,True,1.0,138.00969915424275,135.4254276427261,,,,,,,,,,,,,,,,,,,,,,,,,,,,,,,,,,,,,,,,,,,,,,,,,,,,,,,,,,,,,,,,,,,,,137.44291656159595,20545.27728712871,119.75084067207918,-239.12210634967295,-7.630408521538029e-06,-221.53838892260774,25348085.07393396,384914.43839633465,0.002078190932572207,60805.73252299127,0.1232280349312823,0.6133553461729476,0.7454803803303051,1.4973705185450615e-23,2.106263344693658e-15,137.336732934287,True,15414.999464380924,-239.40901745822248,120.96717626799288,-221.54754639146995,-4.92832308756478e-07,25866388.189657807,461971.56945574284,0.0021273317445195195,38284.48868278898,0.13364100381519003,0.6137639044775294,0.8127462558850708,2.7069755712797055e-24,2.9441717779595855e-16
56,897.7159414327182,0.18511184259810515,400.7303021553887,20.59260961387247,121.07046392344569,0.34990436206742276,2.581804306614215,-1.5004586029212599,-91014.06398963016,322164.54968094756,0.4469345544907357,0.3953746428333437,0.13190023087584538,True,2.0,830.8500364931427,743.3876234324696,792.9211747994041,781.6078207597295,,,,,,,,,,,,,,,,,,,,,,,,,,,,,,,,,,,,,,,,,,,,,,,,,,,,,,,,,,,,,,,,,,,,,,,,,,,,,,,,,,,,,,,,,,,,,,,,,
