,ms,theta,u,muhs,mu3,yt,lamh,lams,lammix,muh2,mus2,Pih,Pis,lamh_tilde,Lam_CP,th_bool,isEWSB,edm_Bool,h_low_0,s_low_0,h_high_0,s_high_0,Tnuc_0,dT_0,alpha_0,vwf_0,xi_J_0,v_calculable_0,num_FOPT,alpha_max,dT_max,tran_type,h_low_1,s_low_1,h_high_1,s_high_1,Tnuc_1,dT_1,alpha_1,vwf_1,xi_J_1,v_calculable_1,vw,Lh,dh,h0,Ls,ds,shigh,slow,Type,alpha_p,vm,vp,xi_s,Tp/TN,vel_converged,Tc,LT
0,521.3947489972484,-0.00028016203315634706,62.11722182670312,-564.4382862843074,842.3122281961216,0.9722902270602838,0.12907426192276955,6.3214241598872105,9.091356902426881,-9697.849964584082,-27788.32217904233,0.7641822218838161,3.0955821903762826,-3.139681648010491,258.34856248643985,True,False,True,217.3247383378444,61.86885530548193,-1.2051563182229624e-06,40.84455839895246,99.98725978586384,84.55439295218899,0.01668880169436723,0.5617270178625426,0.6729114927605597,True,1.0,0.01668880169436723,84.55439295218899,hs-SNR,,,,,,,,,,,,,,,,,,,,,,,,,,,
1,365.11791008654814,-0.006201537385834295,-73.65486453259726,328.8764491597898,-170.1461686599017,0.9969561735992836,0.1291114235599431,0.9690106580412079,4.424863131957325,-4394.805990516601,-8494.686653873156,0.5819068938763682,0.9797298531698564,-4.922281348562322,941.8533688353652,True,False,True,142.1745033491206,-71.74281753594082,-3.4562900569558114e-05,-40.86837723509157,132.38485567812762,60.92021799660738,0.0034091572228030077,0.2407769916533428,0.6230216232951532,True,1.0,0.0034091572228030077,60.92021799660738,hs-SNR,,,,,,,,,,,,,,,,,,,,,,,,,,,
2,513.5267935588398,-0.0002765358189456401,62.88104837887957,-581.268791881483,880.2101793416815,0.9726666977249604,0.1290742525199548,4.919048072325472,9.248373467030746,-10442.871781366504,-35764.201628537034,0.7709076288474636,2.7711575959198256,-4.217925945896636,263.39705323798506,True,False,True,221.51387669691377,62.69121067228375,-1.0022386163275769e-06,57.12805888172804,95.69181133701586,53.39741460647815,0.019213655611447358,0.5763185444743001,0.6790989350267198,True,1.0,0.019213655611447358,53.39741460647815,noneSNR,,,,,,,,,,,,,,,,,,,,,,,,,,,
3,516.5146851890703,-0.00026457687881236433,58.99313355963954,-540.1744274849983,884.8627956377481,0.9765234118254192,0.1290742410556435,5.959189246511656,9.161139278049037,-8101.567537275139,-31323.068031095434,0.7691522324860645,3.01665385796942,-3.3918104548340295,267.4334044043494,True,False,True,215.22141200821568,58.76249943079466,-1.906531413119415e-05,45.44055921353265,101.55571421603258,122.67058797710972,0.01522571942011129,0.5261555120666026,0.6690569778230158,True,1.0,0.01522571942011129,122.67058797710972,hs-SNR,,,,,,,,,,,,,,,,,,,,,,,,,,,
4,370.70446531557786,-0.005664817095620444,-76.90125417091981,308.3684307846664,-154.30777615115588,0.9962028023443966,0.12910633022300222,2.3465956749414154,3.973492873216788,-4138.9843425447825,906.6196311854,0.5627218559239847,1.2488977309381517,-1.5529735634402702,879.9282264599298,True,False,True,128.84849099258574,-72.34107517859512,-1.0136273957259581e-06,-49.19211567874451,138.07658871087278,14.706274571763187,0.0026126616530537912,0.19286890576250654,0.6175530819285998,True,1.0,0.0026126616530537912,14.706274571763187,hs-SNR,,,,,,,,,,,0.38581338103490576,0.07277244331017493,0.0,125.29886158420179,0.07277218716196807,-0.1612085509286508,-49.174570120517124,-72.14653970988405,Deflagration,0.0025867285838347062,0.38581338103490576,0.38123375782654645,0.5773501156674664,1.0024969897624971,True,139.59763201921643,9.78381930772375
5,543.378578341299,0.0007092635796558437,87.67223801111444,-594.0537060506374,816.0847772647197,0.990594063234398,0.1290752563294345,10.502352982593496,6.766659540653268,-18252.495455942742,8899.07252464001,0.6763024071328223,3.753364835757252,-0.9608633844447328,634.6955219555349,True,False,True,130.12345903625408,85.12124783759508,8.850791920906076e-06,72.13293111205253,141.10889630650053,144.7683512871005,0.0024984641605018823,0.18171124957909704,0.6166981624847446,True,1.0,0.0024984641605018823,144.7683512871005,hs-SNR,,,,,,,,,,,,,,,,,,,,,,,,,,,
6,250.39539920294632,-0.006067433595693073,-73.6047870371147,179.47188902668148,-486.2892012527657,0.996007088535242,0.1290883837127635,2.2694918823153185,2.4225651679612343,1176.9527847035342,-23975.296545520807,0.497993419203289,0.971133831905702,-0.5174023615010634,821.1880291046417,True,False,True,135.12953796231005,-70.95368152560113,-3.4528416001684474e-05,-19.70825697634034,137.79386668907722,36.5150020405024,0.0024368086623232513,0.2787627627320969,0.6162278071424442,True,1.0,0.0024368086623232513,36.5150020405024,hs-SNR,,,,,,,,,,,0.2806385029745881,0.053014663783915165,0.0,133.37086775357395,0.05301449389244271,-0.13989883880613815,-19.765617729950982,-70.91728798653781,Detonation,0.002426951680893075,0.2806385029745881,0.278176793395089,0.5773502529381231,1.0010139785244967,False,141.04729743349316,7.34718334300196
7,271.6133215771824,-0.006842795377038018,-75.69873492699033,167.48085292378514,-528.6573566273024,0.9959279284757591,0.12909654658233505,4.077979890709789,2.1911246217688305,1424.9252195523475,-17297.43927811789,0.4883147241231165,1.3846824096389188,-0.1652297642866209,836.2505310868662,True,False,True,114.05843119293064,-65.28692101149477,-8.393360035128461e-06,-35.746812018617746,144.01580215042324,10.275384114993527,0.0017093730349912186,0.16492330403375227,0.6101083129201568,True,1.0,0.0017093730349912186,10.275384114993527,hs-SNR,,,,,,,,,,,,,,,,,,,,,,,,,,,
8,260.9811341972345,-0.006289664549339791,-67.48201832578958,175.38713458431758,-481.1102168174841,0.9959998052194836,0.12909121595541054,2.3942835303583765,2.5791594114780967,1861.8313968881655,-22165.073444632144,0.5045159683673486,1.0284307845026104,-0.5654864296608089,752.1881725200299,True,False,True,111.41183623339943,-63.920892944065244,2.404617020537395e-06,-26.636828795477825,142.12720088887616,19.814589672908454,0.0015341318151194815,0.1930645761936084,0.6084341604276833,True,1.0,0.0015341318151194815,19.814589672908454,hs-SNR,,,,,,,,,,,,,,,,,,,,,,,,,,,
9,111.68458149748604,0.03426082202992745,-157.06571701457688,49.91092386581558,-118.85273741091986,0.9711138544357748,0.12904337506602734,0.4360441918398749,0.3149609769824269,3867.583744761064,-7995.800228300491,0.39791207305530174,0.16150454412370652,0.07216816672811108,639.2208000075308,True,False,True,143.81140809646791,-137.2780353604843,-2.9334168614980188e-06,-20.711950758919926,141.02689773202724,19.268457523162198,0.00265484242256127,0.3343632347483625,0.6178637416644296,True,1.0,0.00265484242256127,19.268457523162198,hs-SNR,,,,,,,,,,,0.527216898401682,0.08793894425560202,0.0,137.1927213852307,0.08793881747960973,0.14970824681752568,-21.34929745393661,-135.7896633614846,Deflagration,0.002534649643738899,0.527216898401682,0.5116969317736783,0.5774266320363894,1.011649802393011,True,145.96208304534272,6.941671245911407
10,479.0626703217473,0.0007483708919944561,98.11799816845871,-719.1505670157197,685.1911104834708,0.9906424125292888,0.12907508401110632,3.87422217820342,7.322820816817146,-27488.883754211514,-30132.68496963129,0.6994996553271402,2.1890256806870463,-3.3312133460704443,712.1754889872086,True,False,True,220.6445665269549,97.99473539738709,-2.6623498009558137e-06,41.68450787556858,96.87799317848372,43.941258040578994,0.02196405929244246,0.6659716382415664,0.6852829257883001,True,1.0,0.02196405929244246,43.941258040578994,hs-SNR,,,,,,,,,,,0.6841905003609506,0.0356484973870631,0.0,191.42786561555434,0.03564846239409358,-0.9999999999999993,44.5658749321494,97.66683869140687,Detonation,0.010878489329214593,0.5773502691896258,0.48620846247474453,0.6843869167571948,1.1920303102836525,False,119.03807995631578,3.9719103489941827
11,107.39045446283579,0.029686720647102368,-188.03802129131716,54.81989288214375,-106.74152758244692,0.9538744245919499,0.1290441913484158,0.3220198668120244,0.2888991430502108,2621.208125553197,-8765.313700496305,0.3885301463526995,0.12865482387804122,0.06424794470576174,597.4721337745201,True,False,True,178.3514651180468,-174.16675562768287,-2.6162801214605687e-06,-12.571207796920268,127.47388141930824,35.428378094999324,0.005715231407644789,0.4953422517736734,0.6357075217480779,True,1.0,0.005715231407644789,35.428378094999324,hs-SNR,,,,,,,,,,,0.6002436789666514,0.0561817724179815,0.0,157.05858504997116,0.056181709410730314,0.23650943255232576,-14.823800699735937,-169.496091691284,Hybrid,0.004391457612233288,0.5773502691896258,0.5207777240663113,0.6090744420934977,1.0680841488740784,True,138.94935529101545,4.900992879921234
12,463.49496060883683,0.000754573804530055,89.75133595895747,-620.0021902953124,749.5736289187511,0.9897349940498008,0.12907503153910965,4.515065615924564,6.901197855306747,-20026.596621310106,-31111.1572173975,0.6814827479311025,2.278966046532265,-2.5080146527233094,621.5593816178603,True,False,True,206.57318158766003,89.45719935576109,-7.267096996155293e-06,41.099643907100905,108.41712716711544,60.13486697654734,0.013010728399324144,0.5491397998811207,0.6627649619446088,True,1.0,0.013010728399324144,60.13486697654734,hs-SNR,,,,,,,,,,,0.6504253045878956,0.03949423477173533,0.0,172.4792788661337,0.039494166878562116,-0.9999999999999976,42.95557183197126,88.8115853027463,Hybrid,0.007764050775060572,0.5773502691896258,0.5010973419436986,0.6528944534260125,1.1377669765182075,True,122.5520311023265,4.373829329644673
13,498.70204835206596,-0.000272987345476278,70.13366121408511,-511.7991123700959,936.5965207990872,0.9681041877778866,0.1290742393053266,9.476456913314099,7.301166329816033,-10114.348302917522,-18963.136501654662,0.6875602949053453,3.585975283297864,-1.2772274582401133,270.99278875479513,True,False,True,184.7428296234697,69.16833302374587,-4.213011114884102e-07,39.64874447649179,122.07127084829008,136.7916712793138,0.0071586088299042065,0.3988647958495368,0.6422054843743307,True,1.0,0.0071586088299042065,136.7916712793138,hs-SNR,,,,,,,,,,,0.545500830847966,0.040506344276726725,0.0,172.75378913011687,0.04050627730977803,-0.3642331030018415,40.038806421283816,68.86882623278312,Deflagration,0.006284010223091788,0.545500830847966,0.5022997881050636,0.5823498347083044,1.0331133046485272,True,130.13843624031512,5.500795995701732
14,379.3798306167563,-0.005858256902642685,-70.85215606863063,348.16627231008056,-157.6489820154596,0.9968143541834884,0.12911041136722398,0.6140670492025162,4.870902163509167,-4616.343109644437,-9392.789121422275,0.600420658585132,0.9653337895521568,-9.53013116383643,885.5228341749405,True,False,True,144.15841024953488,-69.69579990882953,1.905757885689244e-05,-42.597927351821255,130.48561261229858,81.45134122556388,0.003614575919674878,0.2292617154693833,0.624315401709512,True,1.0,0.003614575919674878,81.45134122556388,hs-SNR,,,,,,,,,,,,,,,,,,,,,,,,,,,
15,281.40781482449256,-0.006250463715564098,-74.66282362101812,194.8389193459887,-466.4475975872342,0.994648020065721,0.12909457365762225,3.1325407653550235,2.5879780871392053,491.1615196228858,-18018.64856491945,0.5042123599935195,1.2144648725286231,-0.4054260504302203,718.7592705839656,True,False,True,124.2564956711499,-67.64614482869429,1.4806087947562297e-06,-32.24888463110899,140.87149447474286,20.30526274476486,0.0021161610786932933,0.2037812895559464,0.6136714792114641,True,1.0,0.0021161610786932933,20.30526274476486,hs-SNR,,,,,,,,,,,,,,,,,,,,,,,,,,,
16,482.2677247861783,0.0028131416720783317,-131.13918504499253,705.2921953771722,-967.6058761878877,0.9729908657264764,0.1290882573982818,5.712268943260964,5.397097218918467,-38258.579749362216,-28081.52788333304,0.6106024675962767,2.3275834389683188,-1.145740478774142,552.7431566060102,True,False,True,90.58329288500944,-126.39761643586887,2.5623783910534706e-05,-120.70807665062522,145.6054761212259,2.3047785991472547,0.001144267853369657,0.08419542338405901,0.6043021318026811,True,1.0,0.001144267853369657,2.3047785991472547,noneSNR,,,,,,,,,,,,,,,,,,,,,,,,,,,
17,127.18434577785746,-0.0522177865967342,-171.303464568202,53.32262678291831,-137.65252291107348,0.966006149817788,0.12908596896026592,0.5166296617031744,0.3106228480682341,3247.717643386149,-8439.71004923055,0.3952790554331663,0.18092789010383264,0.08239558274437686,640.1082487437312,True,False,True,120.76847720336923,-152.89394653181438,-3.820719332770407e-06,-28.005149157830306,147.9192564162656,32.54624552190848,0.0018088712177889625,0.3596316709706149,0.6110183698175397,True,1.0,0.0018088712177889625,32.54624552190848,hs-SNR,,,,,,,,,,,0.5956460782988757,0.07826215757255493,0.0,84.34219938383289,0.07826123427303716,-0.9999999999995737,-32.270050071456424,-147.0517798280802,Hybrid,0.0015212971878473876,0.5773502691896258,0.5446389188337896,0.5994529018518848,1.0442511408652226,True,155.3739006306561,5.965318155593343
18,500.51503453784966,0.0007406159532001721,84.79542248925422,-632.5670520479472,800.3389467895662,0.9927167865733746,0.1290751587227095,6.4177632000629306,7.4515876826879035,-19025.53184885693,-21972.193138370872,0.7058935359715693,2.8463720804637167,-2.0339120558975505,698.7365578949291,True,False,True,202.4040250048378,84.4613601545325,1.670721309722227e-06,47.45022377459614,111.80404470428465,132.83082117135072,0.011253238489318444,0.5046989481724322,0.6572965244186305,True,1.0,0.011253238489318444,132.83082117135072,hs-SNR,,,,,,,,,,,0.6165476325578643,0.03894648634363317,0.0,177.14886165225653,0.03894639006917474,-0.9999999999999954,48.68279294166049,83.95870341106568,Hybrid,0.007690288432500355,0.5773502691896258,0.5014798604033027,0.6260310901561899,1.0998499124691803,True,124.33695979012042,4.614164571355674
19,114.01482388227734,-0.05699649274750599,-195.2356129948516,49.83701750775264,-131.00748086071928,0.9648113289454624,0.1290032103103439,0.4046611850314055,0.2583992968957089,3014.1925280354644,-10057.916896874533,0.3924849495532806,0.14423184574046952,0.0877525300461775,716.3736041019887,True,False,True,174.874067556562,-184.56321789155987,-4.824828810683277e-06,-12.852100080236864,129.60486235988262,39.417000277939046,0.00558480950293859,0.5219473176346835,0.6350766170391203,True,1.0,0.00558480950293859,39.417000277939046,hs-SNR,,,,,,,,,,,0.6251672157429261,0.05518966333620394,0.0,143.76413444990504,0.05518958079828837,0.16741287533465363,-16.177473439405592,-180.1742139306647,Hybrid,0.003941311259902431,0.5773502691896258,0.5238746730767485,0.6273115560048382,1.0910424555424727,True,143.61279534289142,4.233949521902188
20,469.3338245133447,-0.001998354765417249,-69.11518997791559,357.9784116923961,-363.6220763079476,0.9921195383673376,0.12908083667648476,9.256048683992342,5.155415229838046,-4604.1073452109285,18355.18439663661,0.6099261627627925,3.17324804263776,-0.5887823439162044,547.2729485184976,True,False,True,112.93602918000867,-64.5679148478754,-3.2851030727988603e-06,-51.269581398619316,144.77151575057488,10.297399967008204,0.0018221582772942832,0.14398115413869153,0.6111378604284669,True,1.0,0.0018221582772942832,10.297399967008204,hs-SNR,,,,,,,,,,,,,,,,,,,,,,,,,,,
21,501.1489862545976,-0.0002647688923483017,60.823910767528716,-505.531467419054,915.6805603676663,0.9773200375974757,0.12907423222379158,7.426626726952867,8.315557581077773,-7542.735847493464,-28093.91341254121,0.7343087778745959,3.2425829452511787,-2.198648044205723,280.7058700149919,True,False,True,199.92686186239445,60.37751275268387,2.3670343833587983e-06,37.96493971522646,112.63356662272557,128.73445687168518,0.010021009879197277,0.4452509767028643,0.6531524199386489,True,1.0,0.010021009879197277,128.73445687168518,hs-SNR,,,,,,,,,,,0.5523836435986205,0.04313844454636585,0.0,187.59775155915358,0.0431383365148575,-0.4482432433229443,38.02172820292756,60.22047975392026,Deflagration,0.008408779643103787,0.5523836435986205,0.49420766075849204,0.5870356256214995,1.0448275313506943,True,121.93714163658886,5.409597473262939
22,370.5513475209109,-0.002932507928662349,-70.08377150445021,316.25674530382605,-365.3892517139218,0.9975408103728836,0.1290827262570736,2.662213036163206,4.49187644156194,-3308.734878487949,-13158.425977974288,0.5849762805288752,1.4141993326344582,-1.7656711582158873,997.4802318884995,True,False,True,139.44682152864402,-67.6704087920551,1.3619184858335364e-06,-40.48036893563757,134.3053463184105,29.82504753906505,0.00315774121453995,0.2279176446020084,0.6213786818797836,True,1.0,0.00315774121453995,29.82504753906505,hs-SNR,,,,,,,,,,,,,,,,,,,,,,,,,,,
23,113.5303695704706,-0.054631237826846736,-179.97327304146418,53.740206643585,-131.3097597388934,0.9681919376185726,0.1290062545550864,0.4241977063846021,0.30199519815521986,3038.710456395066,-9789.455283694755,0.395936649463489,0.1563819596220205,0.07525708386407239,696.4134422214113,True,False,True,169.28097743929882,-168.33037778813292,1.4251112630325193e-05,-14.225220471758359,131.91097677690183,34.32629854610899,0.004749374852144609,0.474820424354157,0.6308237686445969,True,1.0,0.004749374852144609,34.32629854610899,hs-SNR,,,,,,,,,,,0.5989355169367395,0.05653300119404318,0.0,146.3143246762804,0.0565329195483544,0.18364930681760422,-16.704450572298366,-164.62767352412288,Hybrid,0.0037188911853268114,0.5773502691896258,0.5254652594505573,0.6069007650010377,1.0630527285692704,True,142.80363448137265,4.818492333771367
24,543.8243437754104,0.0007068121390782793,90.07347523285095,-652.3264368401932,775.7684660619917,0.9919018163854398,0.12907525031982886,9.005735884852552,7.233231622156793,-21591.04583803684,2918.8867738686968,0.6963910613323746,3.456972574905937,-1.3233224317998924,703.4574461943582,True,False,True,159.636547499154,88.69452409735969,-1.3361433208697626e-05,67.93083910444913,132.45995431755168,64.01044687345515,0.004377649253673428,0.2815403578464969,0.628797215607443,True,1.0,0.004377649253673428,64.01044687345515,hs-SNR,,,,,,,,,,,,,,,,,,,,,,,,,,,
25,391.1892488151973,-0.0029701963580509518,-70.06248842977594,274.4217271976681,-407.54121959164934,0.9972677653380392,0.12908409353720654,6.404216871649248,3.8931580982073473,-1847.0346888331242,2166.42121579354,0.5598941983849011,2.2499139009468703,-0.4625838762318365,945.8454849904467,True,False,True,109.57090535609215,-63.70407001807554,6.260112491222181e-05,-47.72370535928809,144.55649994782885,7.502960377521787,0.001712066475217247,0.13860284817996554,0.6101333143925385,True,1.0,0.001712066475217247,7.502960377521787,hs-SNR,,,,,,,,,,,,,,,,,,,,,,,,,,,
26,312.7732836291941,0.0005095866766141748,-263.8213704115056,876.4570533857174,-14.944365231916638,0.9380443796538684,0.12907427207349412,0.007789218032901971,3.3228056847850045,-107767.84826739723,-3380.9597245533514,0.5074706693649185,0.5557482519723929,-354.2401824428418,714.1856895783657,True,False,True,7.542231764207341e-06,-789.5284294442183,-9.482293353511372e-07,-275.22414943318506,274.403284275068,113.44639056104765,0.002090676222967055,0.6114109021572964,0.6134596356180508,True,1.0,0.002090676222967055,113.44639056104765,s-SNR,,,,,,,,,,,,,,,,,,,,,,,,,,,
27,282.4267980739852,-0.006513543261539409,-70.60292487665616,177.83365250014268,-498.35931684460564,0.995884633856938,0.12909653476631913,3.8728345996481583,2.4947605408154083,1487.4456468734916,-16608.56625782639,0.5009446561506369,1.3840020733812743,-0.27266540444579,775.8178488168193,True,False,True,114.05854830155536,-61.52546361661771,-6.2033763434382074e-06,-33.97136043357437,143.2977533514891,9.923887053996706,0.0017236330008611606,0.16323534317213834,0.6102404417776007,True,1.0,0.0017236330008611606,9.923887053996706,hs-SNR,,,,,,,,,,,,,,,,,,,,,,,,,,,
28,523.1777493087503,-0.00029016327348803817,68.0287365183129,-522.506410071505,975.5740834092314,0.968622093241803,0.12907427527101936,11.592945410420704,7.685142877451997,-9938.61507117447,-12580.475338540678,0.7038100959871194,4.179093498847177,-1.1445757540339114,265.1267903030084,True,False,True,187.7775451153375,67.22004513173664,-3.661837641446663e-06,37.55414493627215,121.31855002922107,138.37591662014162,0.007555411597501797,0.4191411172763678,0.6438580970814269,True,1.0,0.007555411597501797,138.37591662014162,hs-SNR,,,,,,,,,,,0.5611086832413064,0.038774858707434995,0.0,173.843358632736,0.038774798964533105,-0.36312660551866655,38.26549126859252,66.89819623391418,Deflagration,0.006385696886555815,0.5611086832413064,0.5067521139941956,0.5881874790054225,1.042947573128353,True,131.0417653054537,5.3553674491623315
29,121.27179788267472,-0.05737361216941335,-169.27360557892192,52.70588510238396,-152.8993553886969,0.9664892168199928,0.1290485823082305,0.5436526038825858,0.3126572048893265,3379.862323769177,-10265.08463758337,0.3955785081605781,0.18802268511886755,0.08409591995037734,637.306259811297,True,False,True,155.77063627363825,-154.52804648226274,1.2201793084432198e-06,-17.34526419726079,137.3485495570084,29.38739952941729,0.0035479172769083017,0.4227546952266205,0.6239000896716352,True,1.0,0.0035479172769083017,29.38739952941729,hs-SNR,,,,,,,,,,,0.5809577979485049,0.06208984342492683,0.0,137.15738906817518,0.06208973585186222,0.09466706851659439,-19.42510759401174,-151.24725078071268,Hybrid,0.003012072511154177,0.5773502691896258,0.530838974346559,0.5930934098731632,1.0418205748109166,True,145.95759541387466,5.295509212809586
30,628.4370219305799,0.0007389006424060981,-105.45221497308269,975.6834289561616,-741.9759315243283,0.973880334149116,0.1290758042150459,8.66722958791483,9.263169566384008,-43560.11260213654,18465.21367118979,0.7721155089295321,3.710668991376042,-2.3459454683040035,452.29010230961853,True,False,True,190.49490806799014,-105.02333096133074,1.133598457419071e-05,-84.24775404802729,119.46974331356206,55.187564557857904,0.007799465274088745,0.40735619272643786,0.6448499179296159,True,1.0,0.007799465274088745,55.187564557857904,hs-SNR,,,,,,,,,,,0.5486615849134266,0.0431323814976617,0.0,178.57922520716295,0.04313231081113852,-0.3586385069527004,-85.32076065145043,-104.82838900655659,Deflagration,0.006754971325752507,0.5486615849134266,0.5011245890167141,0.5838233724144547,1.0365981174995713,True,128.41691901994653,5.846133280522857
31,466.9605856121547,0.0007346506330610454,97.187213371644,-618.7018185264054,762.4739761243064,0.9914764057643684,0.1290749971469232,5.252134154225397,6.359868032969969,-22270.493089607746,-24682.795639096006,0.6597898476561448,2.3730115440513435,-1.7962338491747432,739.5925833227095,True,False,True,182.5542946742907,96.35638192019407,3.4596733740938867e-06,58.07053301638585,122.19059257642664,135.9450851418888,0.007212174010851651,0.4022117955245249,0.6424315839066475,True,1.0,0.007212174010851651,135.9450851418888,hs-SNR,,,,,,,,,,,,,,,,,,,,,,,,,,,
32,405.24047727758295,-0.003209097049994305,-66.90068495854204,280.42757145465265,-359.3336190610285,0.9971311535011412,0.12908671710746494,6.839063885425713,4.1627528463133485,-1620.6576556008295,5692.64995160012,0.5710605100494947,2.4035581124086525,-0.504351994308053,881.3043233247421,True,False,True,115.10949294255713,-61.2498908531182,7.007564426877629e-05,-44.09032643600687,143.63898916820014,9.732583004321867,0.0019204342968235169,0.1528648252769803,0.6120075819981933,True,1.0,0.0019204342968235169,9.732583004321867,hs-SNR,,,,,,,,,,,,,,,,,,,,,,,,,,,
33,415.4068737054795,-0.0028362121229966227,-64.03992309572358,274.48551150218935,-392.7127060587209,0.9975179527168624,0.12908450807562902,8.267176903334253,4.257935528451026,-1022.5111643482668,7899.846350164618,0.5752182328001276,2.7764501472420675,-0.4191683954377052,907.2378305595056,True,False,True,110.335920498499,-58.27640939839979,-8.332822556659123e-05,-42.71856113658289,145.14395682387257,8.760254813467895,0.0017255070834027205,0.14142084591434398,0.6102577631832506,True,1.0,0.0017255070834027205,8.760254813467895,hs-SNR,,,,,,,,,,,0.31942065882810217,0.09530486220401256,0.0,108.08293593310502,0.09530442747594468,-0.01133633365107219,-42.71971776233468,-58.165423983161794,Deflagration,0.0017186287547612093,0.31942065882810217,0.3172924964105028,0.5773502222004756,1.0009802251348106,True,146.0501937409771,12.7219457806469
34,390.01234018125496,-0.006636961042145946,-69.82937980446192,343.70979323993026,-146.68116166668096,0.9965715030737424,0.12912367965389251,1.3504499089021775,4.869457685110561,-4302.1979027483085,-5254.240571604634,0.6002460821366276,1.1491887580773046,-4.260453821661615,841.1091024269267,True,False,True,151.87429222144095,-67.79020057945695,3.9103997549355e-06,-38.306699753936044,130.31740274850085,44.54358292270959,0.00409381381902467,0.2656107023328125,0.6271846815707364,True,1.0,0.00409381381902467,44.54358292270959,hs-SNR,,,,,,,,,,,,,,,,,,,,,,,,,,,
35,448.68064531853696,0.002914379217145285,-131.96033145176932,704.4848009980597,-863.6749715487724,0.9705973019726571,0.1290871042967362,4.40706587210651,5.355265492780653,-38512.469617846815,-36723.496960654484,0.6076958769087892,1.9943107168234029,-1.4977815045708662,532.0959382141923,True,False,True,130.654408810922,-128.99772442368493,-3.736344022069372e-05,-111.75435180545195,138.16566329571316,14.609187128941471,0.002730075643075925,0.1870860399985388,0.6184112724007381,True,1.0,0.002730075643075925,14.609187128941471,hs-SNR,,,,,,,,,,,0.3683991389448825,0.07381995173953208,0.0,127.1917146861527,0.07381967027062201,-0.1771233369949118,-111.74147491346622,-128.87204933963463,Deflagration,0.002705397146414374,0.3683991389448825,0.3640592442885143,0.5773506292496577,1.0022728511204937,True,139.69134999136313,10.09667585501936
36,404.4708061129902,-0.0032650520570549142,-65.04793138133142,280.8798551916993,-385.62175325079374,0.9974483430450822,0.12908710627078634,6.831463390690777,4.287881157375591,-1374.5979542558398,2907.454836316829,0.5764325491989647,2.4225127072352928,-0.5437528025557437,908.8139425526822,True,False,True,121.77726820994523,-59.95581703133037,5.4615657542859366e-05,-40.57399705702235,142.1593705223736,12.728903138269091,0.002185682754833885,0.17147037749851946,0.6142425183318337,True,1.0,0.002185682754833885,12.728903138269091,hs-SNR,,,,,,,,,,,,,,,,,,,,,,,,,,,
37,249.5221661044104,-0.006914893534102015,-72.48398971467903,187.03282721569317,-545.3921343766701,0.9954088419879872,0.12909248141663793,2.2448498045115435,2.5622713597644493,998.9785454171223,-28285.31357324909,0.5035187199542143,0.988257677755294,-0.6020515919947331,753.8180253070565,True,False,True,211.465331621456,-72.23931849875055,8.778105164211591e-06,-162.88896191660308,103.99146620742646,142.5636736716497,0.015811394759249694,0.665530248525875,0.6706261360575125,True,1.0,0.015811394759249694,142.5636736716497,hs-SNR,,,,,,,,,,,0.6645788031680402,0.032473156169592544,0.0,182.64581371602034,0.032473125935811704,-0.1043952082500406,-160.24987315143972,-72.13874315277931,Detonation,0.008766301734793841,0.5773502691896258,0.4960533616195365,0.665724384390645,1.1588799194423172,False,125.73213234867384,3.417397514499582
38,520.3549337639669,0.0006734789222222892,83.29632138928605,-600.4546821362629,817.4852783864418,0.9921618367599672,0.1290750505699518,8.675660785442659,7.200279532398692,-17213.086772872168,-8153.301336813311,0.6951469319610596,3.3689617850937807,-1.3648752843622096,661.361454915575,True,False,True,179.6597965442672,82.48352712819337,2.4445067635398225e-05,52.43537371598629,124.727974776207,138.2500756673457,0.006535620181776461,0.3781619538666828,0.6395016755478999,True,1.0,0.006535620181776461,138.2500756673457,hs-SNR,,,,,,,,,,,,,,,,,,,,,,,,,,,
39,436.8709080399858,-0.0028000130481283213,-70.10370938108815,326.69495546428396,-391.8306057604197,0.9970030969886136,0.1290854270474247,7.842754466256335,4.631742518582832,-3696.668401802277,10213.22296627643,0.5905372608946289,2.732645702994556,-0.5547635590055724,903.4659561871682,True,False,True,113.99567581366331,-65.02521520969647,-5.3457386226806125e-05,-50.078970098155814,144.13726883524726,9.531367428087124,0.0018770044641376101,0.1475185882361224,0.6116262394795018,True,1.0,0.0018770044641376101,9.531367428087124,hs-SNR,,,,,,,,,,,,,,,,,,,,,,,,,,,
40,473.23737249323614,0.0025275393564516265,-138.24317913836873,754.9476452505064,-932.931654447974,0.9692153224608456,0.1290850732215818,4.90329907748274,5.476481036876613,-44210.94507508627,-34794.79656417997,0.6120753137159469,2.1385716088501208,-1.400081518155626,544.1893977720589,True,False,True,107.82932091901304,-134.21550093831308,-4.777974573854917e-06,-125.44518232687142,142.51353350541152,4.612629733470727,0.001704401751062573,0.1192806290826515,0.6100621125781681,True,1.0,0.001704401751062573,4.612629733470727,noneSNR,,,,,,,,,,,,,,,,,,,,,,,,,,,
41,481.21128624416906,0.0007987351176997822,87.34258348001785,-661.1745868540099,727.1650401592674,0.9909282876267382,0.12907523232161625,4.303078757003134,7.5618795792906,-21081.11658329746,-30928.524826696,0.7096021316813749,2.336082952465884,-3.1930823437296065,644.0147514940763,True,False,True,216.2284229926503,87.1854575763216,1.2188805247988147e-06,41.00701114505984,100.89210613106856,60.39283085001091,0.017693464276990742,0.6100662460277624,0.6754389593886571,True,1.0,0.017693464276990742,60.39283085001091,hs-SNR,,,,,,,,,,,0.6715288102012468,0.03788396366340758,0.0,184.82443323967163,0.037883907243251545,-0.9999999999999984,42.617158869995905,86.8016536873806,Hybrid,0.00943567274788501,0.5773502691896258,0.49282845154385846,0.672252655719863,1.170199509466553,True,118.62894190177728,4.160826900515841
42,552.3122895324672,-0.0002734824122229479,60.29514665267492,-533.3828918565862,862.9797898481897,0.9789642440049492,0.1290742745877714,12.237451381591134,8.851531052745276,-8246.743398079441,-7382.594141857466,0.7574451608303945,4.53461802085533,-1.4715368235608108,289.30180920485424,True,False,True,218.95198509595681,60.11152377060467,9.257625190555251e-06,28.90749090237328,99.583144857114,134.36045889430318,0.018474301906193032,0.6211781988848699,0.6773424014853829,True,1.0,0.018474301906193032,134.36045889430318,hs-SNR,,,,,,,,,,,0.6770334444281965,0.03552795218397419,0.0,192.87062534504412,0.035527909582816375,-0.3939093559468983,30.38890362681928,59.79009133865421,Hybrid,0.009597354770684376,0.5773502691896258,0.49206506418995144,0.6770899973493001,1.1778882151607177,True,123.36607423115484,4.361778747300242
43,518.3327331027426,-0.0002834689157819625,66.57337452685456,-554.5428240406109,967.5960748091728,0.9687534827839172,0.1290742637516124,9.09652873369348,8.334174897778867,-10625.432171314029,-23967.5680436056,0.7309167287968282,3.663161333053181,-1.77985367074426,260.0263560445905,True,False,True,207.11820919128243,66.14004250493079,-1.2715279230383525e-05,36.92447277538021,108.86496501047328,131.63669535307352,0.012274629464682926,0.5173396282963784,0.66053187577671,True,1.0,0.012274629464682926,131.63669535307352,hs-SNR,,,,,,,,,,,0.5968738233223893,0.03628091390549952,0.0,189.09405883183211,0.03628085725958113,-0.4184492866176958,37.36294205600777,65.84454130490025,Hybrid,0.00887352678664068,0.5773502691896258,0.4955295091704519,0.6132509765857262,1.084496186414604,True,122.68719837904324,4.6907610586047355
44,465.5166097759349,0.0024196405170574253,-137.2266663310827,776.1675338937607,-950.7827766270166,0.9689486481399068,0.1290838059807614,4.66664525511854,5.670497843816303,-45295.5202954053,-42158.011153042666,0.6200294990778417,2.1117442877490187,-1.5934890509048727,537.7517386562204,True,False,True,134.78144496511746,-134.54189152514437,5.7616220410601426e-06,-117.4776640282555,137.28946309341538,16.562036701729596,0.0029378165774265764,0.19666958046937197,0.6198820178089288,True,1.0,0.0029378165774265764,16.562036701729596,hs-SNR,,,,,,,,,,,,,,,,,,,,,,,,,,,
45,539.9341872109674,0.0007492093606136727,94.784965790099,-597.9925128322006,814.7111297128919,0.9910243716519224,0.12907537342799205,9.880955241103534,6.300081194394419,-20556.30598001897,11281.572086697504,0.6570748780278622,3.520252342674953,-0.8751550397119375,702.6726886302988,True,False,True,103.06098313241749,90.92838766878306,-4.069869403533028e-06,83.8243470468372,145.92246117657263,4.651392351752321,0.001449899051638249,0.11002522258426263,0.6075932913203903,True,1.0,0.001449899051638249,4.651392351752321,noneSNR,,,,,,,,,,,,,,,,,,,,,,,,,,,
46,453.9685114121716,-0.0020219445320089555,-69.81454632732445,332.1929007004835,-396.97435671321807,0.990929454681781,0.12908051832789988,9.190759391645168,4.735816728139722,-3826.400121013527,16402.877554420076,0.5918527341208315,3.0869926359345787,-0.480987679706859,514.8065018481302,True,False,True,99.39534331743059,-64.10279223194188,-2.619234720686725e-05,-53.7798709683652,147.13148056738086,5.2637421623817895,0.0013633887718481226,0.11171992936983513,0.606702307423359,True,1.0,0.0013633887718481226,5.2637421623817895,hs-SNR,,,,,,,,,,,,,,,,,,,,,,,,,,,
47,411.62487326124113,-0.0056570897445511635,-73.94346191250901,317.11104045990425,-157.04235193449443,0.9962542851260784,0.12911469328223407,4.670026951903339,4.240773106151489,-4028.572395499896,12473.434710839021,0.573888358134191,1.8743022556677496,-0.8336290297774387,851.9119173668332,True,False,True,120.39477398711763,-68.50341213579271,1.3767369152152035e-05,-51.115277682788715,141.5590332300381,10.040045436143627,0.0021904852045850076,0.16284361639279088,0.6142816025468566,True,1.0,0.0021904852045850076,10.040045436143627,hs-SNR,,,,,,,,,,,0.3393433082859374,0.08431685611818812,0.0,117.71427656200282,0.08431653683240915,-0.053866431190246145,-51.09878149878047,-68.36469842307362,Deflagration,0.0021778411739846524,0.3393433082859374,0.3363531455383742,0.5773501707924228,1.0014483777808514,True,142.69488410122847,11.273147145035756
48,115.63364121799128,0.03146788704020377,-159.07729184099117,49.45658750808783,-100.78132210470615,0.9639038909923924,0.1290555082228623,0.3948338081820038,0.3090687953606549,3865.7906572035,-6095.914742410128,0.3941847802644372,0.15021991793894346,0.0685721363039779,575.9060119715409,True,False,True,110.1928216242755,-135.18938847418931,-3.9441916689900715e-06,-34.21811854809233,150.0023619081735,20.11034145107959,0.0013668023147271006,0.2682488544840195,0.6067380213247456,True,1.0,0.0013668023147271006,20.11034145107959,hs-SNR,,,,,,,,,,,,,,,,,,,,,,,,,,,
49,372.6594200198957,-0.0031373501978483125,-67.82209287391865,297.5426582784871,-414.96766287770487,0.997680600705238,0.12908410125122394,3.70196245694618,4.36395215406249,-2318.8725683253906,-11817.259479205852,0.5797165175461837,1.6528159732469598,-1.1569958242227147,994.0584661372037,True,False,True,136.59313155480748,-64.50947745316506,-3.0798654212157962e-06,-38.76480192845625,136.18298916149956,21.444873889696268,0.0029477742925025927,0.21784607713931048,0.6199510752739069,True,1.0,0.0029477742925025927,21.444873889696268,hs-SNR,,,,,,,,,,,,,,,,,,,,,,,,,,,
50,116.75293251780106,-0.05840582808524165,-188.47759762177463,52.413903231582324,-133.7485623175451,0.9692242630076814,0.12901742527068186,0.4281433734567125,0.2806229112313305,2925.8691811903996,-9922.587617638177,0.395551733849419,0.15380632856939988,0.0830344536832977,742.0483351086489,True,False,True,171.14103663528832,-177.69941841870758,-1.448357091413761e-05,-13.978205838786733,131.2200341682647,39.1984874412814,0.005145015261101649,0.50781078160959,0.6328859092291663,True,1.0,0.005145015261101649,39.1984874412814,hs-SNR,,,,,,,,,,,0.6202042005052665,0.05492033170936032,0.0,140.40470101959815,0.05492024507829704,0.10625018942256177,-17.352213509571584,-173.22364595459493,Hybrid,0.0037193175466151435,0.5773502691896258,0.5254621688882616,0.6230095557771931,1.0845007417184036,True,144.48715554226675,4.38988367904578
51,116.80897744191286,-0.059433725229288525,-187.777432081825,48.94053898323637,-128.99445752555937,0.9665195624133848,0.12901579633124266,0.42504758049760377,0.2631997595370446,3270.5511736946446,-9157.050561088588,0.3935160528570152,0.1501285217139084,0.08827087940967188,707.3092634449466,True,False,True,158.20212138755394,-175.08704242518903,-6.4431966902721975e-06,-17.004537753094155,136.7478909140858,35.540874228455564,0.003934815530786031,0.4739646536506023,0.6262542853523155,True,1.0,0.003934815530786031,35.540874228455564,hs-SNR,,,,,,,,,,,0.6150778084125823,0.05956819564078624,0.0,124.7858732391818,0.05956803765289116,-0.00740295627372664,-20.690851138623906,-170.47440441053493,Hybrid,0.0029529291671405934,0.5773502691896258,0.5313140536707277,0.6175904991895738,1.074404545002473,True,148.78511388516148,4.5432893801274545
52,114.71427307278887,-0.05087540624275392,-181.43298444846485,47.97680852772781,-144.23180383412824,0.9725715859153108,0.12902101854646594,0.4757284029472571,0.26726164700721666,3514.81103800232,-10422.674955027702,0.3966217655763995,0.16347570857135038,0.09148448114482524,758.6144077036091,True,False,True,165.8218671506981,-169.07841682908062,-7.1386349567450314e-06,-14.449188991760144,133.58667765617002,30.678228410553345,0.004395822735683052,0.4624919234097639,0.6288984648072056,True,1.0,0.004395822735683052,30.678228410553345,hs-SNR,,,,,,,,,,,0.5957142033238261,0.06625955127220931,0.0,143.40924063646352,0.06625945769696158,0.2068493849419447,-16.843679097136626,-165.48624347376963,Hybrid,0.003499802002379546,0.5773502691896258,0.5270757627370948,0.6041594770521889,1.0586426739722825,True,143.94539688212552,4.807645743978898
53,254.06233313144588,-0.007019600514196271,-77.82746905290306,191.37969494455575,-507.2822030899021,0.9954437261403639,0.12909397171413373,2.4351144972359746,2.441111247330076,323.40721937898525,-25273.63871789665,0.4984884893859498,1.015630498864006,-0.4826867195639669,812.5029919692997,True,False,True,150.9722997415755,-74.79781374199155,-6.739837523718241e-06,-16.868711780076207,133.79923379089942,55.4179265285011,0.003345919235016414,0.3341353641399567,0.6226147852899051,True,1.0,0.003345919235016414,55.4179265285011,hs-SNR,,,,,,,,,,,,,,,,,,,,,,,,,,,
54,476.25351568273095,0.002669509744729072,-131.4760025223324,788.6640140569858,-973.6175713903683,0.9721731957614724,0.12908650935951305,5.004766862694711,6.015954787586594,-43870.17096289183,-40967.44594827903,0.6359897000472101,2.2538508469381098,-1.6787755249370953,545.6145478241348,True,False,True,145.4774196446959,-129.45776881635794,8.723775400498425e-06,-109.11783297125878,134.75692334491222,42.66658302492459,0.0035671380529556772,0.23203733647636396,0.6240202791172479,True,1.0,0.0035671380529556772,42.66658302492459,hs-SNR,,,,,,,,,,,0.4264227887585744,0.06181402038725217,0.0,140.72974651926557,0.06181384630519377,-0.2899952798311257,-109.144471673964,-129.29992053355124,Deflagration,0.00350005168777719,0.4264227887585744,0.4184741641763219,0.5773507118725008,1.0047577947804516,True,137.17522647413844,8.416506670917517
55,374.99916107525183,-0.003120278670163567,-75.57764361178576,280.1564119046073,-375.7812466072824,0.9969248701447893,0.12908413315503364,4.96140774861521,3.6859113705866746,-2822.2726008965965,-696.3607945797265,0.5510879881090063,1.8546704989182483,-0.5554969031250495,961.4864868620504,True,False,True,110.46232627492456,-69.0331079714726,-5.5490360459122375e-05,-52.18756389621072,143.7605204815849,7.394791226015683,0.0017599223706029855,0.14093942353468905,0.6105740867279879,True,1.0,0.0017599223706029855,7.394791226015683,hs-SNR,,,,,,,,,,,,,,,,,,,,,,,,,,,
56,429.6697254320956,-0.0028460449610647172,-65.63577685671372,309.97787760390185,-415.95227932196633,0.9971929663944266,0.1290853857342857,7.983212745447904,4.69293798062545,-2412.482492693725,6188.861160020635,0.5931817103619091,2.7779595164662183,-0.5606014481332869,874.1501098775967,True,False,True,123.45376718062543,-61.13474874093136,-4.225183904027832e-06,-42.433059246432435,142.23664464219615,15.31549954532241,0.002254805490735022,0.17567111983755104,0.6148006944294981,True,1.0,0.002254805490735022,15.31549954532241,hs-SNR,,,,,,,,,,,,,,,,,,,,,,,,,,,
57,473.8362663865661,0.0007845814496348668,86.11003255877864,-626.3840959888121,687.0578168938879,0.9927288764206952,0.12907515664339528,4.263123550522551,7.266499008632992,-19173.81781255539,-27786.049951416295,0.6981875077800229,2.2768640557361364,-2.967363828569221,710.1654473888354,True,False,True,207.20081864569104,85.87113787202121,-9.430778825447242e-06,42.850625471651284,107.8040244075298,63.88174718453097,0.013093513494651824,0.5392299591164214,0.6630113130883439,True,1.0,0.013093513494651824,63.88174718453097,hs-SNR,,,,,,,,,,,0.637341046104553,0.04065325045456435,0.0,177.17825661245809,0.0406531756948148,-0.9999999999999972,44.29868284008109,85.40910716589921,Hybrid,0.008190923317702261,0.5773502691896258,0.4989151442887024,0.6427855885637219,1.1244258944565373,True,121.21354110177126,4.49038035814273
58,485.5508034971794,0.0007508160441426261,96.74282298329187,-653.0534195754807,704.1287257015192,0.990183706780426,0.12907511958039225,5.3045703903431525,6.743468320257027,-23797.769269411005,-18683.29345188869,0.6751328316730052,2.4500539842952933,-2.014093961043704,685.3527936692662,True,False,True,182.34515986828202,95.93117268016077,-4.4316383415013615e-06,62.294488483637295,122.20279942133051,135.21691109871534,0.007136177667658269,0.3897708110923341,0.6421105148432756,True,1.0,0.007136177667658269,135.21691109871534,hs-SNR,,,,,,,,,,,,,,,,,,,,,,,,,,,
59,426.7878304710981,-0.00276738080618872,-69.83733633786352,306.39319527606136,-372.6207338990321,0.9974093908647788,0.12908461434603755,7.709702885980094,4.360442338850282,-2939.8015876087957,10767.156341007621,0.579435259783503,2.6541661113034043,-0.4874585155135327,968.3372296563316,True,False,True,106.51828691638386,-64.02573481037105,-7.870378888999323e-06,-50.77595969447471,145.53940520171068,6.818183314007938,0.001608701676057159,0.12903978658934473,0.609158357225005,True,1.0,0.001608701676057159,6.818183314007938,hs-SNR,,,,,,,,,,,,,,,,,,,,,,,,,,,
60,373.5021983224776,-0.006865310079100584,-75.1519541330715,311.73799469355407,-148.50152662678408,0.9956501826040098,0.12912224931169666,2.2080025465992272,4.102146908773099,-4016.9607415521837,-82.56786023281165,0.5678152159633205,1.23569178811199,-1.7761755148456218,803.099461187246,True,False,True,135.5427882352154,-71.05577067595631,7.953376824754438e-06,-45.258638221920144,136.35102894814358,19.979758139988547,0.002968820642107301,0.21474182026784008,0.6200966173212548,True,1.0,0.002968820642107301,19.979758139988547,hs-SNR,,,,,,,,,,,0.4136690613568383,0.06558523934039873,0.0,131.34314900205504,0.06558503449537868,-0.21557461782786788,-45.25021201273633,-70.82721730146788,Deflagration,0.002926823993798304,0.4136690613568383,0.4075405748587988,0.5773507900695697,1.0035681433804973,True,138.23465003707472,8.923700277202858
61,524.4799807364361,-0.00031621427953847585,61.38145606980718,-495.31244450835663,1000.4424983230208,0.9706286341551074,0.12907431002382058,12.199314687690153,8.07484352900983,-7367.506084399194,-15280.942331807368,0.7210204369931823,4.395635926757509,-1.2071298065030236,247.6428649232621,True,False,True,192.29504679363214,60.68257862663264,-9.280896293459835e-06,32.9692005915878,118.81884206122416,136.90318568326407,0.008252909342012506,0.4347447265463527,0.6466463238008133,True,1.0,0.008252909342012506,136.90318568326407,hs-SNR,,,,,,,,,,,0.5654899499844341,0.038967755006867416,0.0,178.07466175139234,0.038967691847811105,-0.3300105530509083,33.47245624447682,60.387882707694416,Deflagration,0.0068410032535667804,0.5654899499844341,0.5050910843674128,0.590925793777924,1.048025423532989,True,129.20902533608393,5.2805416306269
62,370.3680016647827,-0.006283529566747785,-74.67828144413022,349.60470658199563,-160.01485736256728,0.9967566457865112,0.1291136746892622,0.6486390340558431,4.639946384455354,-5343.593018380317,-9590.972365111142,0.5907703713389085,0.9354841559231863,-8.168684222240422,924.9615823948782,True,False,True,145.76980479796828,-73.36339756634409,-5.27605350038449e-06,-40.32506455983936,130.72602595338995,135.34841483958698,0.0036766730703190866,0.2503941610431921,0.624698530247711,True,1.0,0.0036766730703190866,135.34841483958698,hs-SNR,,,,,,,,,,,,,,,,,,,,,,,,,,,
63,119.62870751208123,-0.0553338470454699,-195.54394995072784,45.34569970258821,-145.4868438050318,0.9636071974762604,0.1290403754669078,0.4672919107372834,0.23342815305072004,3417.4799369196007,-10534.567288328271,0.3908825504463239,0.15572766985944084,0.09988905624617743,704.8705417586038,True,False,True,166.10482528419698,-183.4288302141967,9.680142558729933e-06,-14.364868487764234,133.73053564433425,35.647277536802775,0.004698836791071715,0.5086053568200704,0.6305535555915202,True,1.0,0.004698836791071715,35.647277536802775,hs-SNR,,,,,,,,,,,0.6290736577640657,0.05773351806285039,0.0,129.30443774104077,0.05773340112900656,0.060659282724620844,-18.268083142088543,-178.55136796728846,Hybrid,0.003312790070573938,0.5773502691896258,0.5284879162543106,0.6293871890951298,1.0914371537832457,True,147.83188185073107,4.1037966751764765
64,508.39765257645377,-0.00030598392647698835,64.81115348513339,-538.6901979601064,936.9726760890824,0.9669183936817626,0.129074283573077,8.009814538373215,8.316346075583573,-9623.021649356955,-26940.047877245874,0.7292858385246276,3.3885113138572325,-2.029577821214637,245.6705552759354,True,False,True,204.63353031354333,64.31268426174844,-3.145592879832312e-06,37.6504197905649,110.12678415542368,129.85493718988803,0.011399972330570595,0.4894364923820126,0.6577717717827183,True,1.0,0.011399972330570595,129.85493718988803,hs-SNR,,,,,,,,,,,0.5773524267035405,0.038445656575134116,0.0,189.2187247186166,0.03844558440226166,-0.4411423802138682,37.84672623834457,64.07051455945242,Hybrid,0.00883600023489287,0.5773502691896258,0.4957125210997688,0.6003240471122979,1.065766378880205,True,121.84494344341712,4.927757352610373
65,517.7418275015572,-0.00028261061471901287,60.99296549470584,-515.9747505116272,913.1999738642434,0.9758216922653801,0.12907426233419406,9.054636207914458,8.46432837427141,-7902.814958665758,-21870.273580367557,0.7397759557810668,3.674380447690516,-1.8490520031051871,272.30987606558034,True,False,True,203.97705175471802,60.57228777342125,1.221256790065185e-06,34.62959682908384,110.85354588637155,130.9162800816363,0.01110401351617749,0.4858676302892809,0.6568094247591002,True,1.0,0.01110401351617749,130.9162800816363,hs-SNR,,,,,,,,,,,0.5783508420302484,0.03846040896743671,0.0,188.50997325051839,0.038460338568825414,-0.3981807692253792,34.90405000435315,60.34081284424079,Hybrid,0.008604688079435555,0.5773502691896258,0.4968484119070617,0.6006447189616269,1.0658267101762056,True,122.75338498858194,4.958063961014617
66,286.24591330712036,-0.00601550632561134,-71.60017277033698,173.24373259962846,-536.8794187155297,0.9959333485470392,0.1290938828566514,4.588205929240505,2.396978851555833,1564.8298334039016,-15604.397523074047,0.4968933508422584,1.546547957569432,-0.18396462538237324,791.5035229398579,True,False,True,108.86966323687979,-61.22992956699428,-8.977751840691794e-06,-36.86486328980163,144.80667601491086,7.556475729664187,0.001557072829761795,0.14593312925926702,0.6086589071050924,True,1.0,0.001557072829761795,7.556475729664187,hs-SNR,,,,,,,,,,,,,,,,,,,,,,,,,,,
67,108.12152417054762,0.02998379926596903,-165.49072723878487,49.37945593063694,-112.71188611675356,0.9636523701192784,0.12904475807991472,0.3889312944149596,0.29547157856308803,3696.200445315923,-8089.247426517077,0.3934916493346219,0.14647808669758788,0.0729272284594922,596.930413583515,True,False,True,152.44847268575722,-145.92771835455974,7.763489086939381e-06,-18.137308928303664,138.25568845754472,20.98634673716336,0.0031475161682069644,0.3651663146249677,0.6213103788863064,True,1.0,0.0031475161682069644,20.98634673716336,hs-SNR,,,,,,,,,,,0.5352088904357569,0.08679687573798911,0.0,144.98801733559333,0.0867967722480084,0.1991137119770802,-18.857664700423495,-144.2072669721225,Deflagration,0.002961386395184377,0.5352088904357569,0.5150221168673069,0.5778019493000537,1.0153557109812537,True,144.14640069548818,6.4917812494665235
68,412.96469676397993,-0.006698857080681178,-72.37681813606169,316.8725308936953,-175.2792991729893,0.9968620665087692,0.12913143090038734,4.823146949730283,4.319866481298881,-3792.393667255608,10814.711747244392,0.5774951289940907,1.9257644843157176,-0.8381440124329915,911.4621865681617,True,False,True,127.24713067304512,-67.3423355771997,-6.9792852511569e-07,-47.30641346868474,140.2088037163177,13.746329495850544,0.002498077084044345,0.18370380737685926,0.6166952292180765,True,1.0,0.002498077084044345,13.746329495850544,hs-SNR,,,,,,,,,,,,,,,,,,,,,,,,,,,
69,105.56442771849709,0.02980845301316545,-158.74544846522843,46.260345016128866,-101.77575821450752,0.9717970485009618,0.1290410963613946,0.36651409736603374,0.2879792251167901,4106.689719255795,-7024.281087524556,0.3971185403414356,0.13962506186097345,0.07247298977636771,654.181821064132,True,False,True,140.52175730968094,-137.09051833619628,2.7046399925181687e-06,-21.51812879679421,142.0943956520359,16.761075102342573,0.0024631441390528326,0.3155252207015098,0.6164294904375431,True,1.0,0.0024631441390528326,16.761075102342573,hs-SNR,,,,,,,,,,,,,,,,,,,,,,,,,,,
70,513.538690962743,0.000675568210158879,93.29541212215277,-639.9972669844535,742.4840368276497,0.990781583168822,0.12907502997050915,7.1856169334884825,6.852604441136623,-22062.34736229856,-6947.63130462877,0.6799762183313199,2.9385049735615576,-1.5046812661603517,682.3359204748854,True,False,True,164.20231866612204,91.94787866711758,8.190312088968234e-07,68.23632071245963,130.13810293368286,138.7500397687717,0.004873829748352421,0.3005655496120537,0.6314824434251449,True,1.0,0.004873829748352421,138.7500397687717,hs-SNR,,,,,,,,,,,,,,,,,,,,,,,,,,,
71,390.80416544839363,-0.006685183158799467,-73.34340887535932,330.78337018650444,-146.51942775154146,0.9967974945114392,0.12912463070443672,2.4892423964177395,4.459313775454562,-4440.068432253444,1105.9790672761446,0.5832698491743059,1.365529561680195,-1.8680170876529183,914.2312795032174,True,False,True,142.45359672934586,-69.87098795713257,-2.9742198057465503e-05,-43.23177552880482,134.6563194911083,25.68584907226308,0.0033790620623774968,0.2346243759890696,0.6228285270531939,True,1.0,0.0033790620623774968,25.68584907226308,hs-SNR,,,,,,,,,,,,,,,,,,,,,,,,,,,
72,460.9605958118509,0.002736630437362155,-150.93887253376258,769.8743901386409,-900.8747660130106,0.962367285447274,0.12908625600269522,4.254926633102508,5.115066153669707,-50112.37340561422,-38599.654443470674,0.5937100643411176,1.9162426838872448,-1.4081847719433158,534.5262430325137,True,False,True,93.2023501520994,-146.0062717852654,6.665481410661331e-06,-139.66663559487824,144.40920922560647,2.468080977751896,0.0012377584242601995,0.08901187188544382,0.6053534543331469,True,1.0,0.0012377584242601995,2.468080977751896,noneSNR,,,,,,,,,,,,,,,,,,,,,,,,,,,
73,526.5626366053647,-0.00029868897715141287,60.1245530683304,-520.3537630536503,984.7143107651848,0.979391259210328,0.1290742885731332,10.25971071549051,8.65987577091871,-7809.711314846629,-21957.05297559424,0.7496685929746543,4.008240307359078,-1.698302974962107,291.55234062215237,True,False,True,206.77105954292236,59.788999212755286,-9.587031030810949e-07,33.446562352947566,109.25304808578863,131.69308573028823,0.011936481665673834,0.5078198861515334,0.6594791530249989,True,1.0,0.011936481665673834,131.69308573028823,hs-SNR,,,,,,,,,,,0.5929803025612748,0.037229638000403915,0.0,189.61072984596515,0.03722957391667349,-0.37782116568301466,33.79481200114975,59.54808027051298,Hybrid,0.008764914005341374,0.5773502691896258,0.49606016026792144,0.6104260408306624,1.0802696353890358,True,122.83869221868078,4.816333139196333
74,444.6594018384079,-0.002088158268470544,-68.54820807906904,325.65510564872613,-381.65200223903315,0.9921800701049752,0.12908064495268168,8.502158927690957,4.728217483219477,-3390.3144259861638,13106.098682323616,0.5921561890676077,2.9135759791259863,-0.528282995234348,544.9051093502923,True,False,True,109.9314389275358,-63.349964090036615,3.262718175289312e-05,-49.77398737147395,145.11466970361462,8.476092470375022,0.0017198965713180665,0.13751557487443095,0.6102058774914374,True,1.0,0.0017198965713180665,8.476092470375022,hs-SNR,,,,,,,,,,,,,,,,,,,,,,,,,,,
75,358.517082115351,-0.005773645011941748,-72.94911384533239,299.49878167590674,-157.2658758477725,0.996976986752492,0.12910513685660086,1.4633150210487331,4.069295814785922,-3195.0073518959925,-4785.090138739819,0.5670988206516436,1.04404472439317,-2.69994537346457,936.0490331383536,True,False,True,134.3350277286848,-69.7636354696105,1.7691499141305454e-05,-42.55912008006807,135.48916260402842,24.171721271028275,0.002915638873792934,0.21511039373413635,0.6197277554916839,True,1.0,0.002915638873792934,24.171721271028275,hs-SNR,,,,,,,,,,,,,,,,,,,,,,,,,,,
76,406.77940076178487,-0.005862920878535589,-69.35237681829608,350.4715748735981,-166.94722106321626,0.9971798794038904,0.12911657682309105,2.4830042670248678,5.002047000753965,-4450.404516859931,-1194.6597652054336,0.6060703233270269,1.4544255668818775,-2.390056923000496,921.4938165884779,True,False,True,153.57592267872246,-66.96099587985171,5.259614054945294e-06,-38.42164847399593,131.0722259567114,42.723082449509796,0.0041731190320138615,0.2704406810668066,0.6276412947308662,True,1.0,0.0041731190320138615,42.723082449509796,hs-SNR,,,,,,,,,,,,,,,,,,,,,,,,,,,
77,383.56939786115606,-0.006135470456656335,-66.82104301811485,297.53730388167287,-156.28854496278478,0.9974121339609912,0.1291149220753572,2.5322737286090677,4.403715548142793,-2224.1152894235397,-622.6848841903267,0.5812548320321931,1.3670210235093991,-1.785440207753228,927.0073126105217,True,False,True,141.34356344879504,-63.423064892375486,-4.225799779607359e-05,-36.730996222475724,134.78942627902566,25.414415464209398,0.003294618994995773,0.2319080261887164,0.6222816503473102,True,1.0,0.003294618994995773,25.414415464209398,hs-SNR,,,,,,,,,,,0.4290020110057596,0.06210460124136806,0.0,136.6650505038704,0.06210442208635676,-0.24433373923197876,-36.74173735588079,-63.19011108653591,Deflagration,0.0032359048299647683,0.4290020110057596,0.42151647922767765,0.5773504780807751,1.0045056803807302,True,136.99960342508555,8.392032056151447
78,296.0817629050698,-0.006291335226863444,-77.59060280329042,188.4300368628569,-470.3816807888045,0.9945872972429362,0.12909760905256693,4.198891176149299,2.4047987280441614,443.5859988437396,-11937.417737944648,0.4965512063994526,1.4505225820446852,-0.2152228722242492,742.7085450465016,True,False,True,105.93368365366224,-67.14205727305946,-9.105786886743001e-05,-44.7882399790771,145.3502989568612,6.9284582339075484,0.0015113837137678133,0.13794555140228412,0.6082095368808421,True,1.0,0.0015113837137678133,6.9284582339075484,hs-SNR,,,,,,,,,,,,,,,,,,,,,,,,,,,
79,401.8562496400182,-0.003065402592549884,-68.85539930787971,298.972830664958,-397.0105609128128,0.9977839062327376,0.12908540042793332,6.035379343424883,4.315667317670871,-2531.022555086831,478.5581421241077,0.5777568345799282,2.2281227221346995,-0.6424064701329077,1032.5383112116576,True,False,True,124.59275097707935,-64.05455523801697,-5.997884491880527e-05,-43.914823672305396,141.12364964124072,13.577898208391217,0.002326971463911729,0.17876229144221736,0.6153737186496228,True,1.0,0.002326971463911729,13.577898208391217,hs-SNR,,,,,,,,,,,,,,,,,,,,,,,,,,,
80,404.6714093736666,-0.005936689807019094,-69.55346945706606,325.98571703440115,-146.7002970448523,0.99625718486168,0.12911715525753512,3.2982995214064235,4.635489079751612,-3634.555295375541,4196.432027978444,0.5903375324609582,1.5971563936435411,-1.4995826390635916,801.6463692956387,True,False,True,143.57673913433246,-66.11016408656664,1.0483478605147607e-06,-40.03628441395573,134.9275580374334,27.228581058677136,0.00343489774354942,0.23705920863693894,0.6231860408673082,True,1.0,0.00343489774354942,27.228581058677136,hs-SNR,,,,,,,,,,,,,,,,,,,,,,,,,,,
81,386.51013762821253,-0.006629933674464852,-67.86943337815137,313.06787456067286,-161.77534881877247,0.9967851301874664,0.12912258865532322,2.2320467480255326,4.559731874365961,-2919.390610309434,-2306.4503702303923,0.5874467532790313,1.31796699940071,-2.1995870121293337,844.3614787017291,True,False,True,145.8230909342168,-64.88762181178362,-1.6027911113740092e-05,-36.941787467116654,133.21410438737678,32.107047885814154,0.0035979420418488744,0.2466677761133101,0.6242121614410925,True,1.0,0.0035979420418488744,32.107047885814154,hs-SNR,,,,,,,,,,,,,,,,,,,,,,,,,,,
